PERIOD,INCLINATION,APOGEE,PERIGEE,LAUNCH_MASS_KG,LAUNCH_YEAR,RCS_SIZE,COUNTRY_GROUPED_CIS,COUNTRY_GROUPED_PRC,COUNTRY_GROUPED_REST,COUNTRY_GROUPED_UK,COUNTRY_GROUPED_US,PURPOSE_GROUPED_COMMUNICATIONS,PURPOSE_GROUPED_EARTH_OBSERVATION,PURPOSE_GROUPED_NAVIGATION,PURPOSE_GROUPED_SCIENCE_TECHNOLOGY,CLASS_OF_ORBIT_ELLIPTICAL,CLASS_OF_ORBIT_GEO,CLASS_OF_ORBIT_LEO,CLASS_OF_ORBIT_MEO,LIFETIME_CLASS
0.0008843951778790176,0.34738903394255877,0.0017632603041542543,0.010549183857204368,0.01295064753237662,0.970588235294116,1.0,0.0,0.0,0.0,0.0,1.0,1.0,0.0,0.0,0.0,0.0,0.0,1.0,0.0,MEDIUM
0.0008958018224776302,0.34627937336814624,0.0017860751324889675,0.01068618624496027,0.01295064753237662,0.941176470588232,1.0,0.0,0.0,0.0,0.0,1.0,1.0,0.0,0.0,0.0,0.0,0.0,1.0,0.0,MEDIUM
0.0013193685585727397,0.64177545691906,0.0026595571315894116,0.01587270521000509,0.006950347517375869,0.705882352941174,0.5,0.0,0.0,1.0,0.0,0.0,0.0,1.0,0.0,0.0,0.0,0.0,1.0,0.0,SHORT
0.0002889683298314934,0.3460835509138382,0.0005377780964610943,0.0028770501428739188,0.01295064753237662,0.941176470588232,1.0,0.0,0.0,0.0,0.0,1.0,1.0,0.0,0.0,0.0,0.0,0.0,1.0,0.0,MEDIUM
0.0019505362263625807,0.5738250652741514,0.003920891212379978,0.02350569538497671,0.007350367518375919,1.0,0.5,0.0,0.0,0.0,1.0,0.0,1.0,0.0,0.0,0.0,0.0,0.0,1.0,0.0,MEDIUM
0.0008958018224776302,0.34634464751958227,0.0017860751324889675,0.01068618624496027,0.01295064753237662,0.941176470588232,1.0,0.0,0.0,0.0,0.0,1.0,1.0,0.0,0.0,0.0,0.0,0.0,1.0,0.0,MEDIUM
0.0008843951778790176,0.34738903394255877,0.0017632603041542543,0.010549183857204368,0.01295064753237662,0.970588235294116,1.0,0.0,0.0,0.0,0.0,1.0,1.0,0.0,0.0,0.0,0.0,0.0,1.0,0.0,MEDIUM
0.10283242194242989,0.000587467362924282,0.11672066176039216,0.6999060555055389,0.2674633731686584,0.647058823529413,1.0,0.0,0.0,1.0,0.0,0.0,1.0,0.0,0.0,0.0,0.0,1.0,0.0,0.0,LONG
0.0008843951778790176,0.34738903394255877,0.0017632603041542543,0.010549183857204368,0.01295064753237662,0.970588235294116,1.0,0.0,0.0,0.0,0.0,1.0,1.0,0.0,0.0,0.0,0.0,0.0,1.0,0.0,MEDIUM
0.10283470327134961,0.0011096605744125329,0.11667177284253206,0.7002192038204095,0.11185559277963898,0.588235294117645,1.0,0.0,0.0,1.0,0.0,0.0,1.0,0.0,0.0,0.0,0.0,1.0,0.0,0.0,LONG
0.0019376086958174873,0.5737597911227155,0.0038948171228545916,0.023329549457861982,0.007350367518375919,1.0,1.0,0.0,0.0,0.0,1.0,0.0,1.0,0.0,0.0,0.0,0.0,0.0,1.0,0.0,MEDIUM
0.0012615748926064416,0.5639033942558748,0.0025389644675344993,0.015187693271225586,0.04295214760738037,0.852941176470587,1.0,0.0,0.0,0.0,0.0,1.0,1.0,0.0,0.0,0.0,0.0,0.0,1.0,0.0,LONG
0.10282938017053693,0.028067885117493474,0.11689014334230717,0.6988491799428505,0.0712035601780089,0.794117647058826,1.0,0.0,0.0,1.0,0.0,0.0,0.0,0.0,1.0,0.0,0.0,1.0,0.0,0.0,LONG
0.0006235632380574337,0.6356396866840731,0.0012320007300745067,0.007202411242024504,0.00025001250062503126,1.0,0.5,0.0,0.0,0.0,0.0,1.0,0.0,1.0,0.0,0.0,0.0,0.0,1.0,0.0,SHORT
0.0008843951778790176,0.34738903394255877,0.0017632603041542543,0.010549183857204368,0.01295064753237662,0.970588235294116,1.0,0.0,0.0,0.0,0.0,1.0,1.0,0.0,0.0,0.0,0.0,0.0,1.0,0.0,MEDIUM
0.0009353448570861497,0.4569190600522194,0.0018708159234464732,0.011155908717266216,0.014450722536126805,1.0,1.0,0.0,0.0,0.0,0.0,1.0,1.0,0.0,0.0,0.0,0.0,0.0,1.0,0.0,MEDIUM
0.0009345844141129085,0.4569190600522194,0.0018708159234464732,0.011155908717266216,0.01295064753237662,0.941176470588232,1.0,0.0,0.0,0.0,0.0,1.0,1.0,0.0,0.0,0.0,0.0,0.0,1.0,0.0,MEDIUM
0.0008843951778790176,0.34738903394255877,0.0017632603041542543,0.010549183857204368,0.01295064753237662,0.970588235294116,1.0,0.0,0.0,0.0,0.0,1.0,1.0,0.0,0.0,0.0,0.0,0.0,1.0,0.0,MEDIUM
0.10283470327134961,6.527415143603134e-05,0.11667177284253206,0.7002192038204095,0.17745887294364715,0.823529411764703,1.0,0.0,0.0,1.0,0.0,0.0,1.0,0.0,0.0,0.0,0.0,1.0,0.0,0.0,LONG
0.0009353448570861497,0.4569190600522194,0.0018708159234464732,0.011155908717266216,0.014450722536126805,1.0,1.0,0.0,0.0,0.0,0.0,1.0,1.0,0.0,0.0,0.0,0.0,0.0,1.0,0.0,MEDIUM
0.0012030207836669013,0.29379895561357705,0.002424890325860934,0.014443966023407837,0.0022001100055002746,0.235294117647058,0.5,0.0,0.0,1.0,0.0,0.0,1.0,0.0,0.0,0.0,0.0,0.0,1.0,0.0,MEDIUM
0.0012516891339543106,0.2938642297650131,0.002525927422771806,0.015011547344110854,0.0022001100055002746,0.29411764705882604,0.5,0.0,0.0,1.0,0.0,0.0,1.0,0.0,0.0,0.0,0.0,0.0,1.0,0.0,MEDIUM
0.3788245528785427,0.4105744125326371,0.5769739715401313,0.11005206090734725,0.0679533976698835,0.764705882352942,1.0,0.0,0.0,0.0,0.0,1.0,0.0,0.0,0.0,1.0,1.0,0.0,0.0,0.0,SHORT
0.0009353448570861497,0.4569190600522194,0.0018708159234464732,0.011155908717266216,0.014450722536126805,1.0,1.0,0.0,0.0,0.0,0.0,1.0,1.0,0.0,0.0,0.0,0.0,0.0,1.0,0.0,MEDIUM
0.0008958018224776302,0.34627937336814624,0.0017860751324889675,0.01068618624496027,0.01295064753237662,0.941176470588232,1.0,0.0,0.0,0.0,0.0,1.0,1.0,0.0,0.0,0.0,0.0,0.0,1.0,0.0,MEDIUM
0.0009353448570861497,0.4569190600522194,0.0018708159234464732,0.011155908717266216,0.014450722536126805,1.0,1.0,0.0,0.0,0.0,0.0,1.0,1.0,0.0,0.0,0.0,0.0,0.0,1.0,0.0,MEDIUM
0.0008843951778790176,0.34738903394255877,0.0017632603041542543,0.010549183857204368,0.01295064753237662,0.970588235294116,1.0,0.0,0.0,0.0,0.0,1.0,1.0,0.0,0.0,0.0,0.0,0.0,1.0,0.0,MEDIUM
0.10420578195210274,0.04738903394255875,0.11785488465474647,0.7068931772810898,0.1249562478123906,0.382352941176471,1.0,0.0,0.0,1.0,0.0,0.0,1.0,0.0,0.0,0.0,0.0,1.0,0.0,0.0,LONG
0.0008843951778790176,0.34738903394255877,0.0017632603041542543,0.010549183857204368,0.01295064753237662,0.970588235294116,1.0,0.0,0.0,0.0,0.0,1.0,1.0,0.0,0.0,0.0,0.0,0.0,1.0,0.0,MEDIUM
0.0008843951778790176,0.34738903394255877,0.0017632603041542543,0.010549183857204368,0.01295064753237662,0.970588235294116,1.0,0.0,0.0,0.0,0.0,1.0,1.0,0.0,0.0,0.0,0.0,0.0,1.0,0.0,MEDIUM
0.0006882008907828988,0.34725848563968675,0.0013591119165107654,0.008063569107918738,0.01295064753237662,0.970588235294116,1.0,0.0,0.0,0.0,0.0,1.0,1.0,0.0,0.0,0.0,0.0,0.0,1.0,0.0,MEDIUM
0.0019832352742119343,0.5736292428198434,0.003986076436193444,0.023877559008885586,0.007350367518375919,0.911764705882355,1.0,0.0,0.0,0.0,1.0,0.0,1.0,0.0,0.0,0.0,0.0,0.0,1.0,0.0,MEDIUM
0.0008843951778790176,0.34738903394255877,0.0017632603041542543,0.010549183857204368,0.01295064753237662,0.970588235294116,1.0,0.0,0.0,0.0,0.0,1.0,1.0,0.0,0.0,0.0,0.0,0.0,1.0,0.0,MEDIUM
0.10283546371432285,6.527415143603134e-05,0.11666199505896004,0.7002779191294477,0.08995449772488624,0.794117647058826,1.0,0.0,0.0,1.0,0.0,0.0,1.0,0.0,0.0,0.0,0.0,1.0,0.0,0.0,LONG
0.0008958018224776302,0.34634464751958227,0.0017860751324889675,0.01068618624496027,0.01295064753237662,0.941176470588232,1.0,0.0,0.0,0.0,0.0,1.0,1.0,0.0,0.0,0.0,0.0,0.0,1.0,0.0,MEDIUM
0.0009148128968086491,0.28067885117493474,0.001825186266777047,0.010921047481113243,0.014450722536126805,1.0,1.0,0.0,0.0,0.0,0.0,1.0,1.0,0.0,0.0,0.0,0.0,0.0,1.0,0.0,MEDIUM
0.0019376086958174873,0.5737597911227155,0.0038948171228545916,0.023329549457861982,0.007350367518375919,0.941176470588232,1.0,0.0,0.0,0.0,1.0,0.0,1.0,0.0,0.0,0.0,0.0,0.0,1.0,0.0,MEDIUM
0.002301860879999817,0.3393603133159269,0.0046085953236120435,0.027654910557012566,0.03495174758737937,0.647058823529413,1.0,0.0,0.0,1.0,0.0,0.0,1.0,0.0,0.0,0.0,0.0,0.0,1.0,0.0,LONG
0.0003231882636273286,0.6351827676240209,0.0006062225814652335,0.0033663443848592793,0.00015000750037501875,0.941176470588232,0.5,0.0,0.0,0.0,0.0,1.0,0.0,1.0,0.0,0.0,0.0,0.0,1.0,0.0,SHORT
0.00027375947036667805,0.635509138381201,0.0005117040069357078,0.00266176067640036,5.000250012500625e-05,0.970588235294116,0.0,0.0,0.0,0.0,0.0,1.0,1.0,0.0,0.0,0.0,0.0,0.0,1.0,0.0,SHORT
0.0012136669852922718,0.5642297650130549,0.0024411866318143007,0.014600540180843153,0.04295214760738037,0.823529411764703,1.0,0.0,0.0,0.0,0.0,1.0,1.0,0.0,0.0,0.0,0.0,0.0,1.0,0.0,LONG
0.0009201359976213344,0.6357049608355092,0.0018708159234464732,0.010803616863036757,0.0008500425021251062,0.823529411764703,0.5,0.0,0.0,1.0,0.0,0.0,0.0,0.0,0.0,1.0,0.0,0.0,1.0,0.0,SHORT
0.00027223858442019643,0.3460835509138382,0.0004758521338383016,0.0028183348338356755,0.01295064753237662,0.941176470588232,1.0,0.0,0.0,0.0,0.0,1.0,1.0,0.0,0.0,0.0,0.0,0.0,1.0,0.0,MEDIUM
0.0008958018224776302,0.34634464751958227,0.0017860751324889675,0.010705758014639685,0.01295064753237662,0.911764705882355,1.0,0.0,0.0,0.0,0.0,1.0,1.0,0.0,0.0,0.0,0.0,0.0,1.0,0.0,MEDIUM
0.0008843951778790176,0.34738903394255877,0.0017632603041542543,0.010549183857204368,0.01295064753237662,0.970588235294116,1.0,0.0,0.0,0.0,0.0,1.0,1.0,0.0,0.0,0.0,0.0,0.0,1.0,0.0,MEDIUM
0.0019832352742119343,0.5736292428198434,0.003989335697384118,0.023877559008885586,0.007350367518375919,0.970588235294116,1.0,0.0,0.0,0.0,1.0,0.0,1.0,0.0,0.0,0.0,0.0,0.0,1.0,0.0,MEDIUM
0.0019832352742119343,0.5736292428198434,0.003986076436193444,0.023877559008885586,0.007350367518375919,0.911764705882355,1.0,0.0,0.0,0.0,1.0,0.0,1.0,0.0,0.0,0.0,0.0,0.0,1.0,0.0,MEDIUM
0.0008958018224776302,0.34627937336814624,0.0017860751324889675,0.01068618624496027,0.01295064753237662,0.941176470588232,1.0,0.0,0.0,0.0,0.0,1.0,1.0,0.0,0.0,0.0,0.0,0.0,1.0,0.0,MEDIUM
0.0009353448570861497,0.4569190600522194,0.0018708159234464732,0.011155908717266216,0.014450722536126805,1.0,1.0,0.0,0.0,0.0,0.0,1.0,1.0,0.0,0.0,0.0,0.0,0.0,1.0,0.0,MEDIUM
0.0009148128968086491,0.2807441253263708,0.001825186266777047,0.010921047481113243,0.014450722536126805,1.0,1.0,0.0,0.0,0.0,0.0,1.0,1.0,0.0,0.0,0.0,0.0,0.0,1.0,0.0,MEDIUM
0.0008958018224776302,0.34634464751958227,0.0017860751324889675,0.01068618624496027,0.01295064753237662,0.941176470588232,1.0,0.0,0.0,0.0,0.0,1.0,1.0,0.0,0.0,0.0,0.0,0.0,1.0,0.0,MEDIUM
0.0008958018224776302,0.34627937336814624,0.0017860751324889675,0.01068618624496027,0.01295064753237662,0.941176470588232,1.0,0.0,0.0,0.0,0.0,1.0,1.0,0.0,0.0,0.0,0.0,0.0,1.0,0.0,MEDIUM
0.0019763912874527674,0.5736292428198434,0.003973039391430751,0.023799271930167926,0.007350367518375919,0.911764705882355,1.0,0.0,0.0,0.0,1.0,0.0,1.0,0.0,0.0,0.0,0.0,0.0,1.0,0.0,MEDIUM
0.0008843951778790176,0.34738903394255877,0.0017632603041542543,0.010549183857204368,0.01295064753237662,0.970588235294116,1.0,0.0,0.0,0.0,0.0,1.0,1.0,0.0,0.0,0.0,0.0,0.0,1.0,0.0,MEDIUM
0.10283850548621583,6.527415143603134e-05,0.11665873579776936,0.7003366344384859,0.2649632481624081,0.852941176470587,1.0,0.0,0.0,1.0,0.0,0.0,1.0,0.0,0.0,0.0,0.0,1.0,0.0,0.0,LONG
0.001963463756907674,0.5737597911227155,0.003946965301905365,0.02364269777273261,0.007350367518375919,0.941176470588232,0.5,0.0,0.0,0.0,1.0,0.0,1.0,0.0,0.0,0.0,0.0,0.0,1.0,0.0,MEDIUM
0.0009353448570861497,0.4569190600522194,0.0018708159234464732,0.011155908717266216,0.014450722536126805,1.0,1.0,0.0,0.0,0.0,0.0,1.0,1.0,0.0,0.0,0.0,0.0,0.0,1.0,0.0,MEDIUM
0.0009353448570861497,0.4569190600522194,0.0018708159234464732,0.011155908717266216,0.014450722536126805,1.0,1.0,0.0,0.0,0.0,0.0,1.0,1.0,0.0,0.0,0.0,0.0,0.0,1.0,0.0,MEDIUM
0.0003201464917343645,0.34614882506527417,0.000589926275511867,0.0033663443848592793,0.01295064753237662,0.941176470588232,1.0,0.0,0.0,0.0,0.0,1.0,1.0,0.0,0.0,0.0,0.0,0.0,1.0,0.0,MEDIUM
0.0008958018224776302,0.34627937336814624,0.0017860751324889675,0.010705758014639685,0.01295064753237662,0.911764705882355,1.0,0.0,0.0,0.0,0.0,1.0,1.0,0.0,0.0,0.0,0.0,0.0,1.0,0.0,MEDIUM
0.0009148128968086491,0.28067885117493474,0.001825186266777047,0.010921047481113243,0.01295064753237662,0.970588235294116,1.0,0.0,0.0,0.0,0.0,1.0,1.0,0.0,0.0,0.0,0.0,0.0,1.0,0.0,MEDIUM
0.0008843951778790176,0.34738903394255877,0.0017632603041542543,0.010549183857204368,0.01295064753237662,0.970588235294116,1.0,0.0,0.0,0.0,0.0,1.0,1.0,0.0,0.0,0.0,0.0,0.0,1.0,0.0,MEDIUM
0.0008843951778790176,0.34738903394255877,0.0017632603041542543,0.010549183857204368,0.01295064753237662,0.970588235294116,1.0,0.0,0.0,0.0,0.0,1.0,1.0,0.0,0.0,0.0,0.0,0.0,1.0,0.0,MEDIUM
0.0008843951778790176,0.34738903394255877,0.0017632603041542543,0.010549183857204368,0.01295064753237662,0.970588235294116,1.0,0.0,0.0,0.0,0.0,1.0,1.0,0.0,0.0,0.0,0.0,0.0,1.0,0.0,MEDIUM
0.0010205144700891162,0.6389033942558747,0.002043556766552158,0.012232356049634008,0.14995749787489374,0.970588235294116,1.0,0.0,1.0,0.0,0.0,0.0,0.0,1.0,0.0,0.0,0.0,0.0,1.0,0.0,LONG
0.0008843951778790176,0.34738903394255877,0.0017632603041542543,0.010549183857204368,0.01295064753237662,0.970588235294116,1.0,0.0,0.0,0.0,0.0,1.0,1.0,0.0,0.0,0.0,0.0,0.0,1.0,0.0,MEDIUM
0.0009353448570861497,0.4569190600522194,0.0018708159234464732,0.011155908717266216,0.014450722536126805,1.0,1.0,0.0,0.0,0.0,0.0,1.0,1.0,0.0,0.0,0.0,0.0,0.0,1.0,0.0,MEDIUM
0.0008843951778790176,0.34738903394255877,0.0017632603041542543,0.010549183857204368,0.01295064753237662,0.970588235294116,1.0,0.0,0.0,0.0,0.0,1.0,1.0,0.0,0.0,0.0,0.0,0.0,1.0,0.0,MEDIUM
0.0009353448570861497,0.4569190600522194,0.0018708159234464732,0.011155908717266216,0.01295064753237662,0.941176470588232,1.0,0.0,0.0,0.0,0.0,1.0,1.0,0.0,0.0,0.0,0.0,0.0,1.0,0.0,MEDIUM
0.0008958018224776302,0.34627937336814624,0.0017860751324889675,0.01068618624496027,0.01295064753237662,0.941176470588232,1.0,0.0,0.0,0.0,0.0,1.0,1.0,0.0,0.0,0.0,0.0,0.0,1.0,0.0,MEDIUM
0.05786134539091713,0.360378590078329,0.0757028596757687,0.45439777664696446,0.035701785089254465,0.823529411764703,1.0,0.0,0.0,1.0,0.0,0.0,0.0,0.0,1.0,0.0,0.0,0.0,0.0,1.0,LONG
0.0008843951778790176,0.34738903394255877,0.0017632603041542543,0.010549183857204368,0.01295064753237662,0.970588235294116,1.0,0.0,0.0,0.0,0.0,1.0,1.0,0.0,0.0,0.0,0.0,0.0,1.0,0.0,MEDIUM
0.0008958018224776302,0.34634464751958227,0.0017860751324889675,0.01068618624496027,0.01295064753237662,0.941176470588232,1.0,0.0,0.0,0.0,0.0,1.0,1.0,0.0,0.0,0.0,0.0,0.0,1.0,0.0,MEDIUM
0.0008843951778790176,0.34738903394255877,0.0017632603041542543,0.010549183857204368,0.01295064753237662,0.970588235294116,1.0,0.0,0.0,0.0,0.0,1.0,1.0,0.0,0.0,0.0,0.0,0.0,1.0,0.0,MEDIUM
0.0008958018224776302,0.34634464751958227,0.0017860751324889675,0.01068618624496027,0.01295064753237662,0.911764705882355,1.0,0.0,0.0,0.0,0.0,1.0,1.0,0.0,0.0,0.0,0.0,0.0,1.0,0.0,MEDIUM
0.0013003574842417199,0.6432114882506529,0.002640001564445372,0.015539985125455045,0.11110555527776389,0.264705882352942,1.0,0.0,0.0,0.0,0.0,1.0,0.0,1.0,0.0,0.0,0.0,0.0,1.0,0.0,SHORT
0.0008843951778790176,0.34738903394255877,0.001760001042963581,0.010549183857204368,0.01295064753237662,0.970588235294116,1.0,0.0,0.0,0.0,0.0,1.0,1.0,0.0,0.0,0.0,0.0,0.0,1.0,0.0,MEDIUM
0.0006015103918334506,0.6352480417754569,0.001179852551023734,0.006967550005871531,0.00015000750037501875,0.941176470588232,0.5,0.0,0.0,0.0,0.0,1.0,0.0,1.0,0.0,0.0,0.0,0.0,1.0,0.0,SHORT
0.0019109931917540603,0.5739556135770236,0.0038426689438038186,0.023035972912670764,0.007350367518375919,0.970588235294116,1.0,0.0,0.0,0.0,1.0,0.0,1.0,0.0,0.0,0.0,0.0,0.0,1.0,0.0,MEDIUM
0.10283546371432285,0.000195822454308094,0.11665873579776936,0.7002974908991272,0.18395919795989799,0.823529411764703,1.0,0.0,0.0,1.0,0.0,0.0,1.0,0.0,0.0,0.0,0.0,1.0,0.0,0.0,LONG
0.0013687973518333903,0.6463446475195823,0.0027671127508816303,0.016440286530708108,0.05765288264413221,0.41176470588235503,1.0,0.0,0.0,0.0,0.0,1.0,0.0,1.0,0.0,0.0,0.0,0.0,1.0,0.0,MEDIUM
0.0008843951778790176,0.34738903394255877,0.001760001042963581,0.010549183857204368,0.01295064753237662,0.970588235294116,1.0,0.0,0.0,0.0,0.0,1.0,1.0,0.0,0.0,0.0,0.0,0.0,1.0,0.0,MEDIUM
0.0019832352742119343,0.5736292428198434,0.003986076436193444,0.023877559008885586,0.007350367518375919,0.911764705882355,1.0,0.0,0.0,0.0,1.0,0.0,1.0,0.0,0.0,0.0,0.0,0.0,1.0,0.0,MEDIUM
0.0009148128968086491,0.28067885117493474,0.001825186266777047,0.010921047481113243,0.014450722536126805,1.0,1.0,0.0,0.0,0.0,0.0,1.0,1.0,0.0,0.0,0.0,0.0,0.0,1.0,0.0,MEDIUM
0.0008843951778790176,0.34738903394255877,0.001760001042963581,0.010549183857204368,0.01295064753237662,0.970588235294116,1.0,0.0,0.0,0.0,0.0,1.0,1.0,0.0,0.0,0.0,0.0,0.0,1.0,0.0,MEDIUM
0.0002851661149652898,0.34614882506527417,0.0005084447457450346,0.0029553372215915764,0.01295064753237662,0.941176470588232,1.0,0.0,0.0,0.0,0.0,1.0,1.0,0.0,0.0,0.0,0.0,0.0,1.0,0.0,MEDIUM
0.0009148128968086491,0.28067885117493474,0.001825186266777047,0.010921047481113243,0.014450722536126805,1.0,1.0,0.0,0.0,0.0,0.0,1.0,1.0,0.0,0.0,0.0,0.0,0.0,1.0,0.0,MEDIUM
0.001963463756907674,0.5737597911227155,0.003946965301905365,0.02364269777273261,0.007350367518375919,0.941176470588232,1.0,0.0,0.0,0.0,1.0,0.0,1.0,0.0,0.0,0.0,0.0,0.0,1.0,0.0,MEDIUM
0.0008958018224776302,0.34634464751958227,0.0017860751324889675,0.01068618624496027,0.01295064753237662,0.941176470588232,1.0,0.0,0.0,0.0,0.0,1.0,1.0,0.0,0.0,0.0,0.0,0.0,1.0,0.0,MEDIUM
0.0002729990273934377,0.6351174934725848,0.0005149632681263811,0.0026226171370415316,5.000250012500625e-05,0.941176470588232,0.0,0.0,0.0,0.0,0.0,1.0,1.0,0.0,0.0,0.0,0.0,0.0,1.0,0.0,SHORT
0.0008843951778790176,0.34738903394255877,0.0017632603041542543,0.010549183857204368,0.01295064753237662,0.941176470588232,1.0,0.0,0.0,0.0,0.0,1.0,1.0,0.0,0.0,0.0,0.0,0.0,1.0,0.0,MEDIUM
0.0008843951778790176,0.34738903394255877,0.0017632603041542543,0.010549183857204368,0.01295064753237662,0.970588235294116,1.0,0.0,0.0,0.0,0.0,1.0,1.0,0.0,0.0,0.0,0.0,0.0,1.0,0.0,MEDIUM
0.0008958018224776302,0.34627937336814624,0.0017860751324889675,0.01068618624496027,0.01295064753237662,0.941176470588232,1.0,0.0,0.0,0.0,0.0,1.0,1.0,0.0,0.0,0.0,0.0,0.0,1.0,0.0,MEDIUM
0.0009155733397818895,0.6389033942558747,0.0018708159234464732,0.01068618624496027,0.01295064753237662,0.5588235294117609,1.0,0.0,1.0,0.0,0.0,0.0,0.0,0.0,0.0,1.0,0.0,0.0,1.0,0.0,SHORT
0.10283546371432285,0.010574412532637077,0.11668480988729475,0.7001409167416918,0.2049602480124006,0.5588235294117609,1.0,0.0,0.0,1.0,0.0,0.0,1.0,0.0,0.0,0.0,0.0,1.0,0.0,0.0,LONG
0.0024927320662832507,0.3391644908616188,0.004983410360539473,0.029866520530786395,0.022451122556127804,0.529411764705884,1.0,0.0,0.0,1.0,0.0,0.0,1.0,0.0,0.0,0.0,0.0,0.0,1.0,0.0,LONG
0.000321667377680847,0.3462140992167102,0.0005866670143211937,0.003444631463576937,0.01295064753237662,0.941176470588232,1.0,0.0,0.0,0.0,0.0,1.0,1.0,0.0,0.0,0.0,0.0,0.0,1.0,0.0,MEDIUM
0.0009148128968086491,0.28067885117493474,0.001825186266777047,0.010921047481113243,0.014450722536126805,1.0,1.0,0.0,0.0,0.0,0.0,1.0,1.0,0.0,0.0,0.0,0.0,0.0,1.0,0.0,MEDIUM
0.0008958018224776302,0.34627937336814624,0.0017860751324889675,0.01068618624496027,0.01295064753237662,0.941176470588232,1.0,0.0,0.0,0.0,0.0,1.0,1.0,0.0,0.0,0.0,0.0,0.0,1.0,0.0,MEDIUM
0.0008843951778790176,0.34738903394255877,0.0017632603041542543,0.010549183857204368,0.01295064753237662,0.970588235294116,1.0,0.0,0.0,0.0,0.0,1.0,1.0,0.0,0.0,0.0,0.0,0.0,1.0,0.0,MEDIUM
0.0008752698622001278,0.34738903394255877,0.0017437047370102146,0.010451325008807296,0.01295064753237662,0.970588235294116,1.0,0.0,0.0,0.0,0.0,1.0,1.0,0.0,0.0,0.0,0.0,0.0,1.0,0.0,MEDIUM
0.0008843951778790176,0.34738903394255877,0.0017632603041542543,0.010529612087524955,0.01295064753237662,0.970588235294116,1.0,0.0,0.0,0.0,0.0,1.0,1.0,0.0,0.0,0.0,0.0,0.0,1.0,0.0,MEDIUM
0.0007650056310802168,0.6364229765013055,0.0015220749760444304,0.009003014052530631,0.002450122506125306,1.0,0.5,0.0,1.0,0.0,0.0,0.0,0.0,0.0,0.0,1.0,0.0,0.0,1.0,0.0,SHORT
0.0002889683298314934,0.6351174934725848,0.0005377780964610943,0.0028770501428739188,0.00015000750037501875,0.911764705882355,0.5,0.0,0.0,0.0,0.0,1.0,0.0,1.0,0.0,0.0,0.0,0.0,1.0,0.0,SHORT
0.10283242194242989,0.000587467362924282,0.11672392102158283,0.69986691196618,0.27996399819991,0.588235294117645,1.0,0.0,0.0,1.0,0.0,0.0,1.0,0.0,0.0,0.0,0.0,1.0,0.0,0.0,LONG
0.0009148128968086491,0.28067885117493474,0.0018284455279677203,0.010921047481113243,0.014450722536126805,1.0,1.0,0.0,0.0,0.0,0.0,1.0,1.0,0.0,0.0,0.0,0.0,0.0,1.0,0.0,MEDIUM
0.0009353448570861497,0.4569190600522194,0.0018740751846371465,0.0111363369475868,0.014450722536126805,1.0,1.0,0.0,0.0,0.0,0.0,1.0,1.0,0.0,0.0,0.0,0.0,0.0,1.0,0.0,MEDIUM
0.0007262230394449376,0.34719321148825066,0.0014405934462775978,0.008533291580224684,0.01295064753237662,0.970588235294116,1.0,0.0,0.0,0.0,0.0,1.0,1.0,0.0,0.0,0.0,0.0,0.0,1.0,0.0,MEDIUM
0.0009148128968086491,0.2807441253263708,0.001825186266777047,0.010921047481113243,0.014450722536126805,1.0,1.0,0.0,0.0,0.0,0.0,1.0,1.0,0.0,0.0,0.0,0.0,0.0,1.0,0.0,MEDIUM
0.00034448066687807043,0.4568537859007833,0.0006453337157533131,0.0036599209300504955,0.014450722536126805,1.0,1.0,0.0,0.0,0.0,0.0,1.0,1.0,0.0,0.0,0.0,0.0,0.0,1.0,0.0,MEDIUM
0.0008843951778790176,0.34738903394255877,0.0017632603041542543,0.010549183857204368,0.01295064753237662,0.970588235294116,1.0,0.0,0.0,0.0,0.0,1.0,1.0,0.0,0.0,0.0,0.0,0.0,1.0,0.0,MEDIUM
0.0005642486861446531,0.6356396866840731,0.001104889543638248,0.006458683994206757,0.0,0.970588235294116,0.0,0.0,0.0,0.0,0.0,1.0,0.0,0.0,0.0,1.0,0.0,0.0,1.0,0.0,SHORT
0.0008958018224776302,0.34627937336814624,0.0017860751324889675,0.01068618624496027,0.01295064753237662,0.911764705882355,1.0,0.0,0.0,0.0,0.0,1.0,1.0,0.0,0.0,0.0,0.0,0.0,1.0,0.0,MEDIUM
0.0019505362263625807,0.5738250652741514,0.003920891212379978,0.023486123615297297,0.007350367518375919,0.941176470588232,1.0,0.0,0.0,0.0,1.0,0.0,1.0,0.0,0.0,0.0,0.0,0.0,1.0,0.0,MEDIUM
0.0019832352742119343,0.5736292428198434,0.003986076436193444,0.023877559008885586,0.007350367518375919,0.970588235294116,0.5,0.0,0.0,0.0,1.0,0.0,1.0,0.0,0.0,0.0,0.0,0.0,1.0,0.0,MEDIUM
0.001111007183904768,0.6411879895561359,0.002261927266327269,0.013152229224566487,0.00825041252062603,0.470588235294116,0.5,0.0,1.0,0.0,0.0,0.0,0.0,1.0,0.0,0.0,0.0,0.0,1.0,0.0,MEDIUM
0.0009353448570861497,0.4569190600522194,0.0018708159234464732,0.011155908717266216,0.014450722536126805,1.0,1.0,0.0,0.0,0.0,0.0,1.0,1.0,0.0,0.0,0.0,0.0,0.0,1.0,0.0,MEDIUM
0.10416852024641395,0.028655352480417756,0.1178027364756957,0.7068344619720516,0.2996149807490375,0.470588235294116,1.0,0.0,0.0,0.0,0.0,1.0,1.0,0.0,0.0,0.0,0.0,1.0,0.0,0.0,LONG
0.0009148128968086491,0.2807441253263708,0.001825186266777047,0.010921047481113243,0.014450722536126805,1.0,1.0,0.0,0.0,0.0,0.0,1.0,1.0,0.0,0.0,0.0,0.0,0.0,1.0,0.0,MEDIUM
0.0008958018224776302,0.34627937336814624,0.0017860751324889675,0.01068618624496027,0.01295064753237662,0.941176470588232,1.0,0.0,0.0,0.0,0.0,1.0,1.0,0.0,0.0,0.0,0.0,0.0,1.0,0.0,MEDIUM
0.0008843951778790176,0.34738903394255877,0.001760001042963581,0.010549183857204368,0.01295064753237662,0.970588235294116,1.0,0.0,0.0,0.0,0.0,1.0,1.0,0.0,0.0,0.0,0.0,0.0,1.0,0.0,MEDIUM
0.0012037812266401425,0.29379895561357705,0.002428149587051607,0.014443966023407837,0.0022001100055002746,0.235294117647058,0.5,0.0,0.0,1.0,0.0,0.0,1.0,0.0,0.0,0.0,0.0,0.0,1.0,0.0,MEDIUM
0.0008266015119127194,0.34627937336814624,0.0016426676400993425,0.009825028379066035,0.01295064753237662,0.911764705882355,1.0,0.0,0.0,0.0,0.0,1.0,1.0,0.0,0.0,0.0,0.0,0.0,1.0,0.0,MEDIUM
0.0008958018224776302,0.34627937336814624,0.0017860751324889675,0.01068618624496027,0.01295064753237662,0.941176470588232,1.0,0.0,0.0,0.0,0.0,1.0,1.0,0.0,0.0,0.0,0.0,0.0,1.0,0.0,MEDIUM
0.0003148233909216801,0.3462140992167102,0.000567111447177154,0.0033467726151798645,0.01295064753237662,0.941176470588232,1.0,0.0,0.0,0.0,0.0,1.0,1.0,0.0,0.0,0.0,0.0,0.0,1.0,0.0,MEDIUM
0.10419285442155764,0.06187989556135771,0.11781251425926771,0.7070301796688457,0.13645682284114205,0.235294117647058,1.0,0.0,0.0,0.0,0.0,1.0,1.0,0.0,0.0,0.0,0.0,1.0,0.0,0.0,LONG
0.0008843951778790176,0.34732375979112273,0.001760001042963581,0.010549183857204368,0.01295064753237662,0.970588235294116,1.0,0.0,0.0,0.0,0.0,1.0,1.0,0.0,0.0,0.0,0.0,0.0,1.0,0.0,MEDIUM
0.0008958018224776302,0.34627937336814624,0.0017860751324889675,0.01068618624496027,0.01295064753237662,0.941176470588232,1.0,0.0,0.0,0.0,0.0,1.0,1.0,0.0,0.0,0.0,0.0,0.0,1.0,0.0,MEDIUM
0.0008843951778790176,0.34738903394255877,0.0017632603041542543,0.010549183857204368,0.01295064753237662,0.970588235294116,1.0,0.0,0.0,0.0,0.0,1.0,1.0,0.0,0.0,0.0,0.0,0.0,1.0,0.0,MEDIUM
0.0008843951778790176,0.34738903394255877,0.001760001042963581,0.010549183857204368,0.01295064753237662,0.970588235294116,1.0,0.0,0.0,0.0,0.0,1.0,1.0,0.0,0.0,0.0,0.0,0.0,1.0,0.0,MEDIUM
0.0008958018224776302,0.34634464751958227,0.0017860751324889675,0.01068618624496027,0.01295064753237662,0.970588235294116,1.0,0.0,0.0,0.0,0.0,1.0,1.0,0.0,0.0,0.0,0.0,0.0,1.0,0.0,MEDIUM
0.0008958018224776302,0.34627937336814624,0.0017860751324889675,0.01068618624496027,0.01295064753237662,0.941176470588232,1.0,0.0,0.0,0.0,0.0,1.0,1.0,0.0,0.0,0.0,0.0,0.0,1.0,0.0,MEDIUM
0.0003034167463230675,0.6342689295039166,0.000557333663605134,0.003131483148706306,0.009950497524876244,0.882352941176471,0.5,0.0,0.0,1.0,0.0,0.0,0.0,0.0,0.0,1.0,0.0,0.0,1.0,0.0,SHORT
0.0003315531363329771,0.34614882506527417,0.0006094818426559068,0.003542490311974009,0.01295064753237662,0.941176470588232,1.0,0.0,0.0,0.0,0.0,1.0,1.0,0.0,0.0,0.0,0.0,0.0,1.0,0.0,MEDIUM
0.0019239207222991536,0.5739556135770236,0.0038687430333292053,0.023172975300426665,0.007350367518375919,0.970588235294116,0.5,0.0,0.0,0.0,1.0,0.0,1.0,0.0,0.0,0.0,0.0,0.0,1.0,0.0,MEDIUM
0.0009338239711396681,0.6362924281984335,0.001880593707018493,0.011077621638548559,0.004950247512375619,0.852941176470587,0.5,0.0,0.0,1.0,0.0,0.0,0.0,1.0,0.0,0.0,0.0,0.0,1.0,0.0,MEDIUM
0.0008843951778790176,0.34738903394255877,0.0017632603041542543,0.010549183857204368,0.01295064753237662,0.970588235294116,1.0,0.0,0.0,0.0,0.0,1.0,1.0,0.0,0.0,0.0,0.0,0.0,1.0,0.0,MEDIUM
0.0009148128968086491,0.28067885117493474,0.001825186266777047,0.010921047481113243,0.014450722536126805,1.0,1.0,0.0,0.0,0.0,0.0,1.0,1.0,0.0,0.0,0.0,0.0,0.0,1.0,0.0,MEDIUM
0.0012007394547471784,0.29379895561357705,0.002415112542288914,0.014424394253728422,0.0022001100055002746,0.235294117647058,0.5,0.0,0.0,1.0,0.0,0.0,1.0,0.0,0.0,0.0,0.0,0.0,1.0,0.0,MEDIUM
0.0008958018224776302,0.34634464751958227,0.0017860751324889675,0.01068618624496027,0.01295064753237662,0.941176470588232,1.0,0.0,0.0,0.0,0.0,1.0,1.0,0.0,0.0,0.0,0.0,0.0,1.0,0.0,MEDIUM
0.0019832352742119343,0.5736292428198434,0.003989335697384118,0.023877559008885586,0.007350367518375919,0.911764705882355,1.0,0.0,0.0,0.0,1.0,0.0,1.0,0.0,0.0,0.0,0.0,0.0,1.0,0.0,MEDIUM
0.10283470327134961,0.000391644908616188,0.11665221727538802,0.7003366344384859,0.1249562478123906,0.970588235294116,1.0,0.0,1.0,0.0,0.0,0.0,1.0,0.0,0.0,0.0,0.0,1.0,0.0,0.0,LONG
0.00096500213304254,0.6389033942558747,0.0019620752367853255,0.01135162641406036,0.0004500225011250563,0.735294117647058,0.5,0.0,0.0,1.0,0.0,0.0,0.0,0.0,0.0,1.0,0.0,0.0,1.0,0.0,SHORT
0.0008843951778790176,0.34738903394255877,0.0017632603041542543,0.010549183857204368,0.01295064753237662,0.970588235294116,1.0,0.0,0.0,0.0,0.0,1.0,1.0,0.0,0.0,0.0,0.0,0.0,1.0,0.0,MEDIUM
0.0010311606717144876,0.6369451697127938,0.0021054827291749506,0.012134497201236936,0.04395219760988049,0.6764705882352899,1.0,0.0,0.0,1.0,0.0,0.0,0.0,1.0,0.0,0.0,0.0,0.0,1.0,0.0,MEDIUM
0.0008843951778790176,0.34738903394255877,0.0017632603041542543,0.010549183857204368,0.01295064753237662,0.970588235294116,1.0,0.0,0.0,0.0,0.0,1.0,1.0,0.0,0.0,0.0,0.0,0.0,1.0,0.0,MEDIUM
0.0009208964405945756,0.637402088772846,0.0018414825727304136,0.010979762790151486,0.01295064753237662,0.970588235294116,1.0,0.0,0.0,0.0,0.0,1.0,1.0,0.0,0.0,0.0,0.0,0.0,1.0,0.0,MEDIUM
0.0008843951778790176,0.34738903394255877,0.0017632603041542543,0.010529612087524955,0.01295064753237662,0.970588235294116,1.0,0.0,0.0,0.0,0.0,1.0,1.0,0.0,0.0,0.0,0.0,0.0,1.0,0.0,MEDIUM
0.048225012034010056,0.36416449086161884,0.0665475949911674,0.3903980897952793,0.11080554027701385,0.235294117647058,1.0,0.0,0.0,0.0,0.0,1.0,0.0,0.0,1.0,0.0,0.0,0.0,0.0,1.0,LONG
0.0008958018224776302,0.34627937336814624,0.0017860751324889675,0.01068618624496027,0.01295064753237662,0.941176470588232,1.0,0.0,0.0,0.0,0.0,1.0,1.0,0.0,0.0,0.0,0.0,0.0,1.0,0.0,MEDIUM
0.045058527493435474,0.4284595300261097,0.06247351850282578,0.3742513798097624,0.04670233511675584,0.647058823529413,1.0,1.0,0.0,0.0,0.0,0.0,0.0,0.0,1.0,0.0,0.0,0.0,0.0,1.0,LONG
0.0008843951778790176,0.34738903394255877,0.0017632603041542543,0.010549183857204368,0.01295064753237662,0.970588235294116,1.0,0.0,0.0,0.0,0.0,1.0,1.0,0.0,0.0,0.0,0.0,0.0,1.0,0.0,MEDIUM
0.0008843951778790176,0.34738903394255877,0.0017632603041542543,0.010549183857204368,0.01295064753237662,0.970588235294116,1.0,0.0,0.0,0.0,0.0,1.0,1.0,0.0,0.0,0.0,0.0,0.0,1.0,0.0,MEDIUM
0.045012140472067794,0.4295039164490862,0.06235618509996154,0.3743688104278389,0.07395369768488425,0.529411764705884,1.0,1.0,0.0,0.0,0.0,0.0,0.0,0.0,1.0,0.0,0.0,0.0,0.0,1.0,MEDIUM
0.0009208964405945756,0.637467362924282,0.0018382233115397403,0.0109993345598309,0.01295064753237662,0.970588235294116,1.0,0.0,0.0,0.0,0.0,1.0,1.0,0.0,0.0,0.0,0.0,0.0,1.0,0.0,MEDIUM
0.0019178371785132271,0.5739556135770236,0.003855705988566512,0.023094688221709007,0.007350367518375919,0.941176470588232,1.0,0.0,0.0,0.0,1.0,0.0,1.0,0.0,0.0,0.0,0.0,0.0,1.0,0.0,MEDIUM
0.0009353448570861497,0.4569190600522194,0.0018675566622558,0.01117548048694563,0.01295064753237662,0.941176470588232,1.0,0.0,0.0,0.0,0.0,1.0,1.0,0.0,0.0,0.0,0.0,0.0,1.0,0.0,MEDIUM
0.0019307647090583205,0.5738250652741514,0.0038817800780918984,0.023251262379144322,0.007350367518375919,0.941176470588232,1.0,0.0,0.0,0.0,1.0,0.0,1.0,0.0,0.0,0.0,0.0,0.0,1.0,0.0,MEDIUM
0.10283318238540314,0.0001305483028720627,0.11666199505896004,0.7002583473597683,0.2090104505225261,0.970588235294116,1.0,0.0,0.0,1.0,0.0,0.0,1.0,0.0,0.0,0.0,0.0,1.0,0.0,0.0,LONG
0.0008843951778790176,0.34738903394255877,0.001760001042963581,0.010549183857204368,0.01295064753237662,0.970588235294116,1.0,0.0,0.0,0.0,0.0,1.0,1.0,0.0,0.0,0.0,0.0,0.0,1.0,0.0,MEDIUM
0.0009353448570861497,0.4569190600522194,0.0018708159234464732,0.011155908717266216,0.014450722536126805,1.0,1.0,0.0,0.0,0.0,0.0,1.0,1.0,0.0,0.0,0.0,0.0,0.0,1.0,0.0,MEDIUM
0.0008843951778790176,0.34738903394255877,0.0017632603041542543,0.010549183857204368,0.01295064753237662,0.941176470588232,1.0,0.0,0.0,0.0,0.0,1.0,1.0,0.0,0.0,0.0,0.0,0.0,1.0,0.0,MEDIUM
0.0009353448570861497,0.4569190600522194,0.0018708159234464732,0.011155908717266216,0.014450722536126805,1.0,1.0,0.0,0.0,0.0,0.0,1.0,1.0,0.0,0.0,0.0,0.0,0.0,1.0,0.0,MEDIUM
0.10283318238540314,0.0001305483028720627,0.11668155062610408,0.7001409167416918,0.27996399819991,0.6764705882352899,1.0,0.0,0.0,1.0,0.0,0.0,1.0,0.0,0.0,0.0,0.0,1.0,0.0,0.0,LONG
0.0011049236401188423,0.6386422976501306,0.0022456309603739026,0.013113085685207656,0.039951997599879996,0.5,1.0,0.0,0.0,1.0,0.0,0.0,0.0,1.0,0.0,0.0,0.0,0.0,1.0,0.0,SHORT
0.0019239207222991536,0.5739556135770236,0.0038687430333292053,0.023172975300426665,0.007350367518375919,0.941176470588232,1.0,0.0,0.0,0.0,1.0,0.0,1.0,0.0,0.0,0.0,0.0,0.0,1.0,0.0,MEDIUM
0.0003064585182160316,0.34614882506527417,0.000557333663605134,0.003209770227423964,0.01295064753237662,0.911764705882355,1.0,0.0,0.0,0.0,0.0,1.0,1.0,0.0,0.0,0.0,0.0,0.0,1.0,0.0,MEDIUM
0.0009353448570861497,0.4569190600522194,0.0018708159234464732,0.011155908717266216,0.014450722536126805,1.0,1.0,0.0,0.0,0.0,0.0,1.0,1.0,0.0,0.0,0.0,0.0,0.0,1.0,0.0,MEDIUM
0.00028364522901880816,0.3460835509138382,0.0005117040069357078,0.002896621912553333,0.01295064753237662,0.941176470588232,1.0,0.0,0.0,0.0,0.0,1.0,1.0,0.0,0.0,0.0,0.0,0.0,1.0,0.0,MEDIUM
0.0019178371785132271,0.5739556135770236,0.003855705988566512,0.023094688221709007,0.007350367518375919,0.941176470588232,0.5,0.0,0.0,0.0,1.0,0.0,1.0,0.0,0.0,0.0,0.0,0.0,1.0,0.0,MEDIUM
0.10284458903000175,0.37924281984334207,0.1169357729989766,0.698731749324774,0.039951997599879996,0.882352941176471,1.0,0.0,1.0,0.0,0.0,0.0,0.0,0.0,1.0,0.0,0.0,1.0,0.0,0.0,LONG
0.0024341779573437104,0.5385117493472585,0.004921484397916681,0.02886836027713626,0.013950697534876743,0.5588235294117609,0.5,1.0,0.0,0.0,0.0,0.0,1.0,0.0,0.0,0.0,0.0,0.0,1.0,0.0,MEDIUM
0.0008958018224776302,0.34627937336814624,0.0017860751324889675,0.01068618624496027,0.01295064753237662,0.941176470588232,1.0,0.0,0.0,0.0,0.0,1.0,1.0,0.0,0.0,0.0,0.0,0.0,1.0,0.0,MEDIUM
0.10283394282837638,0.001566579634464752,0.11667503210372274,0.7001800602810506,0.15555777788889444,0.647058823529413,1.0,0.0,0.0,0.0,0.0,1.0,1.0,0.0,0.0,0.0,0.0,1.0,0.0,0.0,LONG
0.0008958018224776302,0.34627937336814624,0.0017860751324889675,0.01068618624496027,0.01295064753237662,0.941176470588232,1.0,0.0,0.0,0.0,0.0,1.0,1.0,0.0,0.0,0.0,0.0,0.0,1.0,0.0,MEDIUM
0.05242645946116531,0.3672323759791123,0.07022730087543756,0.4209691940345246,0.039951997599879996,0.852941176470587,1.0,0.0,1.0,0.0,0.0,0.0,0.0,0.0,1.0,0.0,0.0,0.0,0.0,1.0,LONG
0.0008843951778790176,0.34738903394255877,0.0017632603041542543,0.010549183857204368,0.01295064753237662,0.970588235294116,1.0,0.0,0.0,0.0,0.0,1.0,1.0,0.0,0.0,0.0,0.0,0.0,1.0,0.0,MEDIUM
0.0008958018224776302,0.34627937336814624,0.0017860751324889675,0.01068618624496027,0.01295064753237662,0.941176470588232,1.0,0.0,0.0,0.0,0.0,1.0,1.0,0.0,0.0,0.0,0.0,0.0,1.0,0.0,MEDIUM
0.0008843951778790176,0.34738903394255877,0.0017632603041542543,0.010549183857204368,0.01295064753237662,0.970588235294116,1.0,0.0,0.0,0.0,0.0,1.0,1.0,0.0,0.0,0.0,0.0,0.0,1.0,0.0,MEDIUM
0.001963463756907674,0.5737597911227155,0.003946965301905365,0.02364269777273261,0.007350367518375919,0.941176470588232,1.0,0.0,0.0,0.0,1.0,0.0,1.0,0.0,0.0,0.0,0.0,0.0,1.0,0.0,MEDIUM
0.0010425673163130984,0.6382506527415144,0.0020924456844122574,0.012486789055466395,0.040202010100505024,0.852941176470587,1.0,0.0,1.0,0.0,0.0,0.0,0.0,1.0,0.0,0.0,0.0,0.0,1.0,0.0,LONG
0.0008843951778790176,0.34738903394255877,0.001760001042963581,0.010549183857204368,0.01295064753237662,0.970588235294116,1.0,0.0,0.0,0.0,0.0,1.0,1.0,0.0,0.0,0.0,0.0,0.0,1.0,0.0,MEDIUM
0.0008958018224776302,0.34627937336814624,0.0017860751324889675,0.01068618624496027,0.01295064753237662,0.941176470588232,1.0,0.0,0.0,0.0,0.0,1.0,1.0,0.0,0.0,0.0,0.0,0.0,1.0,0.0,MEDIUM
0.10283470327134961,0.03518276762402089,0.11668155062610408,0.7001604885113712,0.2697634881744087,0.470588235294116,1.0,0.0,0.0,1.0,0.0,0.0,1.0,0.0,0.0,0.0,0.0,1.0,0.0,0.0,LONG
0.0008958018224776302,0.34634464751958227,0.0017860751324889675,0.01068618624496027,0.01295064753237662,0.911764705882355,1.0,0.0,0.0,0.0,0.0,1.0,1.0,0.0,0.0,0.0,0.0,0.0,1.0,0.0,MEDIUM
0.0009148128968086491,0.28067885117493474,0.001825186266777047,0.010921047481113243,0.014450722536126805,1.0,1.0,0.0,0.0,0.0,0.0,1.0,1.0,0.0,0.0,0.0,0.0,0.0,1.0,0.0,MEDIUM
0.0007558803154013279,0.34725848563968675,0.0015090379312817372,0.00886601166477473,0.01295064753237662,0.970588235294116,1.0,0.0,0.0,0.0,0.0,1.0,1.0,0.0,0.0,0.0,0.0,0.0,1.0,0.0,MEDIUM
0.0019573802131217476,0.5738250652741514,0.0039339282571426715,0.023564410694014954,0.007350367518375919,1.0,1.0,0.0,0.0,0.0,1.0,0.0,1.0,0.0,0.0,0.0,0.0,0.0,1.0,0.0,MEDIUM
0.0008843951778790176,0.34738903394255877,0.0017632603041542543,0.010549183857204368,0.01295064753237662,0.970588235294116,1.0,0.0,0.0,0.0,0.0,1.0,1.0,0.0,0.0,0.0,0.0,0.0,1.0,0.0,MEDIUM
0.0008843951778790176,0.34738903394255877,0.0017632603041542543,0.010549183857204368,0.01295064753237662,0.970588235294116,1.0,0.0,0.0,0.0,0.0,1.0,1.0,0.0,0.0,0.0,0.0,0.0,1.0,0.0,MEDIUM
0.0008843951778790176,0.34738903394255877,0.0017632603041542543,0.010549183857204368,0.01295064753237662,0.970588235294116,1.0,0.0,0.0,0.0,0.0,1.0,1.0,0.0,0.0,0.0,0.0,0.0,1.0,0.0,MEDIUM
0.0009201359976213344,0.637467362924282,0.0018414825727304136,0.010960191020472071,0.01295064753237662,0.970588235294116,1.0,0.0,0.0,0.0,0.0,1.0,1.0,0.0,0.0,0.0,0.0,0.0,1.0,0.0,MEDIUM
0.0005863015323686353,0.6355744125326371,0.0011635562450703675,0.0066544016910009005,0.00025001250062503126,0.970588235294116,0.5,0.0,0.0,0.0,0.0,1.0,0.0,1.0,0.0,0.0,0.0,0.0,1.0,0.0,SHORT
0.0008843951778790176,0.34738903394255877,0.0017632603041542543,0.010529612087524955,0.01295064753237662,0.970588235294116,1.0,0.0,0.0,0.0,0.0,1.0,1.0,0.0,0.0,0.0,0.0,0.0,1.0,0.0,MEDIUM
0.0008843951778790176,0.34738903394255877,0.0017632603041542543,0.010549183857204368,0.01295064753237662,0.970588235294116,1.0,0.0,0.0,0.0,0.0,1.0,1.0,0.0,0.0,0.0,0.0,0.0,1.0,0.0,MEDIUM
0.0019376086958174873,0.5737597911227155,0.0038980763840452647,0.023329549457861982,0.007350367518375919,0.970588235294116,1.0,0.0,0.0,0.0,1.0,0.0,1.0,0.0,0.0,0.0,0.0,0.0,1.0,0.0,MEDIUM
0.0010760268071356924,0.6385770234986946,0.002226075393229863,0.01250636082514581,0.014950747537376869,0.647058823529413,0.5,0.0,0.0,1.0,0.0,0.0,0.0,1.0,0.0,0.0,0.0,0.0,1.0,0.0,MEDIUM
0.0009208964405945756,0.637402088772846,0.0018382233115397403,0.0109993345598309,0.01295064753237662,0.970588235294116,1.0,0.0,0.0,0.0,0.0,1.0,1.0,0.0,0.0,0.0,0.0,0.0,1.0,0.0,MEDIUM
0.0008843951778790176,0.34738903394255877,0.0017632603041542543,0.010549183857204368,0.01295064753237662,0.970588235294116,1.0,0.0,0.0,0.0,0.0,1.0,1.0,0.0,0.0,0.0,0.0,0.0,1.0,0.0,MEDIUM
0.0008843951778790176,0.34738903394255877,0.0017632603041542543,0.010549183857204368,0.01295064753237662,0.970588235294116,1.0,0.0,0.0,0.0,0.0,1.0,1.0,0.0,0.0,0.0,0.0,0.0,1.0,0.0,MEDIUM
0.0008843951778790176,0.34738903394255877,0.0017632603041542543,0.010549183857204368,0.01295064753237662,0.970588235294116,1.0,0.0,0.0,0.0,0.0,1.0,1.0,0.0,0.0,0.0,0.0,0.0,1.0,0.0,MEDIUM
0.0009148128968086491,0.2807441253263708,0.001825186266777047,0.010921047481113243,0.014450722536126805,1.0,1.0,0.0,0.0,0.0,0.0,1.0,1.0,0.0,0.0,0.0,0.0,0.0,1.0,0.0,MEDIUM
0.00030493763226954913,0.635052219321149,0.0005801484919398471,0.0030531960699886483,0.00015000750037501875,0.941176470588232,0.5,0.0,0.0,0.0,0.0,1.0,0.0,1.0,0.0,0.0,0.0,0.0,1.0,0.0,SHORT
0.001368036908860149,0.6453002610966058,0.0027768905344536503,0.016342427682311034,0.05770288514425721,0.588235294117645,1.0,0.0,0.0,0.0,0.0,1.0,0.0,1.0,0.0,0.0,0.0,0.0,1.0,0.0,MEDIUM
0.10283546371432285,0.0001305483028720627,0.11666199505896004,0.7002779191294477,0.18795939796989847,0.588235294117645,1.0,0.0,0.0,1.0,0.0,0.0,1.0,0.0,0.0,0.0,0.0,1.0,0.0,0.0,LONG
0.0009208964405945756,0.637402088772846,0.0018382233115397403,0.0109993345598309,0.01295064753237662,0.970588235294116,1.0,0.0,0.0,0.0,0.0,1.0,1.0,0.0,0.0,0.0,0.0,0.0,1.0,0.0,MEDIUM
0.0008958018224776302,0.34634464751958227,0.0017860751324889675,0.01068618624496027,0.01295064753237662,0.941176470588232,1.0,0.0,0.0,0.0,0.0,1.0,1.0,0.0,0.0,0.0,0.0,0.0,1.0,0.0,MEDIUM
0.0009148128968086491,0.28067885117493474,0.001825186266777047,0.010921047481113243,0.014450722536126805,1.0,1.0,0.0,0.0,0.0,0.0,1.0,1.0,0.0,0.0,0.0,0.0,0.0,1.0,0.0,MEDIUM
0.0009148128968086491,0.28067885117493474,0.001825186266777047,0.010921047481113243,0.014450722536126805,1.0,1.0,0.0,0.0,0.0,0.0,1.0,1.0,0.0,0.0,0.0,0.0,0.0,1.0,0.0,MEDIUM
0.0008958018224776302,0.34627937336814624,0.0017860751324889675,0.01068618624496027,0.01295064753237662,0.941176470588232,1.0,0.0,0.0,0.0,0.0,1.0,1.0,0.0,0.0,0.0,0.0,0.0,1.0,0.0,MEDIUM
0.0019573802131217476,0.5738250652741514,0.0039339282571426715,0.023564410694014954,0.007350367518375919,0.941176470588232,1.0,0.0,0.0,0.0,1.0,0.0,1.0,0.0,0.0,0.0,0.0,0.0,1.0,0.0,MEDIUM
0.0008958018224776302,0.34634464751958227,0.0017860751324889675,0.01068618624496027,0.01295064753237662,0.911764705882355,1.0,0.0,0.0,0.0,0.0,1.0,1.0,0.0,0.0,0.0,0.0,0.0,1.0,0.0,MEDIUM
0.0008843951778790176,0.34738903394255877,0.0017632603041542543,0.010549183857204368,0.01295064753237662,0.970588235294116,1.0,0.0,0.0,0.0,0.0,1.0,1.0,0.0,0.0,0.0,0.0,0.0,1.0,0.0,MEDIUM
0.0008843951778790176,0.34732375979112273,0.0017632603041542543,0.010549183857204368,0.01295064753237662,0.970588235294116,1.0,0.0,0.0,0.0,0.0,1.0,1.0,0.0,0.0,0.0,0.0,0.0,1.0,0.0,MEDIUM
0.00030721896118927113,0.34614882506527417,0.000557333663605134,0.0032293419971033783,0.01295064753237662,0.941176470588232,1.0,0.0,0.0,0.0,0.0,1.0,1.0,0.0,0.0,0.0,0.0,0.0,1.0,0.0,MEDIUM
0.0008729885332804067,0.6368798955613577,0.0017632603041542543,0.010255607312013153,0.00040002000100005,0.852941176470587,0.5,0.0,0.0,1.0,0.0,0.0,0.0,0.0,0.0,1.0,0.0,0.0,1.0,0.0,SHORT
0.0008958018224776302,0.34627937336814624,0.0017860751324889675,0.01068618624496027,0.01295064753237662,0.941176470588232,1.0,0.0,0.0,0.0,0.0,1.0,1.0,0.0,0.0,0.0,0.0,0.0,1.0,0.0,MEDIUM
0.0006281258958968769,0.34627937336814624,0.0012450377748371999,0.007261126551062747,0.01295064753237662,0.911764705882355,1.0,0.0,0.0,0.0,0.0,1.0,1.0,0.0,0.0,0.0,0.0,0.0,1.0,0.0,MEDIUM
0.0002806034571258449,0.3460835509138382,0.0004986669621730147,0.002896621912553333,0.01295064753237662,0.941176470588232,1.0,0.0,0.0,0.0,0.0,1.0,1.0,0.0,0.0,0.0,0.0,0.0,1.0,0.0,MEDIUM
0.0012927530545093126,0.6459530026109661,0.0026204459973013317,0.015481269816416801,0.0022001100055002746,0.823529411764703,0.5,0.0,1.0,0.0,0.0,0.0,0.0,1.0,0.0,0.0,0.0,0.0,1.0,0.0,SHORT
0.0009148128968086491,0.28067885117493474,0.001825186266777047,0.010921047481113243,0.01295064753237662,0.970588235294116,1.0,0.0,0.0,0.0,0.0,1.0,1.0,0.0,0.0,0.0,0.0,0.0,1.0,0.0,MEDIUM
0.0008958018224776302,0.34627937336814624,0.0017860751324889675,0.01068618624496027,0.01295064753237662,0.941176470588232,1.0,0.0,0.0,0.0,0.0,1.0,1.0,0.0,0.0,0.0,0.0,0.0,1.0,0.0,MEDIUM
0.001963463756907674,0.5737597911227155,0.003946965301905365,0.023662269542412025,0.007350367518375919,0.941176470588232,1.0,0.0,0.0,0.0,1.0,0.0,1.0,0.0,0.0,0.0,0.0,0.0,1.0,0.0,MEDIUM
0.0008958018224776302,0.34627937336814624,0.0017860751324889675,0.01068618624496027,0.01295064753237662,0.941176470588232,1.0,0.0,0.0,0.0,0.0,1.0,1.0,0.0,0.0,0.0,0.0,0.0,1.0,0.0,MEDIUM
0.0002889683298314934,0.34712793733681463,0.0005117040069357078,0.003033624300309234,0.01295064753237662,0.970588235294116,1.0,0.0,0.0,0.0,0.0,1.0,1.0,0.0,0.0,0.0,0.0,0.0,1.0,0.0,MEDIUM
0.0002752803563131597,0.34725848563968675,0.00048562991741032144,0.00283790660351509,0.01295064753237662,0.970588235294116,1.0,0.0,0.0,0.0,0.0,1.0,1.0,0.0,0.0,0.0,0.0,0.0,1.0,0.0,MEDIUM
0.0019239207222991536,0.5739556135770236,0.0038687430333292053,0.023172975300426665,0.007350367518375919,0.941176470588232,1.0,0.0,0.0,0.0,1.0,0.0,1.0,0.0,0.0,0.0,0.0,0.0,1.0,0.0,MEDIUM
0.00043725470961344416,0.3462140992167102,0.000840889387193711,0.004853798880494775,0.01295064753237662,0.941176470588232,1.0,0.0,0.0,0.0,0.0,1.0,1.0,0.0,0.0,0.0,0.0,0.0,1.0,0.0,MEDIUM
0.0008843951778790176,0.34738903394255877,0.0017632603041542543,0.010549183857204368,0.01295064753237662,0.970588235294116,1.0,0.0,0.0,0.0,0.0,1.0,1.0,0.0,0.0,0.0,0.0,0.0,1.0,0.0,MEDIUM
0.0019573802131217476,0.5738250652741514,0.0039339282571426715,0.023583982463694367,0.007350367518375919,0.941176470588232,1.0,0.0,0.0,0.0,1.0,0.0,1.0,0.0,0.0,0.0,0.0,0.0,1.0,0.0,MEDIUM
0.10283318238540314,0.03805483028720627,0.11672066176039216,0.6999060555055389,0.23996199809990498,0.41176470588235503,1.0,0.0,0.0,1.0,0.0,0.0,1.0,0.0,0.0,0.0,0.0,1.0,0.0,0.0,LONG
0.0009269799843805012,0.637402088772846,0.0018642974010651266,0.0109993345598309,0.01295064753237662,0.970588235294116,1.0,0.0,0.0,0.0,0.0,1.0,1.0,0.0,0.0,0.0,0.0,0.0,1.0,0.0,MEDIUM
0.10283318238540314,0.013772845953002611,0.1166685135813414,0.7002192038204095,0.2249612480624031,0.852941176470587,1.0,0.0,0.0,0.0,0.0,1.0,0.0,1.0,0.0,0.0,0.0,1.0,0.0,0.0,LONG
0.0008843951778790176,0.34738903394255877,0.0017632603041542543,0.010549183857204368,0.01295064753237662,0.970588235294116,1.0,0.0,0.0,0.0,0.0,1.0,1.0,0.0,0.0,0.0,0.0,0.0,1.0,0.0,MEDIUM
0.0008843951778790176,0.34738903394255877,0.0017632603041542543,0.010529612087524955,0.01295064753237662,0.941176470588232,1.0,0.0,0.0,0.0,0.0,1.0,1.0,0.0,0.0,0.0,0.0,0.0,1.0,0.0,MEDIUM
0.0009148128968086491,0.28067885117493474,0.001825186266777047,0.010921047481113243,0.014450722536126805,1.0,1.0,0.0,0.0,0.0,0.0,1.0,1.0,0.0,0.0,0.0,0.0,0.0,1.0,0.0,MEDIUM
0.0008843951778790176,0.34738903394255877,0.0017632603041542543,0.010549183857204368,0.01295064753237662,0.970588235294116,1.0,0.0,0.0,0.0,0.0,1.0,1.0,0.0,0.0,0.0,0.0,0.0,1.0,0.0,MEDIUM
0.0008958018224776302,0.34627937336814624,0.0017860751324889675,0.01068618624496027,0.01295064753237662,0.941176470588232,1.0,0.0,0.0,0.0,0.0,1.0,1.0,0.0,0.0,0.0,0.0,0.0,1.0,0.0,MEDIUM
0.0009148128968086491,0.28067885117493474,0.001825186266777047,0.010921047481113243,0.014450722536126805,1.0,1.0,0.0,0.0,0.0,0.0,1.0,1.0,0.0,0.0,0.0,0.0,0.0,1.0,0.0,MEDIUM
0.0008843951778790176,0.34738903394255877,0.0017632603041542543,0.010549183857204368,0.01295064753237662,0.970588235294116,1.0,0.0,0.0,0.0,0.0,1.0,1.0,0.0,0.0,0.0,0.0,0.0,1.0,0.0,MEDIUM
0.0019239207222991536,0.5739556135770236,0.0038687430333292053,0.023172975300426665,0.007350367518375919,1.0,1.0,0.0,0.0,0.0,1.0,0.0,1.0,0.0,0.0,0.0,0.0,0.0,1.0,0.0,MEDIUM
0.0019109931917540603,0.5739556135770236,0.0038426689438038186,0.02301640114299135,0.007350367518375919,0.970588235294116,0.5,0.0,0.0,0.0,1.0,0.0,1.0,0.0,0.0,0.0,0.0,0.0,1.0,0.0,MEDIUM
0.0008843951778790176,0.34738903394255877,0.0017632603041542543,0.010549183857204368,0.01295064753237662,0.970588235294116,1.0,0.0,0.0,0.0,0.0,1.0,1.0,0.0,0.0,0.0,0.0,0.0,1.0,0.0,MEDIUM
0.0009148128968086491,0.2807441253263708,0.001825186266777047,0.010921047481113243,0.01295064753237662,0.970588235294116,1.0,0.0,0.0,0.0,0.0,1.0,1.0,0.0,0.0,0.0,0.0,0.0,1.0,0.0,MEDIUM
0.3788123857909709,0.4105744125326371,0.5770130826744194,0.10973891259247662,0.0679533976698835,0.764705882352942,1.0,0.0,0.0,0.0,0.0,1.0,0.0,0.0,0.0,1.0,1.0,0.0,0.0,0.0,SHORT
0.10283546371432285,0.0087467362924282,0.11665873579776936,0.7002974908991272,0.16550827541377067,0.6764705882352899,1.0,0.0,0.0,0.0,1.0,0.0,1.0,0.0,0.0,0.0,0.0,1.0,0.0,0.0,LONG
0.0008958018224776302,0.34634464751958227,0.0017860751324889675,0.01068618624496027,0.01295064753237662,0.941176470588232,1.0,0.0,0.0,0.0,0.0,1.0,1.0,0.0,0.0,0.0,0.0,0.0,1.0,0.0,MEDIUM
0.10283166149945666,0.027284595300261096,0.11668806914848542,0.7000822014326535,0.23171158557927896,0.529411764705884,1.0,0.0,0.0,0.0,1.0,0.0,1.0,0.0,0.0,0.0,0.0,1.0,0.0,0.0,LONG
0.0008958018224776302,0.34627937336814624,0.0017860751324889675,0.01068618624496027,0.01295064753237662,0.941176470588232,1.0,0.0,0.0,0.0,0.0,1.0,1.0,0.0,0.0,0.0,0.0,0.0,1.0,0.0,MEDIUM
0.0008843951778790176,0.34732375979112273,0.0017632603041542543,0.010549183857204368,0.01295064753237662,0.970588235294116,1.0,0.0,0.0,0.0,0.0,1.0,1.0,0.0,0.0,0.0,0.0,0.0,1.0,0.0,MEDIUM
0.0002806034571258449,0.34614882506527417,0.0004954077009823413,0.002916193682232748,0.01295064753237662,0.941176470588232,1.0,0.0,0.0,0.0,0.0,1.0,1.0,0.0,0.0,0.0,0.0,0.0,1.0,0.0,MEDIUM
0.06298673103055992,0.38753263707571806,0.08078404787202838,0.4847340196500568,0.18630931546577326,0.32352941176470296,1.0,0.0,0.0,0.0,0.0,1.0,1.0,0.0,0.0,0.0,1.0,0.0,0.0,0.0,LONG
0.0008958018224776302,0.34634464751958227,0.0017860751324889675,0.01068618624496027,0.01295064753237662,0.941176470588232,1.0,0.0,0.0,0.0,0.0,1.0,1.0,0.0,0.0,0.0,0.0,0.0,1.0,0.0,MEDIUM
0.0008958018224776302,0.34634464751958227,0.0017860751324889675,0.01068618624496027,0.01295064753237662,0.911764705882355,1.0,0.0,0.0,0.0,0.0,1.0,1.0,0.0,0.0,0.0,0.0,0.0,1.0,0.0,MEDIUM
0.00028592655793853016,0.3462140992167102,0.0005084447457450346,0.0029749089912709907,0.01295064753237662,0.941176470588232,1.0,0.0,0.0,0.0,0.0,1.0,1.0,0.0,0.0,0.0,0.0,0.0,1.0,0.0,MEDIUM
0.05786134539091713,0.36063968668407315,0.07574523007124745,0.45416291541081144,0.03610180509025451,0.794117647058826,1.0,0.0,0.0,1.0,0.0,0.0,0.0,0.0,1.0,0.0,0.0,0.0,0.0,1.0,LONG
0.0008843951778790176,0.34738903394255877,0.0017632603041542543,0.010549183857204368,0.01295064753237662,0.970588235294116,1.0,0.0,0.0,0.0,0.0,1.0,1.0,0.0,0.0,0.0,0.0,0.0,1.0,0.0,MEDIUM
0.00034828288174427405,0.34614882506527417,0.0006551114993253329,0.003699064469409324,0.01295064753237662,0.911764705882355,1.0,0.0,0.0,0.0,0.0,1.0,1.0,0.0,0.0,0.0,0.0,0.0,1.0,0.0,MEDIUM
0.0009345844141129085,0.4569190600522194,0.0018708159234464732,0.011155908717266216,0.014450722536126805,1.0,1.0,0.0,0.0,0.0,0.0,1.0,1.0,0.0,0.0,0.0,0.0,0.0,1.0,0.0,MEDIUM
0.10283394282837638,0.0002610966057441254,0.11666199505896004,0.7002779191294477,0.1424571228561428,0.617647058823529,1.0,0.0,0.0,1.0,0.0,0.0,1.0,0.0,0.0,0.0,0.0,1.0,0.0,0.0,LONG
0.0008843951778790176,0.34738903394255877,0.0017632603041542543,0.010549183857204368,0.01295064753237662,0.970588235294116,1.0,0.0,0.0,0.0,0.0,1.0,1.0,0.0,0.0,0.0,0.0,0.0,1.0,0.0,MEDIUM
0.0008958018224776302,0.34627937336814624,0.0017860751324889675,0.01068618624496027,0.01295064753237662,0.941176470588232,1.0,0.0,0.0,0.0,0.0,1.0,1.0,0.0,0.0,0.0,0.0,0.0,1.0,0.0,MEDIUM
0.0008843951778790176,0.34738903394255877,0.0017632603041542543,0.010549183857204368,0.01295064753237662,0.970588235294116,1.0,0.0,0.0,0.0,0.0,1.0,1.0,0.0,0.0,0.0,0.0,0.0,1.0,0.0,MEDIUM
0.0003110211760554765,0.6351174934725848,0.000589926275511867,0.003131483148706306,0.00015000750037501875,0.941176470588232,0.0,0.0,0.0,0.0,0.0,1.0,0.0,1.0,0.0,0.0,0.0,0.0,1.0,0.0,SHORT
0.0008843951778790176,0.34738903394255877,0.0017632603041542543,0.010549183857204368,0.01295064753237662,0.970588235294116,1.0,0.0,0.0,0.0,0.0,1.0,1.0,0.0,0.0,0.0,0.0,0.0,1.0,0.0,MEDIUM
0.00028212434307232654,0.34614882506527417,0.0005051854845543613,0.002896621912553333,0.01295064753237662,0.941176470588232,1.0,0.0,0.0,0.0,0.0,1.0,1.0,0.0,0.0,0.0,0.0,0.0,1.0,0.0,MEDIUM
0.0008843951778790176,0.34738903394255877,0.0017632603041542543,0.010549183857204368,0.01295064753237662,0.970588235294116,1.0,0.0,0.0,0.0,0.0,1.0,1.0,0.0,0.0,0.0,0.0,0.0,1.0,0.0,MEDIUM
0.0019573802131217476,0.5738250652741514,0.0039339282571426715,0.023564410694014954,0.007350367518375919,0.941176470588232,1.0,0.0,0.0,0.0,1.0,0.0,1.0,0.0,0.0,0.0,0.0,0.0,1.0,0.0,MEDIUM
0.0009353448570861497,0.4569190600522194,0.0018708159234464732,0.011155908717266216,0.014450722536126805,1.0,1.0,0.0,0.0,0.0,0.0,1.0,1.0,0.0,0.0,0.0,0.0,0.0,1.0,0.0,MEDIUM
0.04820143830183958,0.4231070496083551,0.12832037233799842,0.019141190746467297,0.1249562478123906,0.6764705882352899,1.0,1.0,0.0,0.0,0.0,0.0,1.0,0.0,0.0,0.0,1.0,0.0,0.0,0.0,MEDIUM
0.0009148128968086491,0.28067885117493474,0.001825186266777047,0.010921047481113243,0.014450722536126805,1.0,1.0,0.0,0.0,0.0,0.0,1.0,1.0,0.0,0.0,0.0,0.0,0.0,1.0,0.0,MEDIUM
0.10283394282837638,6.527415143603134e-05,0.116642439491816,0.7003757779778448,0.27346367318365916,0.941176470588232,1.0,0.0,0.0,1.0,0.0,0.0,1.0,0.0,0.0,0.0,0.0,1.0,0.0,0.0,LONG
0.0005634882431714118,0.4210182767624021,0.001157037722689021,0.006125963909656712,0.0679533976698835,0.5,1.0,0.0,0.0,0.0,0.0,1.0,0.0,0.0,0.0,1.0,0.0,0.0,1.0,0.0,MEDIUM
0.0010425673163130984,0.6385770234986946,0.002118519773937644,0.01233021489803108,0.05315265763288164,0.852941176470587,1.0,0.0,1.0,0.0,0.0,0.0,0.0,1.0,0.0,0.0,0.0,0.0,1.0,0.0,LONG
0.0008958018224776302,0.34634464751958227,0.0017893343936796408,0.010666614475280856,0.01295064753237662,0.941176470588232,1.0,0.0,0.0,0.0,0.0,1.0,1.0,0.0,0.0,0.0,0.0,0.0,1.0,0.0,MEDIUM
0.045012140472067794,0.41977806788511757,0.06236596288353356,0.37431009511880065,0.07395369768488425,0.529411764705884,1.0,1.0,0.0,0.0,0.0,0.0,0.0,0.0,1.0,0.0,0.0,0.0,0.0,1.0,MEDIUM
0.0008843951778790176,0.34738903394255877,0.0017632603041542543,0.010549183857204368,0.01295064753237662,0.970588235294116,1.0,0.0,0.0,0.0,0.0,1.0,1.0,0.0,0.0,0.0,0.0,0.0,1.0,0.0,MEDIUM
0.10312595293010084,0.010313315926892951,0.11690969890945122,0.7017262300857244,0.2249612480624031,0.823529411764703,1.0,0.0,0.0,0.0,0.0,1.0,0.0,1.0,0.0,0.0,0.0,1.0,0.0,0.0,LONG
0.0008843951778790176,0.34738903394255877,0.0017632603041542543,0.010549183857204368,0.01295064753237662,0.970588235294116,1.0,0.0,0.0,0.0,0.0,1.0,1.0,0.0,0.0,0.0,0.0,0.0,1.0,0.0,MEDIUM
0.0019109931917540603,0.5739556135770236,0.0038426689438038186,0.02301640114299135,0.007350367518375919,0.970588235294116,1.0,0.0,0.0,0.0,1.0,0.0,1.0,0.0,0.0,0.0,0.0,0.0,1.0,0.0,MEDIUM
0.00028668700091177054,0.3462140992167102,0.0005149632681263811,0.0029553372215915764,0.01295064753237662,0.911764705882355,1.0,0.0,0.0,0.0,0.0,1.0,1.0,0.0,0.0,0.0,0.0,0.0,1.0,0.0,MEDIUM
0.0008843951778790176,0.34738903394255877,0.0017632603041542543,0.010549183857204368,0.01295064753237662,0.970588235294116,1.0,0.0,0.0,0.0,0.0,1.0,1.0,0.0,0.0,0.0,0.0,0.0,1.0,0.0,MEDIUM
0.0008843951778790176,0.34738903394255877,0.0017632603041542543,0.010549183857204368,0.01295064753237662,0.970588235294116,1.0,0.0,0.0,0.0,0.0,1.0,1.0,0.0,0.0,0.0,0.0,0.0,1.0,0.0,MEDIUM
0.0019436922396034138,0.5737597911227155,0.003907854167617284,0.02340783653657964,0.007350367518375919,1.0,0.5,0.0,0.0,0.0,1.0,0.0,1.0,0.0,0.0,0.0,0.0,0.0,1.0,0.0,MEDIUM
0.0009148128968086491,0.28067885117493474,0.001825186266777047,0.010921047481113243,0.014450722536126805,1.0,1.0,0.0,0.0,0.0,0.0,1.0,1.0,0.0,0.0,0.0,0.0,0.0,1.0,0.0,MEDIUM
0.001087433451734304,0.6402088772845953,0.0022195568708485163,0.012839080909695856,0.03495174758737937,0.5,1.0,0.0,0.0,1.0,0.0,0.0,0.0,0.0,0.0,1.0,0.0,0.0,1.0,0.0,SHORT
0.10283318238540314,0.015013054830287207,0.11667829136491341,0.7001604885113712,0.22996149807490374,0.941176470588232,1.0,0.0,1.0,0.0,0.0,0.0,1.0,0.0,0.0,0.0,0.0,1.0,0.0,0.0,LONG
0.00023877909359760249,0.631201044386423,0.000524741051698401,0.0016636004227502251,0.06830341517075854,0.852941176470587,1.0,0.0,0.0,1.0,0.0,0.0,0.0,1.0,0.0,0.0,0.0,0.0,1.0,0.0,SHORT
0.0002828847860455669,0.635052219321149,0.0005182225293170544,0.0028574783731945045,0.00015000750037501875,0.941176470588232,0.0,0.0,0.0,0.0,0.0,1.0,0.0,1.0,0.0,0.0,0.0,0.0,1.0,0.0,SHORT
0.0009148128968086491,0.28067885117493474,0.001825186266777047,0.010921047481113243,0.014450722536126805,1.0,1.0,0.0,0.0,0.0,0.0,1.0,1.0,0.0,0.0,0.0,0.0,0.0,1.0,0.0,MEDIUM
0.10283394282837638,0.0002610966057441254,0.11666525432015071,0.7002387755900888,0.2991149557477874,0.617647058823529,1.0,0.0,0.0,0.0,0.0,1.0,1.0,0.0,0.0,0.0,0.0,1.0,0.0,0.0,LONG
0.0019573802131217476,0.5738250652741514,0.0039339282571426715,0.023564410694014954,0.007350367518375919,0.941176470588232,1.0,0.0,0.0,0.0,1.0,0.0,1.0,0.0,0.0,0.0,0.0,0.0,1.0,0.0,MEDIUM
0.0009148128968086491,0.28067885117493474,0.001825186266777047,0.010921047481113243,0.014450722536126805,1.0,1.0,0.0,0.0,0.0,0.0,1.0,1.0,0.0,0.0,0.0,0.0,0.0,1.0,0.0,MEDIUM
0.0002714781414469552,0.4567885117493473,0.0004954077009823413,0.0026813324460797745,0.014450722536126805,1.0,1.0,0.0,0.0,0.0,0.0,1.0,1.0,0.0,0.0,0.0,0.0,0.0,1.0,0.0,MEDIUM
0.0009148128968086491,0.28067885117493474,0.001825186266777047,0.010921047481113243,0.014450722536126805,1.0,1.0,0.0,0.0,0.0,0.0,1.0,1.0,0.0,0.0,0.0,0.0,0.0,1.0,0.0,MEDIUM
0.0008958018224776302,0.34627937336814624,0.0017860751324889675,0.01068618624496027,0.01295064753237662,0.941176470588232,1.0,0.0,0.0,0.0,0.0,1.0,1.0,0.0,0.0,0.0,0.0,0.0,1.0,0.0,MEDIUM
0.00029353098767093827,0.3462140992167102,0.0005410373576517675,0.0029749089912709907,0.01295064753237662,0.941176470588232,1.0,0.0,0.0,0.0,0.0,1.0,1.0,0.0,0.0,0.0,0.0,0.0,1.0,0.0,MEDIUM
0.0011148093987709716,0.3067885117493473,0.0022358531768018825,0.013406662230398873,0.008550427521376068,0.764705882352942,0.5,0.0,0.0,1.0,0.0,0.0,1.0,0.0,0.0,0.0,0.0,0.0,1.0,0.0,MEDIUM
0.0009353448570861497,0.4569190600522194,0.0018708159234464732,0.011155908717266216,0.014450722536126805,1.0,1.0,0.0,0.0,0.0,0.0,1.0,1.0,0.0,0.0,0.0,0.0,0.0,1.0,0.0,MEDIUM
0.0008843951778790176,0.34738903394255877,0.001760001042963581,0.010549183857204368,0.01295064753237662,0.941176470588232,1.0,0.0,0.0,0.0,0.0,1.0,1.0,0.0,0.0,0.0,0.0,0.0,1.0,0.0,MEDIUM
0.0008486543581367016,0.6355744125326371,0.0016882972967687685,0.010099033154577837,0.03495174758737937,0.852941176470587,1.0,0.0,1.0,0.0,0.0,0.0,0.0,1.0,0.0,0.0,0.0,0.0,1.0,0.0,SHORT
0.0009353448570861497,0.4569190600522194,0.0018708159234464732,0.011155908717266216,0.014450722536126805,1.0,1.0,0.0,0.0,0.0,0.0,1.0,1.0,0.0,0.0,0.0,0.0,0.0,1.0,0.0,MEDIUM
0.002301860879999817,0.33942558746736295,0.0046085953236120435,0.027654910557012566,0.03495174758737937,0.647058823529413,1.0,0.0,0.0,1.0,0.0,0.0,1.0,0.0,0.0,0.0,0.0,0.0,1.0,0.0,LONG
0.000295051873617419,0.6341383812010445,0.0005410373576517675,0.003033624300309234,0.00015000750037501875,0.852941176470587,0.0,0.0,0.0,0.0,0.0,1.0,0.0,1.0,0.0,0.0,0.0,0.0,1.0,0.0,SHORT
0.0008843951778790176,0.34738903394255877,0.0017632603041542543,0.010549183857204368,0.01295064753237662,0.970588235294116,1.0,0.0,0.0,0.0,0.0,1.0,1.0,0.0,0.0,0.0,0.0,0.0,1.0,0.0,MEDIUM
0.001970307743666841,0.5736945169712794,0.003960002346668058,0.02372098485145027,0.007350367518375919,0.911764705882355,1.0,0.0,0.0,0.0,1.0,0.0,1.0,0.0,0.0,0.0,0.0,0.0,1.0,0.0,MEDIUM
0.0008958018224776302,0.34627937336814624,0.0017860751324889675,0.01068618624496027,0.01295064753237662,0.941176470588232,1.0,0.0,0.0,0.0,0.0,1.0,1.0,0.0,0.0,0.0,0.0,0.0,1.0,0.0,MEDIUM
0.001970307743666841,0.5736945169712794,0.003960002346668058,0.02372098485145027,0.007350367518375919,0.911764705882355,1.0,0.0,0.0,0.0,1.0,0.0,1.0,0.0,0.0,0.0,0.0,0.0,1.0,0.0,MEDIUM
0.0002783221282061229,0.6360966057441254,0.0005084447457450346,0.002779191294476847,5.000250012500625e-05,0.970588235294116,0.0,0.0,0.0,0.0,0.0,1.0,1.0,0.0,0.0,0.0,0.0,0.0,1.0,0.0,SHORT
0.0009353448570861497,0.4569190600522194,0.0018708159234464732,0.011155908717266216,0.014450722536126805,1.0,1.0,0.0,0.0,0.0,0.0,1.0,1.0,0.0,0.0,0.0,0.0,0.0,1.0,0.0,MEDIUM
0.0008958018224776302,0.34627937336814624,0.001792593654870314,0.010666614475280856,0.01295064753237662,0.911764705882355,1.0,0.0,0.0,0.0,0.0,1.0,1.0,0.0,0.0,0.0,0.0,0.0,1.0,0.0,MEDIUM
0.0019832352742119343,0.5736292428198434,0.003986076436193444,0.023877559008885586,0.007350367518375919,0.970588235294116,1.0,0.0,0.0,0.0,1.0,0.0,1.0,0.0,0.0,0.0,0.0,0.0,1.0,0.0,MEDIUM
0.10283546371432285,0.000391644908616188,0.11664895801419735,0.7003562062081654,0.18085904295214758,0.911764705882355,1.0,0.0,0.0,1.0,0.0,0.0,1.0,0.0,0.0,0.0,0.0,1.0,0.0,0.0,LONG
0.0004570262269177035,0.34732375979112273,0.0008702227379097706,0.005166947195365405,0.01295064753237662,0.970588235294116,1.0,0.0,0.0,0.0,0.0,1.0,1.0,0.0,0.0,0.0,0.0,0.0,1.0,0.0,MEDIUM
0.0007779331616253101,0.34738903394255877,0.0015416305431884701,0.00921830351900419,0.01295064753237662,0.970588235294116,1.0,0.0,0.0,0.0,0.0,1.0,1.0,0.0,0.0,0.0,0.0,0.0,1.0,0.0,MEDIUM
0.00039999300392464573,0.6370104438642299,0.0007691856409988984,0.004325361099150585,5.000250012500625e-05,0.941176470588232,0.0,0.0,0.0,0.0,0.0,1.0,1.0,0.0,0.0,0.0,0.0,0.0,1.0,0.0,SHORT
0.0012615748926064416,0.5639033942558748,0.0025389644675344993,0.015187693271225586,0.04295214760738037,0.852941176470587,1.0,0.0,0.0,0.0,0.0,1.0,1.0,0.0,0.0,0.0,0.0,0.0,1.0,0.0,LONG
0.0008958018224776302,0.34634464751958227,0.0017860751324889675,0.01068618624496027,0.01295064753237662,0.941176470588232,1.0,0.0,0.0,0.0,0.0,1.0,1.0,0.0,0.0,0.0,0.0,0.0,1.0,0.0,MEDIUM
0.0008843951778790176,0.34738903394255877,0.0017632603041542543,0.010549183857204368,0.01295064753237662,0.970588235294116,1.0,0.0,0.0,0.0,0.0,1.0,1.0,0.0,0.0,0.0,0.0,0.0,1.0,0.0,MEDIUM
0.0008843951778790176,0.34738903394255877,0.0017632603041542543,0.010549183857204368,0.01295064753237662,0.970588235294116,1.0,0.0,0.0,0.0,0.0,1.0,1.0,0.0,0.0,0.0,0.0,0.0,1.0,0.0,MEDIUM
0.10283318238540314,0.018146214099216712,0.11667503210372274,0.7001800602810506,0.10995549777488874,0.911764705882355,1.0,0.0,1.0,0.0,0.0,0.0,0.0,0.0,1.0,0.0,0.0,1.0,0.0,0.0,LONG
0.0009148128968086491,0.28067885117493474,0.001825186266777047,0.010921047481113243,0.014450722536126805,1.0,1.0,0.0,0.0,0.0,0.0,1.0,1.0,0.0,0.0,0.0,0.0,0.0,1.0,0.0,MEDIUM
0.00033079269335973584,0.34732375979112273,0.0006388151933719665,0.0033663443848592793,0.01295064753237662,0.970588235294116,1.0,0.0,0.0,0.0,0.0,1.0,1.0,0.0,0.0,0.0,0.0,0.0,1.0,0.0,MEDIUM
0.0019178371785132271,0.5739556135770236,0.003858965249757185,0.023094688221709007,0.007350367518375919,0.941176470588232,0.5,0.0,0.0,0.0,1.0,0.0,1.0,0.0,0.0,0.0,0.0,0.0,1.0,0.0,MEDIUM
0.0008958018224776302,0.34627937336814624,0.0017860751324889675,0.01068618624496027,0.01295064753237662,0.941176470588232,1.0,0.0,0.0,0.0,0.0,1.0,1.0,0.0,0.0,0.0,0.0,0.0,1.0,0.0,MEDIUM
0.0002942914306441795,0.34725848563968675,0.000534518835270421,0.003033624300309234,0.01295064753237662,0.970588235294116,1.0,0.0,0.0,0.0,0.0,1.0,1.0,0.0,0.0,0.0,0.0,0.0,1.0,0.0,MEDIUM
0.0009353448570861497,0.4569190600522194,0.0018708159234464732,0.011155908717266216,0.01295064753237662,0.941176470588232,1.0,0.0,0.0,0.0,0.0,1.0,1.0,0.0,0.0,0.0,0.0,0.0,1.0,0.0,MEDIUM
0.0009208964405945756,0.637467362924282,0.0018414825727304136,0.010979762790151486,0.01295064753237662,0.970588235294116,1.0,0.0,0.0,0.0,0.0,1.0,1.0,0.0,0.0,0.0,0.0,0.0,1.0,0.0,MEDIUM
0.0008843951778790176,0.34738903394255877,0.0017632603041542543,0.010549183857204368,0.01295064753237662,0.970588235294116,1.0,0.0,0.0,0.0,0.0,1.0,1.0,0.0,0.0,0.0,0.0,0.0,1.0,0.0,MEDIUM
0.10283546371432285,6.527415143603134e-05,0.1166685135813414,0.7002387755900888,0.1648582429121456,0.911764705882355,1.0,0.0,0.0,0.0,0.0,1.0,1.0,0.0,0.0,0.0,0.0,1.0,0.0,0.0,LONG
0.10283166149945666,0.227023498694517,0.11687710629754448,0.6989666105609269,0.0712035601780089,0.705882352941174,1.0,0.0,0.0,1.0,0.0,0.0,0.0,0.0,1.0,0.0,0.0,1.0,0.0,0.0,LONG
0.0005824993175024317,0.6351827676240209,0.0011440006779263278,0.006713117000039144,0.00015000750037501875,0.941176470588232,0.0,0.0,0.0,0.0,0.0,1.0,0.0,1.0,0.0,0.0,0.0,0.0,1.0,0.0,SHORT
0.10283470327134961,6.527415143603134e-05,0.116642439491816,0.7003953497475242,0.17995899794989748,0.823529411764703,1.0,0.0,0.0,1.0,0.0,0.0,1.0,0.0,0.0,0.0,0.0,1.0,0.0,0.0,LONG
0.0007657660740534571,0.4382506527415144,0.0015318527596164502,0.008983442282851216,0.3249662483124156,0.941176470588232,1.0,1.0,0.0,0.0,0.0,0.0,0.0,1.0,0.0,0.0,0.0,0.0,1.0,0.0,MEDIUM
0.0008843951778790176,0.34738903394255877,0.0017632603041542543,0.010549183857204368,0.01295064753237662,0.970588235294116,1.0,0.0,0.0,0.0,0.0,1.0,1.0,0.0,0.0,0.0,0.0,0.0,1.0,0.0,MEDIUM
0.0008958018224776302,0.34627937336814624,0.0017860751324889675,0.01068618624496027,0.01295064753237662,0.911764705882355,1.0,0.0,0.0,0.0,0.0,1.0,1.0,0.0,0.0,0.0,0.0,0.0,1.0,0.0,MEDIUM
0.0019505362263625807,0.5738250652741514,0.003920891212379978,0.02350569538497671,0.007350367518375919,0.941176470588232,0.5,0.0,0.0,0.0,1.0,0.0,1.0,0.0,0.0,0.0,0.0,0.0,1.0,0.0,MEDIUM
0.10283394282837638,0.014360313315926895,0.11669784693205745,0.7000430578932948,0.29546477323866194,0.44117647058823195,1.0,0.0,0.0,1.0,0.0,0.0,1.0,0.0,0.0,0.0,0.0,1.0,0.0,0.0,LONG
0.048214365832384684,0.41442558746736297,0.12508718523685053,0.03871296042588171,0.1249562478123906,0.735294117647058,1.0,1.0,0.0,0.0,0.0,0.0,1.0,0.0,0.0,0.0,1.0,0.0,0.0,0.0,MEDIUM
0.0009330635281664269,0.6370104438642299,0.0018936307517811864,0.010979762790151486,0.004950247512375619,0.941176470588232,0.5,0.0,0.0,1.0,0.0,0.0,0.0,1.0,0.0,0.0,0.0,0.0,1.0,0.0,MEDIUM
0.0008843951778790176,0.34738903394255877,0.0017632603041542543,0.010549183857204368,0.01295064753237662,0.970588235294116,1.0,0.0,0.0,0.0,0.0,1.0,1.0,0.0,0.0,0.0,0.0,0.0,1.0,0.0,MEDIUM
0.0009148128968086491,0.28067885117493474,0.001825186266777047,0.010921047481113243,0.01295064753237662,0.970588235294116,1.0,0.0,0.0,0.0,0.0,1.0,1.0,0.0,0.0,0.0,0.0,0.0,1.0,0.0,MEDIUM
0.0008843951778790176,0.34738903394255877,0.0017632603041542543,0.010549183857204368,0.01295064753237662,0.970588235294116,1.0,0.0,0.0,0.0,0.0,1.0,1.0,0.0,0.0,0.0,0.0,0.0,1.0,0.0,MEDIUM
0.0019763912874527674,0.5736292428198434,0.0039762986526214236,0.023799271930167926,0.007350367518375919,0.911764705882355,1.0,0.0,0.0,0.0,1.0,0.0,1.0,0.0,0.0,0.0,0.0,0.0,1.0,0.0,MEDIUM
0.0008843951778790176,0.34738903394255877,0.0017632603041542543,0.010549183857204368,0.01295064753237662,0.970588235294116,1.0,0.0,0.0,0.0,0.0,1.0,1.0,0.0,0.0,0.0,0.0,0.0,1.0,0.0,MEDIUM
0.10283394282837638,0.08798955613577024,0.11667177284253206,0.7002192038204095,0.0736536826841342,0.029411764705884025,1.0,0.0,0.0,0.0,1.0,0.0,1.0,0.0,0.0,0.0,0.0,1.0,0.0,0.0,MEDIUM
0.0008958018224776302,0.34627937336814624,0.0017860751324889675,0.01068618624496027,0.01295064753237662,0.941176470588232,1.0,0.0,0.0,0.0,0.0,1.0,1.0,0.0,0.0,0.0,0.0,0.0,1.0,0.0,MEDIUM
0.002435698843290193,0.5385117493472585,0.004924743659107353,0.028907503816495088,0.013950697534876743,0.5588235294117609,0.5,1.0,0.0,0.0,0.0,0.0,1.0,0.0,0.0,0.0,0.0,0.0,1.0,0.0,MEDIUM
0.0008843951778790176,0.34738903394255877,0.0017632603041542543,0.010529612087524955,0.01295064753237662,0.970588235294116,1.0,0.0,0.0,0.0,0.0,1.0,1.0,0.0,0.0,0.0,0.0,0.0,1.0,0.0,MEDIUM
0.0008958018224776302,0.34627937336814624,0.0017860751324889675,0.01068618624496027,0.01295064753237662,0.911764705882355,1.0,0.0,0.0,0.0,0.0,1.0,1.0,0.0,0.0,0.0,0.0,0.0,1.0,0.0,MEDIUM
0.0008958018224776302,0.34627937336814624,0.0017860751324889675,0.01068618624496027,0.01295064753237662,0.941176470588232,1.0,0.0,0.0,0.0,0.0,1.0,1.0,0.0,0.0,0.0,0.0,0.0,1.0,0.0,MEDIUM
0.0008843951778790176,0.34738903394255877,0.0017632603041542543,0.010549183857204368,0.01295064753237662,0.941176470588232,1.0,0.0,0.0,0.0,0.0,1.0,1.0,0.0,0.0,0.0,0.0,0.0,1.0,0.0,MEDIUM
0.0010889543376807857,0.6401436031331593,0.0022325939156112094,0.012780365600657612,0.0056002800140007,0.647058823529413,0.5,0.0,0.0,1.0,0.0,0.0,0.0,1.0,0.0,0.0,0.0,0.0,1.0,0.0,SHORT
0.0019573802131217476,0.5738250652741514,0.0039339282571426715,0.023564410694014954,0.007350367518375919,1.0,1.0,0.0,0.0,0.0,1.0,0.0,1.0,0.0,0.0,0.0,0.0,0.0,1.0,0.0,MEDIUM
0.0019436922396034138,0.5737597911227155,0.003907854167617284,0.02340783653657964,0.007350367518375919,1.0,0.5,0.0,0.0,0.0,1.0,0.0,1.0,0.0,0.0,0.0,0.0,0.0,1.0,0.0,MEDIUM
0.0008843951778790176,0.34738903394255877,0.0017632603041542543,0.010549183857204368,0.01295064753237662,0.970588235294116,1.0,0.0,0.0,0.0,0.0,1.0,1.0,0.0,0.0,0.0,0.0,0.0,1.0,0.0,MEDIUM
0.0009353448570861497,0.4569190600522194,0.0018708159234464732,0.01117548048694563,0.014450722536126805,1.0,1.0,0.0,0.0,0.0,0.0,1.0,1.0,0.0,0.0,0.0,0.0,0.0,1.0,0.0,MEDIUM
0.0009208964405945756,0.637402088772846,0.0018382233115397403,0.0109993345598309,0.01295064753237662,0.970588235294116,1.0,0.0,0.0,0.0,0.0,1.0,1.0,0.0,0.0,0.0,0.0,0.0,1.0,0.0,MEDIUM
0.001970307743666841,0.5736945169712794,0.003960002346668058,0.02372098485145027,0.007350367518375919,0.941176470588232,0.5,0.0,0.0,0.0,1.0,0.0,1.0,0.0,0.0,0.0,0.0,0.0,1.0,0.0,MEDIUM
0.00044942179718529627,0.3462140992167102,0.0008800005214817905,0.0049125141895330175,0.01295064753237662,0.941176470588232,1.0,0.0,0.0,0.0,0.0,1.0,1.0,0.0,0.0,0.0,0.0,0.0,1.0,0.0,MEDIUM
0.0012615748926064416,0.5639686684073107,0.0025389644675344993,0.015187693271225586,0.04295214760738037,0.823529411764703,1.0,0.0,0.0,0.0,0.0,1.0,1.0,0.0,0.0,0.0,0.0,0.0,1.0,0.0,LONG
0.0008843951778790176,0.34738903394255877,0.0017632603041542543,0.010549183857204368,0.01295064753237662,0.970588235294116,1.0,0.0,0.0,0.0,0.0,1.0,1.0,0.0,0.0,0.0,0.0,0.0,1.0,0.0,MEDIUM
0.0008828742919325368,0.34738903394255877,0.0017567417817729077,0.010529612087524955,0.01295064753237662,0.941176470588232,1.0,0.0,0.0,0.0,0.0,1.0,1.0,0.0,0.0,0.0,0.0,0.0,1.0,0.0,MEDIUM
0.0008843951778790176,0.34738903394255877,0.0017632603041542543,0.010549183857204368,0.01295064753237662,0.970588235294116,1.0,0.0,0.0,0.0,0.0,1.0,1.0,0.0,0.0,0.0,0.0,0.0,1.0,0.0,MEDIUM
0.0019307647090583205,0.5738250652741514,0.0038817800780918984,0.023251262379144322,0.007350367518375919,0.941176470588232,1.0,0.0,0.0,0.0,1.0,0.0,1.0,0.0,0.0,0.0,0.0,0.0,1.0,0.0,MEDIUM
0.0008843951778790176,0.34738903394255877,0.0017632603041542543,0.010549183857204368,0.01295064753237662,0.970588235294116,1.0,0.0,0.0,0.0,0.0,1.0,1.0,0.0,0.0,0.0,0.0,0.0,1.0,0.0,MEDIUM
0.0008843951778790176,0.34738903394255877,0.0017632603041542543,0.010549183857204368,0.01295064753237662,0.970588235294116,1.0,0.0,0.0,0.0,0.0,1.0,1.0,0.0,0.0,0.0,0.0,0.0,1.0,0.0,MEDIUM
0.000936105300059391,0.6403394255874674,0.001890371490590513,0.011077621638548559,0.0027501375068753435,0.852941176470587,0.5,0.0,0.0,1.0,0.0,0.0,0.0,1.0,0.0,0.0,0.0,0.0,1.0,0.0,SHORT
0.0012524495769275518,0.6413185378590078,0.002666075653970758,0.01418953301757545,0.0679533976698835,0.41176470588235503,1.0,0.0,0.0,1.0,0.0,0.0,0.0,1.0,0.0,0.0,0.0,0.0,1.0,0.0,MEDIUM
0.0009148128968086491,0.2807441253263708,0.001825186266777047,0.010921047481113243,0.014450722536126805,1.0,1.0,0.0,0.0,0.0,0.0,1.0,1.0,0.0,0.0,0.0,0.0,0.0,1.0,0.0,MEDIUM
0.05786134539091713,0.36063968668407315,0.07574523007124745,0.45416291541081144,0.03610180509025451,0.794117647058826,1.0,0.0,0.0,1.0,0.0,0.0,0.0,0.0,1.0,0.0,0.0,0.0,0.0,1.0,LONG
0.045012140472067794,0.4212140992167102,0.06244092589091905,0.37385994441617415,0.04865243262163108,0.970588235294116,1.0,1.0,0.0,0.0,0.0,0.0,0.0,0.0,1.0,0.0,0.0,0.0,0.0,1.0,LONG
0.001970307743666841,0.5736292428198434,0.003960002346668058,0.02372098485145027,0.007350367518375919,0.911764705882355,1.0,0.0,0.0,0.0,1.0,0.0,1.0,0.0,0.0,0.0,0.0,0.0,1.0,0.0,MEDIUM
0.0009148128968086491,0.28067885117493474,0.001825186266777047,0.010921047481113243,0.014450722536126805,1.0,1.0,0.0,0.0,0.0,0.0,1.0,1.0,0.0,0.0,0.0,0.0,0.0,1.0,0.0,MEDIUM
0.00032775092146677346,0.6370104438642299,0.0006192596262279267,0.0033859161545386936,5.000250012500625e-05,0.941176470588232,0.0,0.0,0.0,0.0,0.0,1.0,1.0,0.0,0.0,0.0,0.0,0.0,1.0,0.0,SHORT
0.0008843951778790176,0.34738903394255877,0.0017632603041542543,0.010549183857204368,0.01295064753237662,0.970588235294116,1.0,0.0,0.0,0.0,0.0,1.0,1.0,0.0,0.0,0.0,0.0,0.0,1.0,0.0,MEDIUM
0.0009353448570861497,0.4569190600522194,0.0018708159234464732,0.011155908717266216,0.014450722536126805,1.0,1.0,0.0,0.0,0.0,0.0,1.0,1.0,0.0,0.0,0.0,0.0,0.0,1.0,0.0,MEDIUM
0.0008843951778790176,0.34738903394255877,0.0017632603041542543,0.010549183857204368,0.01295064753237662,0.970588235294116,1.0,0.0,0.0,0.0,0.0,1.0,1.0,0.0,0.0,0.0,0.0,0.0,1.0,0.0,MEDIUM
0.0009353448570861497,0.4569190600522194,0.0018708159234464732,0.011155908717266216,0.014450722536126805,1.0,1.0,0.0,0.0,0.0,0.0,1.0,1.0,0.0,0.0,0.0,0.0,0.0,1.0,0.0,MEDIUM
0.0008958018224776302,0.34627937336814624,0.0017860751324889675,0.010705758014639685,0.01295064753237662,0.941176470588232,1.0,0.0,0.0,0.0,0.0,1.0,1.0,0.0,0.0,0.0,0.0,0.0,1.0,0.0,MEDIUM
0.00046615154259659324,0.3462140992167102,0.000896296827435157,0.005245234274083063,0.01295064753237662,0.941176470588232,1.0,0.0,0.0,0.0,0.0,1.0,1.0,0.0,0.0,0.0,0.0,0.0,1.0,0.0,MEDIUM
0.0008958018224776302,0.34634464751958227,0.0017893343936796408,0.01068618624496027,0.01295064753237662,0.941176470588232,1.0,0.0,0.0,0.0,0.0,1.0,1.0,0.0,0.0,0.0,0.0,0.0,1.0,0.0,MEDIUM
0.0008958018224776302,0.34627937336814624,0.0017860751324889675,0.01068618624496027,0.01295064753237662,0.911764705882355,1.0,0.0,0.0,0.0,0.0,1.0,1.0,0.0,0.0,0.0,0.0,0.0,1.0,0.0,MEDIUM
0.10418144777695902,0.016122715404699742,0.11777014386378896,0.7071476102869222,0.12450622531126557,0.529411764705884,1.0,0.0,0.0,1.0,0.0,0.0,1.0,0.0,0.0,0.0,0.0,1.0,0.0,0.0,LONG
0.0008843951778790176,0.34738903394255877,0.0017632603041542543,0.010549183857204368,0.01295064753237662,0.970588235294116,1.0,0.0,0.0,0.0,0.0,1.0,1.0,0.0,0.0,0.0,0.0,0.0,1.0,0.0,MEDIUM
0.10281493175404535,0.356201044386423,0.11856866285550392,0.6886327161701962,0.20996049802490122,0.647058823529413,1.0,0.0,1.0,0.0,0.0,0.0,0.0,0.0,1.0,0.0,0.0,1.0,0.0,0.0,LONG
0.0008843951778790176,0.34738903394255877,0.0017632603041542543,0.010549183857204368,0.01295064753237662,0.970588235294116,1.0,0.0,0.0,0.0,0.0,1.0,1.0,0.0,0.0,0.0,0.0,0.0,1.0,0.0,MEDIUM
0.0009208964405945756,0.637467362924282,0.001834964050349067,0.011018906329510315,0.01295064753237662,0.970588235294116,1.0,0.0,0.0,0.0,0.0,1.0,1.0,0.0,0.0,0.0,0.0,0.0,1.0,0.0,MEDIUM
0.0009148128968086491,0.28067885117493474,0.001825186266777047,0.010921047481113243,0.014450722536126805,1.0,1.0,0.0,0.0,0.0,0.0,1.0,1.0,0.0,0.0,0.0,0.0,0.0,1.0,0.0,MEDIUM
0.0008843951778790176,0.34738903394255877,0.0017632603041542543,0.010549183857204368,0.01295064753237662,0.970588235294116,1.0,0.0,0.0,0.0,0.0,1.0,1.0,0.0,0.0,0.0,0.0,0.0,1.0,0.0,MEDIUM
0.00026995725550047443,0.6344647519582246,0.000501926223363688,0.002603045367362117,0.00015000750037501875,0.882352941176471,0.0,0.0,0.0,0.0,0.0,1.0,0.0,1.0,0.0,0.0,0.0,0.0,1.0,0.0,SHORT
0.0008958018224776302,0.34634464751958227,0.0017893343936796408,0.01068618624496027,0.01295064753237662,0.941176470588232,1.0,0.0,0.0,0.0,0.0,1.0,1.0,0.0,0.0,0.0,0.0,0.0,1.0,0.0,MEDIUM
0.0008836347349057781,0.34738903394255877,0.001760001042963581,0.010549183857204368,0.01295064753237662,0.970588235294116,1.0,0.0,0.0,0.0,0.0,1.0,1.0,0.0,0.0,0.0,0.0,0.0,1.0,0.0,MEDIUM
0.0009353448570861497,0.4569190600522194,0.0018708159234464732,0.011155908717266216,0.014450722536126805,1.0,1.0,0.0,0.0,0.0,0.0,1.0,1.0,0.0,0.0,0.0,0.0,0.0,1.0,0.0,MEDIUM
0.10283394282837638,0.012140992167101829,0.11667829136491341,0.7001604885113712,0.1249562478123906,0.5588235294117609,1.0,0.0,0.0,1.0,0.0,0.0,1.0,0.0,0.0,0.0,0.0,1.0,0.0,0.0,LONG
0.0012615748926064416,0.5639686684073107,0.0025389644675344993,0.015187693271225586,0.04295214760738037,0.882352941176471,1.0,0.0,0.0,0.0,0.0,1.0,1.0,0.0,0.0,0.0,0.0,0.0,1.0,0.0,LONG
0.0008843951778790176,0.34738903394255877,0.0017632603041542543,0.010549183857204368,0.01295064753237662,0.970588235294116,1.0,0.0,0.0,0.0,0.0,1.0,1.0,0.0,0.0,0.0,0.0,0.0,1.0,0.0,MEDIUM
0.0019573802131217476,0.5738250652741514,0.0039339282571426715,0.023564410694014954,0.007350367518375919,0.941176470588232,1.0,0.0,0.0,0.0,1.0,0.0,1.0,0.0,0.0,0.0,0.0,0.0,1.0,0.0,MEDIUM
0.0009148128968086491,0.28067885117493474,0.001825186266777047,0.010921047481113243,0.014450722536126805,1.0,1.0,0.0,0.0,0.0,0.0,1.0,1.0,0.0,0.0,0.0,0.0,0.0,1.0,0.0,MEDIUM
0.10439817402433266,0.009856396866840731,0.11801458845308946,0.7078521939953811,0.104005200260013,0.5,1.0,0.0,0.0,1.0,0.0,0.0,1.0,0.0,0.0,0.0,0.0,1.0,0.0,0.0,LONG
0.0008958018224776302,0.34634464751958227,0.0017860751324889675,0.01068618624496027,0.01295064753237662,0.970588235294116,1.0,0.0,0.0,0.0,0.0,1.0,1.0,0.0,0.0,0.0,0.0,0.0,1.0,0.0,MEDIUM
0.00028364522901880816,0.3460182767624021,0.0005117040069357078,0.002896621912553333,0.01295064753237662,0.941176470588232,1.0,0.0,0.0,0.0,0.0,1.0,1.0,0.0,0.0,0.0,0.0,0.0,1.0,0.0,MEDIUM
0.048225772476983286,0.3616187989556136,0.06720922501287409,0.38642502055035816,0.11080554027701385,0.32352941176470296,1.0,0.0,0.0,0.0,0.0,1.0,0.0,0.0,1.0,0.0,0.0,0.0,0.0,1.0,LONG
0.0009148128968086491,0.2807441253263708,0.001825186266777047,0.010921047481113243,0.014450722536126805,1.0,1.0,0.0,0.0,0.0,0.0,1.0,1.0,0.0,0.0,0.0,0.0,0.0,1.0,0.0,MEDIUM
0.00030721896118927113,0.6353785900783291,0.0005801484919398471,0.0030923396093474774,0.00025001250062503126,0.970588235294116,0.0,0.0,0.0,0.0,0.0,1.0,0.0,1.0,0.0,0.0,0.0,0.0,1.0,0.0,SHORT
0.0006737524742913246,0.48028720626631854,0.0013525933941294188,0.007828707871765766,0.8999949997499875,0.882352941176471,1.0,0.0,0.0,0.0,0.0,1.0,0.0,1.0,0.0,0.0,0.0,0.0,1.0,0.0,MEDIUM
0.0008843951778790176,0.34738903394255877,0.0017632603041542543,0.010549183857204368,0.01295064753237662,0.941176470588232,1.0,0.0,0.0,0.0,0.0,1.0,1.0,0.0,0.0,0.0,0.0,0.0,1.0,0.0,MEDIUM
0.001960421985014711,0.5737597911227155,0.003940446779524018,0.023603554233373784,0.007350367518375919,0.941176470588232,0.5,0.0,0.0,0.0,1.0,0.0,1.0,0.0,0.0,0.0,0.0,0.0,1.0,0.0,MEDIUM
0.00033611579417242195,0.34614882506527417,0.0006160003650372534,0.003601205621012252,0.01295064753237662,0.941176470588232,1.0,0.0,0.0,0.0,0.0,1.0,1.0,0.0,0.0,0.0,0.0,0.0,1.0,0.0,MEDIUM
0.0008843951778790176,0.34738903394255877,0.0017632603041542543,0.010549183857204368,0.01295064753237662,0.970588235294116,1.0,0.0,0.0,0.0,0.0,1.0,1.0,0.0,0.0,0.0,0.0,0.0,1.0,0.0,MEDIUM
0.0008843951778790176,0.34738903394255877,0.0017632603041542543,0.010549183857204368,0.01295064753237662,0.970588235294116,1.0,0.0,0.0,0.0,0.0,1.0,1.0,0.0,0.0,0.0,0.0,0.0,1.0,0.0,MEDIUM
0.0019832352742119343,0.5736292428198434,0.003986076436193444,0.023877559008885586,0.007350367518375919,0.970588235294116,1.0,0.0,0.0,0.0,1.0,0.0,1.0,0.0,0.0,0.0,0.0,0.0,1.0,0.0,MEDIUM
0.0008843951778790176,0.34738903394255877,0.0017632603041542543,0.010549183857204368,0.01295064753237662,0.970588235294116,1.0,0.0,0.0,0.0,0.0,1.0,1.0,0.0,0.0,0.0,0.0,0.0,1.0,0.0,MEDIUM
0.0008843951778790176,0.34738903394255877,0.0017632603041542543,0.010549183857204368,0.01295064753237662,0.970588235294116,1.0,0.0,0.0,0.0,0.0,1.0,1.0,0.0,0.0,0.0,0.0,0.0,1.0,0.0,MEDIUM
0.0009345844141129085,0.6357702349869453,0.0018936307517811864,0.011018906329510315,0.005950297514875744,0.823529411764703,0.5,0.0,0.0,1.0,0.0,0.0,0.0,1.0,0.0,0.0,0.0,0.0,1.0,0.0,SHORT
0.0009208964405945756,0.637467362924282,0.0018414825727304136,0.0109993345598309,0.01295064753237662,0.970588235294116,1.0,0.0,0.0,0.0,0.0,1.0,1.0,0.0,0.0,0.0,0.0,0.0,1.0,0.0,MEDIUM
0.00029657275956390065,0.34614882506527417,0.000534518835270421,0.003072767839668063,0.01295064753237662,0.941176470588232,1.0,0.0,0.0,0.0,0.0,1.0,1.0,0.0,0.0,0.0,0.0,0.0,1.0,0.0,MEDIUM
0.0005034132482853917,0.34627937336814624,0.0009712598348206429,0.005734528516068423,0.01295064753237662,0.941176470588232,1.0,0.0,0.0,0.0,0.0,1.0,1.0,0.0,0.0,0.0,0.0,0.0,1.0,0.0,MEDIUM
0.0009475119446580018,0.3264360313315927,0.001900149274162533,0.011292911105022117,0.004950247512375619,0.970588235294116,0.5,0.0,1.0,0.0,0.0,0.0,0.0,0.0,1.0,0.0,0.0,0.0,1.0,0.0,MEDIUM
0.0008958018224776302,0.34634464751958227,0.0017860751324889675,0.01068618624496027,0.01295064753237662,0.941176470588232,1.0,0.0,0.0,0.0,0.0,1.0,1.0,0.0,0.0,0.0,0.0,0.0,1.0,0.0,MEDIUM
0.001120892942556898,0.6424934725848565,0.0022651865275179423,0.013367518691040045,0.0,0.588235294117645,0.0,0.0,0.0,1.0,0.0,0.0,0.0,0.0,0.0,1.0,0.0,0.0,1.0,0.0,SHORT
0.0008843951778790176,0.34738903394255877,0.0017632603041542543,0.010549183857204368,0.01295064753237662,0.970588235294116,1.0,0.0,0.0,0.0,0.0,1.0,1.0,0.0,0.0,0.0,0.0,0.0,1.0,0.0,MEDIUM
0.0002752803563131597,0.6336161879895561,0.000501926223363688,0.002740047755118018,0.00017500875043752187,0.823529411764703,0.0,0.0,0.0,1.0,0.0,0.0,0.0,0.0,0.0,1.0,0.0,0.0,1.0,0.0,SHORT
0.0008843951778790176,0.34738903394255877,0.001760001042963581,0.010568755626883784,0.01295064753237662,0.970588235294116,1.0,0.0,0.0,0.0,0.0,1.0,1.0,0.0,0.0,0.0,0.0,0.0,1.0,0.0,MEDIUM
0.0009208964405945756,0.637467362924282,0.0018382233115397403,0.0109993345598309,0.01295064753237662,0.970588235294116,1.0,0.0,0.0,0.0,0.0,1.0,1.0,0.0,0.0,0.0,0.0,0.0,1.0,0.0,MEDIUM
0.0008843951778790176,0.34738903394255877,0.0017632603041542543,0.010549183857204368,0.01295064753237662,0.970588235294116,1.0,0.0,0.0,0.0,0.0,1.0,1.0,0.0,0.0,0.0,0.0,0.0,1.0,0.0,MEDIUM
0.0009353448570861497,0.4569190600522194,0.0018708159234464732,0.011155908717266216,0.014450722536126805,1.0,1.0,0.0,0.0,0.0,0.0,1.0,1.0,0.0,0.0,0.0,0.0,0.0,1.0,0.0,MEDIUM
0.0002768012422596413,0.3460835509138382,0.000492148439791668,0.00283790660351509,0.01295064753237662,0.941176470588232,1.0,0.0,0.0,0.0,0.0,1.0,1.0,0.0,0.0,0.0,0.0,0.0,1.0,0.0,MEDIUM
0.0008843951778790176,0.34738903394255877,0.001760001042963581,0.010549183857204368,0.01295064753237662,0.970588235294116,1.0,0.0,0.0,0.0,0.0,1.0,1.0,0.0,0.0,0.0,0.0,0.0,1.0,0.0,MEDIUM
0.0008843951778790176,0.34738903394255877,0.0017632603041542543,0.010549183857204368,0.01295064753237662,0.970588235294116,1.0,0.0,0.0,0.0,0.0,1.0,1.0,0.0,0.0,0.0,0.0,0.0,1.0,0.0,MEDIUM
0.00029201010172445665,0.34614882506527417,0.000524741051698401,0.0030531960699886483,0.01295064753237662,0.941176470588232,1.0,0.0,0.0,0.0,0.0,1.0,1.0,0.0,0.0,0.0,0.0,0.0,1.0,0.0,MEDIUM
0.0008843951778790176,0.34738903394255877,0.0017632603041542543,0.010549183857204368,0.01295064753237662,0.970588235294116,1.0,0.0,0.0,0.0,0.0,1.0,1.0,0.0,0.0,0.0,0.0,0.0,1.0,0.0,MEDIUM
0.0019239207222991536,0.5739556135770236,0.0038687430333292053,0.023172975300426665,0.007350367518375919,0.970588235294116,1.0,0.0,0.0,0.0,1.0,0.0,1.0,0.0,0.0,0.0,0.0,0.0,1.0,0.0,MEDIUM
0.0008729885332804067,0.6368798955613577,0.001760001042963581,0.010275179081692567,0.00037501875093754687,0.852941176470587,0.5,0.0,0.0,1.0,0.0,0.0,0.0,0.0,0.0,1.0,0.0,0.0,1.0,0.0,SHORT
0.0008843951778790176,0.34738903394255877,0.0017632603041542543,0.010549183857204368,0.01295064753237662,0.941176470588232,1.0,0.0,0.0,0.0,0.0,1.0,1.0,0.0,0.0,0.0,0.0,0.0,1.0,0.0,MEDIUM
0.0019178371785132271,0.5739556135770236,0.003858965249757185,0.023094688221709007,0.007350367518375919,0.941176470588232,1.0,0.0,0.0,0.0,1.0,0.0,1.0,0.0,0.0,0.0,0.0,0.0,1.0,0.0,MEDIUM
0.0019505362263625807,0.5738250652741514,0.003924150473570651,0.023486123615297297,0.007350367518375919,0.941176470588232,0.5,0.0,0.0,0.0,1.0,0.0,1.0,0.0,0.0,0.0,0.0,0.0,1.0,0.0,MEDIUM
0.0008843951778790176,0.34738903394255877,0.0017632603041542543,0.010549183857204368,0.01295064753237662,0.970588235294116,1.0,0.0,0.0,0.0,0.0,1.0,1.0,0.0,0.0,0.0,0.0,0.0,1.0,0.0,MEDIUM
0.0009148128968086491,0.28067885117493474,0.001825186266777047,0.010921047481113243,0.014450722536126805,1.0,1.0,0.0,0.0,0.0,0.0,1.0,1.0,0.0,0.0,0.0,0.0,0.0,1.0,0.0,MEDIUM
0.0012014998977204197,0.29379895561357705,0.002424890325860934,0.014404822484049009,0.0022001100055002746,0.235294117647058,0.5,0.0,0.0,1.0,0.0,0.0,1.0,0.0,0.0,0.0,0.0,0.0,1.0,0.0,MEDIUM
0.0009353448570861497,0.4569190600522194,0.0018708159234464732,0.011155908717266216,0.014450722536126805,1.0,1.0,0.0,0.0,0.0,0.0,1.0,1.0,0.0,0.0,0.0,0.0,0.0,1.0,0.0,MEDIUM
0.000672231588344843,0.6355744125326371,0.0013362970881760524,0.007809136102086351,0.00025001250062503126,1.0,0.5,0.0,0.0,0.0,0.0,1.0,0.0,1.0,0.0,0.0,0.0,0.0,1.0,0.0,SHORT
0.0008958018224776302,0.34627937336814624,0.0017860751324889675,0.01068618624496027,0.01295064753237662,0.941176470588232,1.0,0.0,0.0,0.0,0.0,1.0,1.0,0.0,0.0,0.0,0.0,0.0,1.0,0.0,MEDIUM
0.0008843951778790176,0.34738903394255877,0.0017632603041542543,0.010549183857204368,0.01295064753237662,0.970588235294116,1.0,0.0,0.0,0.0,0.0,1.0,1.0,0.0,0.0,0.0,0.0,0.0,1.0,0.0,MEDIUM
0.10283622415729611,0.00828981723237598,0.11665221727538802,0.7003366344384859,0.2499624981249062,0.5588235294117609,1.0,0.0,0.0,1.0,0.0,0.0,1.0,0.0,0.0,0.0,0.0,1.0,0.0,0.0,LONG
0.0008958018224776302,0.34627937336814624,0.0017860751324889675,0.01068618624496027,0.01295064753237662,0.941176470588232,1.0,0.0,0.0,0.0,0.0,1.0,1.0,0.0,0.0,0.0,0.0,0.0,1.0,0.0,MEDIUM
0.0012615748926064416,0.5639033942558748,0.0025389644675344993,0.015187693271225586,0.04295214760738037,0.852941176470587,1.0,0.0,0.0,0.0,0.0,1.0,1.0,0.0,0.0,0.0,0.0,0.0,1.0,0.0,LONG
0.0008843951778790176,0.34738903394255877,0.0017632603041542543,0.010549183857204368,0.01295064753237662,0.970588235294116,1.0,0.0,0.0,0.0,0.0,1.0,1.0,0.0,0.0,0.0,0.0,0.0,1.0,0.0,MEDIUM
0.0009353448570861497,0.4569190600522194,0.0018708159234464732,0.011155908717266216,0.014450722536126805,1.0,1.0,0.0,0.0,0.0,0.0,1.0,1.0,0.0,0.0,0.0,0.0,0.0,1.0,0.0,MEDIUM
0.0008843951778790176,0.34738903394255877,0.0017632603041542543,0.010549183857204368,0.01295064753237662,0.970588235294116,1.0,0.0,0.0,0.0,0.0,1.0,1.0,0.0,0.0,0.0,0.0,0.0,1.0,0.0,MEDIUM
0.0008843951778790176,0.34738903394255877,0.001760001042963581,0.010549183857204368,0.01295064753237662,0.970588235294116,1.0,0.0,0.0,0.0,0.0,1.0,1.0,0.0,0.0,0.0,0.0,0.0,1.0,0.0,MEDIUM
0.0008843951778790176,0.34738903394255877,0.0017632603041542543,0.010549183857204368,0.01295064753237662,0.970588235294116,1.0,0.0,0.0,0.0,0.0,1.0,1.0,0.0,0.0,0.0,0.0,0.0,1.0,0.0,MEDIUM
0.0008767907481466103,0.1566579634464752,0.0017469639982008879,0.010451325008807296,0.013950697534876743,0.882352941176471,1.0,0.0,0.0,1.0,0.0,0.0,0.0,1.0,0.0,0.0,0.0,0.0,1.0,0.0,MEDIUM
0.2120624506187344,0.4340731070496084,0.30396521716457314,0.5451716444200885,0.1881594079703985,0.29411764705882604,1.0,0.0,0.0,1.0,0.0,0.0,0.0,0.0,0.0,1.0,1.0,0.0,0.0,0.0,LONG
0.001970307743666841,0.5736945169712794,0.003960002346668058,0.02372098485145027,0.007350367518375919,0.911764705882355,1.0,0.0,0.0,0.0,1.0,0.0,1.0,0.0,0.0,0.0,0.0,0.0,1.0,0.0,MEDIUM
0.0002790825711793633,0.3460835509138382,0.0004954077009823413,0.0028770501428739188,0.01295064753237662,0.911764705882355,1.0,0.0,0.0,0.0,0.0,1.0,1.0,0.0,0.0,0.0,0.0,0.0,1.0,0.0,MEDIUM
0.00028592655793853016,0.6351827676240209,0.000534518835270421,0.0028183348338356755,0.00015000750037501875,0.941176470588232,0.5,0.0,0.0,0.0,0.0,1.0,0.0,1.0,0.0,0.0,0.0,0.0,1.0,0.0,SHORT
0.0009208964405945756,0.637467362924282,0.0018414825727304136,0.010979762790151486,0.01295064753237662,0.970588235294116,1.0,0.0,0.0,0.0,0.0,1.0,1.0,0.0,0.0,0.0,0.0,0.0,1.0,0.0,MEDIUM
0.0002684363695539928,0.34725848563968675,0.0004758521338383016,0.002740047755118018,0.01295064753237662,0.970588235294116,1.0,0.0,0.0,0.0,0.0,1.0,1.0,0.0,0.0,0.0,0.0,0.0,1.0,0.0,MEDIUM
0.0019771517304260078,0.5736292428198434,0.003973039391430751,0.023799271930167926,0.007350367518375919,0.911764705882355,1.0,0.0,0.0,0.0,1.0,0.0,1.0,0.0,0.0,0.0,0.0,0.0,1.0,0.0,MEDIUM
0.0008843951778790176,0.34738903394255877,0.0017632603041542543,0.010549183857204368,0.01295064753237662,0.970588235294116,1.0,0.0,0.0,0.0,0.0,1.0,1.0,0.0,0.0,0.0,0.0,0.0,1.0,0.0,MEDIUM
0.0008843951778790176,0.34738903394255877,0.0017632603041542543,0.010549183857204368,0.01295064753237662,0.970588235294116,1.0,0.0,0.0,0.0,0.0,1.0,1.0,0.0,0.0,0.0,0.0,0.0,1.0,0.0,MEDIUM
0.0008958018224776302,0.34627937336814624,0.0017860751324889675,0.01068618624496027,0.01295064753237662,0.941176470588232,1.0,0.0,0.0,0.0,0.0,1.0,1.0,0.0,0.0,0.0,0.0,0.0,1.0,0.0,MEDIUM
0.0012136669852922718,0.5642297650130549,0.0024411866318143007,0.014600540180843153,0.04295214760738037,0.852941176470587,1.0,0.0,0.0,0.0,0.0,1.0,1.0,0.0,0.0,0.0,0.0,0.0,1.0,0.0,LONG
0.0009353448570861497,0.4569190600522194,0.0018708159234464732,0.011155908717266216,0.01295064753237662,0.941176470588232,1.0,0.0,0.0,0.0,0.0,1.0,1.0,0.0,0.0,0.0,0.0,0.0,1.0,0.0,MEDIUM
0.0008843951778790176,0.34738903394255877,0.0017632603041542543,0.010549183857204368,0.01295064753237662,0.970588235294116,1.0,0.0,0.0,0.0,0.0,1.0,1.0,0.0,0.0,0.0,0.0,0.0,1.0,0.0,MEDIUM
0.0008843951778790176,0.34738903394255877,0.0017632603041542543,0.010549183857204368,0.01295064753237662,0.970588235294116,1.0,0.0,0.0,0.0,0.0,1.0,1.0,0.0,0.0,0.0,0.0,0.0,1.0,0.0,MEDIUM
0.0009353448570861497,0.4569190600522194,0.0018708159234464732,0.011155908717266216,0.014450722536126805,1.0,1.0,0.0,0.0,0.0,0.0,1.0,1.0,0.0,0.0,0.0,0.0,0.0,1.0,0.0,MEDIUM
0.0002790825711793633,0.4568537859007833,0.0005149632681263811,0.002759619524797432,0.01295064753237662,0.941176470588232,1.0,0.0,0.0,0.0,0.0,1.0,1.0,0.0,0.0,0.0,0.0,0.0,1.0,0.0,MEDIUM
0.0019505362263625807,0.5738250652741514,0.003920891212379978,0.023486123615297297,0.007350367518375919,1.0,1.0,0.0,0.0,0.0,1.0,0.0,1.0,0.0,0.0,0.0,0.0,0.0,1.0,0.0,MEDIUM
0.0019307647090583205,0.5738250652741514,0.0038850393392825715,0.023251262379144322,0.007350367518375919,0.941176470588232,1.0,0.0,0.0,0.0,1.0,0.0,1.0,0.0,0.0,0.0,0.0,0.0,1.0,0.0,MEDIUM
0.000311781619028716,0.6345953002610967,0.0005768892307491738,0.0032293419971033783,0.00015000750037501875,0.823529411764703,0.0,0.0,0.0,0.0,0.0,1.0,0.0,1.0,0.0,0.0,0.0,0.0,1.0,0.0,SHORT
0.1028377450432426,0.06266318537859009,0.11667177284253206,0.7002583473597683,0.05775288764438222,0.41176470588235503,1.0,0.0,0.0,0.0,0.0,1.0,1.0,0.0,0.0,0.0,0.0,1.0,0.0,0.0,LONG
0.0008843951778790176,0.34738903394255877,0.0017632603041542543,0.010549183857204368,0.01295064753237662,0.970588235294116,1.0,0.0,0.0,0.0,0.0,1.0,1.0,0.0,0.0,0.0,0.0,0.0,1.0,0.0,MEDIUM
0.0008836347349057781,0.34738903394255877,0.0017632603041542543,0.010529612087524955,0.01295064753237662,0.970588235294116,1.0,0.0,0.0,0.0,0.0,1.0,1.0,0.0,0.0,0.0,0.0,0.0,1.0,0.0,MEDIUM
0.001963463756907674,0.5737597911227155,0.003946965301905365,0.02364269777273261,0.007350367518375919,0.941176470588232,1.0,0.0,0.0,0.0,1.0,0.0,1.0,0.0,0.0,0.0,0.0,0.0,1.0,0.0,MEDIUM
0.0008958018224776302,0.34627937336814624,0.0017893343936796408,0.010666614475280856,0.01295064753237662,0.941176470588232,1.0,0.0,0.0,0.0,0.0,1.0,1.0,0.0,0.0,0.0,0.0,0.0,1.0,0.0,MEDIUM
0.0008843951778790176,0.34738903394255877,0.0017632603041542543,0.010549183857204368,0.01295064753237662,0.970588235294116,1.0,0.0,0.0,0.0,0.0,1.0,1.0,0.0,0.0,0.0,0.0,0.0,1.0,0.0,MEDIUM
0.10283394282837638,6.527415143603134e-05,0.11667503210372274,0.7001800602810506,0.2526626331316566,0.6764705882352899,0.5,0.0,1.0,0.0,0.0,0.0,1.0,0.0,0.0,0.0,0.0,1.0,0.0,0.0,LONG
0.0008843951778790176,0.34738903394255877,0.0017632603041542543,0.010549183857204368,0.01295064753237662,0.970588235294116,1.0,0.0,0.0,0.0,0.0,1.0,1.0,0.0,0.0,0.0,0.0,0.0,1.0,0.0,MEDIUM
0.0008958018224776302,0.34627937336814624,0.0017860751324889675,0.01068618624496027,0.01295064753237662,0.941176470588232,1.0,0.0,0.0,0.0,0.0,1.0,1.0,0.0,0.0,0.0,0.0,0.0,1.0,0.0,MEDIUM
0.0008843951778790176,0.34738903394255877,0.0017632603041542543,0.010549183857204368,0.01295064753237662,0.941176470588232,1.0,0.0,0.0,0.0,0.0,1.0,1.0,0.0,0.0,0.0,0.0,0.0,1.0,0.0,MEDIUM
0.10283318238540314,0.0004569190600522194,0.11667503210372274,0.7001604885113712,0.16620831041552075,0.735294117647058,1.0,0.0,0.0,1.0,0.0,0.0,1.0,0.0,0.0,0.0,0.0,1.0,0.0,0.0,LONG
0.0009148128968086491,0.28067885117493474,0.001825186266777047,0.010921047481113243,0.014450722536126805,1.0,1.0,0.0,0.0,0.0,0.0,1.0,1.0,0.0,0.0,0.0,0.0,0.0,1.0,0.0,MEDIUM
0.10283166149945666,0.0764360313315927,0.11801458845308946,0.6921164911731319,0.22676133806690332,0.41176470588235503,1.0,0.0,0.0,0.0,0.0,1.0,1.0,0.0,0.0,0.0,0.0,1.0,0.0,0.0,LONG
0.0008843951778790176,0.34738903394255877,0.0017632603041542543,0.010549183857204368,0.01295064753237662,0.970588235294116,1.0,0.0,0.0,0.0,0.0,1.0,1.0,0.0,0.0,0.0,0.0,0.0,1.0,0.0,MEDIUM
0.0012037812266401425,0.1631201044386423,0.002454223676576994,0.014267820096293108,0.005450272513625681,0.264705882352942,0.5,0.0,0.0,1.0,0.0,0.0,0.0,1.0,0.0,0.0,0.0,0.0,1.0,0.0,SHORT
0.0009148128968086491,0.28067885117493474,0.001825186266777047,0.010921047481113243,0.014450722536126805,1.0,1.0,0.0,0.0,0.0,0.0,1.0,1.0,0.0,0.0,0.0,0.0,0.0,1.0,0.0,MEDIUM
0.00028972877280473465,0.6360966057441254,0.0005312595740797477,0.002935765451912162,5.000250012500625e-05,0.970588235294116,0.5,0.0,0.0,0.0,0.0,1.0,1.0,0.0,0.0,0.0,0.0,0.0,1.0,0.0,SHORT
0.0009148128968086491,0.28067885117493474,0.001825186266777047,0.010921047481113243,0.014450722536126805,1.0,1.0,0.0,0.0,0.0,0.0,1.0,1.0,0.0,0.0,0.0,0.0,0.0,1.0,0.0,MEDIUM
0.0019239207222991536,0.5739556135770236,0.0038687430333292053,0.023172975300426665,0.007350367518375919,0.970588235294116,1.0,0.0,0.0,0.0,1.0,0.0,1.0,0.0,0.0,0.0,0.0,0.0,1.0,0.0,MEDIUM
0.0008843951778790176,0.34738903394255877,0.0017632603041542543,0.010549183857204368,0.01295064753237662,0.970588235294116,1.0,0.0,0.0,0.0,0.0,1.0,1.0,0.0,0.0,0.0,0.0,0.0,1.0,0.0,MEDIUM
0.10283394282837638,0.0003263707571801567,0.11667829136491341,0.7001604885113712,0.28671433571678584,0.823529411764703,1.0,0.0,0.0,1.0,0.0,0.0,1.0,0.0,0.0,0.0,0.0,1.0,0.0,0.0,LONG
0.0012463660331416253,0.2939295039164491,0.0025194089003904596,0.014933260265393197,0.0022001100055002746,0.29411764705882604,0.5,0.0,0.0,1.0,0.0,0.0,1.0,0.0,0.0,0.0,0.0,0.0,1.0,0.0,MEDIUM
0.10285447478865388,0.05698433420365536,0.11672066176039216,0.7001213449720124,0.08825441272063603,0.647058823529413,1.0,1.0,0.0,0.0,0.0,0.0,0.0,1.0,0.0,0.0,0.0,1.0,0.0,0.0,LONG
0.0008958018224776302,0.34634464751958227,0.0017860751324889675,0.01068618624496027,0.01295064753237662,0.911764705882355,1.0,0.0,0.0,0.0,0.0,1.0,1.0,0.0,0.0,0.0,0.0,0.0,1.0,0.0,MEDIUM
0.0008843951778790176,0.34738903394255877,0.0017632603041542543,0.010549183857204368,0.01295064753237662,0.970588235294116,1.0,0.0,0.0,0.0,0.0,1.0,1.0,0.0,0.0,0.0,0.0,0.0,1.0,0.0,MEDIUM
0.10283394282837638,6.527415143603134e-05,0.11666199505896004,0.7002583473597683,0.1824591229561478,0.970588235294116,1.0,0.0,0.0,0.0,0.0,1.0,1.0,0.0,0.0,0.0,0.0,1.0,0.0,0.0,LONG
0.0008958018224776302,0.34634464751958227,0.0017860751324889675,0.010705758014639685,0.01295064753237662,0.911764705882355,1.0,0.0,0.0,0.0,0.0,1.0,1.0,0.0,0.0,0.0,0.0,0.0,1.0,0.0,MEDIUM
0.0008958018224776302,0.34634464751958227,0.0017893343936796408,0.01068618624496027,0.01295064753237662,0.941176470588232,1.0,0.0,0.0,0.0,0.0,1.0,1.0,0.0,0.0,0.0,0.0,0.0,1.0,0.0,MEDIUM
0.0008958018224776302,0.34627937336814624,0.0017893343936796408,0.01068618624496027,0.01295064753237662,0.941176470588232,1.0,0.0,0.0,0.0,0.0,1.0,1.0,0.0,0.0,0.0,0.0,0.0,1.0,0.0,MEDIUM
0.0008958018224776302,0.34627937336814624,0.0017860751324889675,0.010705758014639685,0.01295064753237662,0.941176470588232,1.0,0.0,0.0,0.0,0.0,1.0,1.0,0.0,0.0,0.0,0.0,0.0,1.0,0.0,MEDIUM
0.0008843951778790176,0.34738903394255877,0.0017632603041542543,0.010549183857204368,0.01295064753237662,0.941176470588232,1.0,0.0,0.0,0.0,0.0,1.0,1.0,0.0,0.0,0.0,0.0,0.0,1.0,0.0,MEDIUM
0.00029809364551038314,0.6343994778067885,0.0005605929247958073,0.0029944807609504054,0.00015000750037501875,0.823529411764703,0.0,0.0,0.0,0.0,0.0,1.0,0.0,1.0,0.0,0.0,0.0,0.0,1.0,0.0,SHORT
0.0008843951778790176,0.34738903394255877,0.0017632603041542543,0.010549183857204368,0.01295064753237662,0.970588235294116,1.0,0.0,0.0,0.0,0.0,1.0,1.0,0.0,0.0,0.0,0.0,0.0,1.0,0.0,MEDIUM
0.0008958018224776302,0.34627937336814624,0.0017860751324889675,0.01068618624496027,0.01295064753237662,0.941176470588232,1.0,0.0,0.0,0.0,0.0,1.0,1.0,0.0,0.0,0.0,0.0,0.0,1.0,0.0,MEDIUM
0.0008843951778790176,0.34738903394255877,0.001760001042963581,0.010549183857204368,0.01295064753237662,0.970588235294116,1.0,0.0,0.0,0.0,0.0,1.0,1.0,0.0,0.0,0.0,0.0,0.0,1.0,0.0,MEDIUM
0.0019109931917540603,0.5739556135770236,0.0038426689438038186,0.02301640114299135,0.007350367518375919,0.970588235294116,1.0,0.0,0.0,0.0,1.0,0.0,1.0,0.0,0.0,0.0,0.0,0.0,1.0,0.0,MEDIUM
0.0008843951778790176,0.34738903394255877,0.0017632603041542543,0.010529612087524955,0.01295064753237662,0.970588235294116,1.0,0.0,0.0,0.0,0.0,1.0,1.0,0.0,0.0,0.0,0.0,0.0,1.0,0.0,MEDIUM
0.10283090105648342,0.08015665796344648,0.1166913284096761,0.7000626296629742,0.05775288764438222,0.235294117647058,1.0,0.0,0.0,0.0,0.0,1.0,1.0,0.0,0.0,0.0,0.0,1.0,0.0,0.0,LONG
0.0003406784520118668,0.3460182767624021,0.0006225188874185999,0.003699064469409324,0.01295064753237662,0.911764705882355,1.0,0.0,0.0,0.0,0.0,1.0,1.0,0.0,0.0,0.0,0.0,0.0,1.0,0.0,MEDIUM
0.0019178371785132271,0.5739556135770236,0.003858965249757185,0.023094688221709007,0.007350367518375919,0.941176470588232,1.0,0.0,0.0,0.0,1.0,0.0,1.0,0.0,0.0,0.0,0.0,0.0,1.0,0.0,MEDIUM
0.0008958018224776302,0.34634464751958227,0.0017860751324889675,0.01068618624496027,0.01295064753237662,0.941176470588232,1.0,0.0,0.0,0.0,0.0,1.0,1.0,0.0,0.0,0.0,0.0,0.0,1.0,0.0,MEDIUM
0.0012615748926064416,0.5639686684073107,0.0025389644675344993,0.015187693271225586,0.04295214760738037,0.823529411764703,1.0,0.0,0.0,0.0,0.0,1.0,1.0,0.0,0.0,0.0,0.0,0.0,1.0,0.0,LONG
0.0008843951778790176,0.34738903394255877,0.0017632603041542543,0.010549183857204368,0.01295064753237662,0.970588235294116,1.0,0.0,0.0,0.0,0.0,1.0,1.0,0.0,0.0,0.0,0.0,0.0,1.0,0.0,MEDIUM
0.0009208964405945756,0.637467362924282,0.0018382233115397403,0.010979762790151486,0.01295064753237662,0.970588235294116,1.0,0.0,0.0,0.0,0.0,1.0,1.0,0.0,0.0,0.0,0.0,0.0,1.0,0.0,MEDIUM
0.00028820788685825216,0.34725848563968675,0.0005182225293170544,0.0029749089912709907,0.01295064753237662,0.970588235294116,1.0,0.0,0.0,0.0,0.0,1.0,1.0,0.0,0.0,0.0,0.0,0.0,1.0,0.0,MEDIUM
0.0009353448570861497,0.4569190600522194,0.0018773344458278198,0.011116765177907387,0.014450722536126805,1.0,1.0,0.0,0.0,0.0,0.0,1.0,1.0,0.0,0.0,0.0,0.0,0.0,1.0,0.0,MEDIUM
0.00033839712309214395,0.34614882506527417,0.0006257781486092733,0.003601205621012252,0.01295064753237662,0.941176470588232,1.0,0.0,0.0,0.0,0.0,1.0,1.0,0.0,0.0,0.0,0.0,0.0,1.0,0.0,MEDIUM
0.0008843951778790176,0.34738903394255877,0.0017632603041542543,0.010549183857204368,0.01295064753237662,0.970588235294116,1.0,0.0,0.0,0.0,0.0,1.0,1.0,0.0,0.0,0.0,0.0,0.0,1.0,0.0,MEDIUM
0.000998461623865134,0.6378590078328982,0.002010964154645425,0.01188006419540455,0.022301115055752784,0.764705882352942,1.0,0.0,0.0,0.0,1.0,0.0,0.0,1.0,0.0,0.0,0.0,0.0,1.0,0.0,LONG
0.00042508762204159205,0.35019582245430814,0.0013037044762693193,0.0017418875014678827,0.01295064753237662,0.970588235294116,1.0,0.0,0.0,0.0,0.0,1.0,1.0,0.0,0.0,0.0,0.0,0.0,1.0,0.0,MEDIUM
0.0003133025049751985,0.34614882506527417,0.0005768892307491738,0.003268485536462207,0.01295064753237662,0.911764705882355,1.0,0.0,0.0,0.0,0.0,1.0,1.0,0.0,0.0,0.0,0.0,0.0,1.0,0.0,MEDIUM
0.0008843951778790176,0.34738903394255877,0.0017632603041542543,0.010549183857204368,0.01295064753237662,0.970588235294116,1.0,0.0,0.0,0.0,0.0,1.0,1.0,0.0,0.0,0.0,0.0,0.0,1.0,0.0,MEDIUM
0.0009345844141129085,0.4569190600522194,0.0018708159234464732,0.011155908717266216,0.014450722536126805,1.0,1.0,0.0,0.0,0.0,0.0,1.0,1.0,0.0,0.0,0.0,0.0,0.0,1.0,0.0,MEDIUM
0.0008958018224776302,0.34627937336814624,0.0017860751324889675,0.01068618624496027,0.01295064753237662,0.941176470588232,1.0,0.0,0.0,0.0,0.0,1.0,1.0,0.0,0.0,0.0,0.0,0.0,1.0,0.0,MEDIUM
0.0009148128968086491,0.2807441253263708,0.001825186266777047,0.010921047481113243,0.01295064753237662,0.970588235294116,1.0,0.0,0.0,0.0,0.0,1.0,1.0,0.0,0.0,0.0,0.0,0.0,1.0,0.0,MEDIUM
0.24013724474781048,0.9381201044386424,0.4112046881212967,0.12114925431557522,0.059952997649882496,0.32352941176470296,1.0,0.0,0.0,1.0,0.0,0.0,0.0,0.0,0.0,1.0,1.0,0.0,0.0,0.0,MEDIUM
0.0008843951778790176,0.34738903394255877,0.0017632603041542543,0.010549183857204368,0.01295064753237662,0.970588235294116,1.0,0.0,0.0,0.0,0.0,1.0,1.0,0.0,0.0,0.0,0.0,0.0,1.0,0.0,MEDIUM
0.00026995725550047443,0.34719321148825066,0.00047259287264762824,0.002779191294476847,0.01295064753237662,0.970588235294116,1.0,0.0,0.0,0.0,0.0,1.0,1.0,0.0,0.0,0.0,0.0,0.0,1.0,0.0,MEDIUM
0.0009208964405945756,0.637402088772846,0.0018414825727304136,0.010979762790151486,0.01295064753237662,0.970588235294116,1.0,0.0,0.0,0.0,0.0,1.0,1.0,0.0,0.0,0.0,0.0,0.0,1.0,0.0,MEDIUM
0.048225012034010056,0.3642297650130548,0.06621515034971873,0.3923944103025796,0.11495574778738937,0.882352941176471,1.0,0.0,0.0,0.0,0.0,1.0,0.0,0.0,1.0,0.0,0.0,0.0,0.0,1.0,LONG
0.0008843951778790176,0.34738903394255877,0.0017632603041542543,0.010549183857204368,0.01295064753237662,0.970588235294116,1.0,0.0,0.0,0.0,0.0,1.0,1.0,0.0,0.0,0.0,0.0,0.0,1.0,0.0,MEDIUM
0.0008843951778790176,0.34738903394255877,0.0017632603041542543,0.010549183857204368,0.01295064753237662,0.970588235294116,1.0,0.0,0.0,0.0,0.0,1.0,1.0,0.0,0.0,0.0,0.0,0.0,1.0,0.0,MEDIUM
0.0008843951778790176,0.34738903394255877,0.0017632603041542543,0.010549183857204368,0.01295064753237662,0.970588235294116,1.0,0.0,0.0,0.0,0.0,1.0,1.0,0.0,0.0,0.0,0.0,0.0,1.0,0.0,MEDIUM
0.0012265945158373651,0.6420365535248043,0.002467260721339687,0.014757114338278468,0.03180159007950398,0.941176470588232,1.0,0.0,0.0,1.0,0.0,0.0,0.0,1.0,0.0,0.0,0.0,0.0,1.0,0.0,MEDIUM
0.0009741274487214298,0.5744125326370758,0.001955556714403979,0.011625631189572161,0.007350367518375919,0.911764705882355,1.0,0.0,0.0,0.0,1.0,0.0,1.0,0.0,0.0,0.0,0.0,0.0,1.0,0.0,MEDIUM
0.0011117676268780092,0.639490861618799,0.002248890221564576,0.013250088072963557,0.01295064753237662,0.588235294117645,1.0,0.0,1.0,0.0,0.0,0.0,0.0,0.0,0.0,1.0,0.0,0.0,1.0,0.0,SHORT
0.0008843951778790176,0.34738903394255877,0.0017632603041542543,0.010549183857204368,0.01295064753237662,0.941176470588232,1.0,0.0,0.0,0.0,0.0,1.0,1.0,0.0,0.0,0.0,0.0,0.0,1.0,0.0,MEDIUM
0.10283850548621583,0.0001305483028720627,0.11665547653657869,0.7003562062081654,0.2249612480624031,0.794117647058826,1.0,0.0,0.0,1.0,0.0,0.0,1.0,0.0,0.0,0.0,0.0,1.0,0.0,0.0,LONG
0.0009353448570861497,0.4569190600522194,0.0018708159234464732,0.011155908717266216,0.01295064753237662,0.941176470588232,1.0,0.0,0.0,0.0,0.0,1.0,1.0,0.0,0.0,0.0,0.0,0.0,1.0,0.0,MEDIUM
0.0010669014914568035,0.6383159268929505,0.0021608901694163967,0.01268250675226054,0.005100255012750638,0.794117647058826,0.5,0.0,0.0,1.0,0.0,0.0,0.0,1.0,0.0,0.0,0.0,0.0,1.0,0.0,MEDIUM
0.0008843951778790176,0.34738903394255877,0.0017632603041542543,0.010549183857204368,0.01295064753237662,0.970588235294116,1.0,0.0,0.0,0.0,0.0,1.0,1.0,0.0,0.0,0.0,0.0,0.0,1.0,0.0,MEDIUM
0.0007444736708027153,0.34614882506527417,0.0014797045805656774,0.008748581046698243,0.01295064753237662,0.941176470588232,1.0,0.0,0.0,0.0,0.0,1.0,1.0,0.0,0.0,0.0,0.0,0.0,1.0,0.0,MEDIUM
0.0009148128968086491,0.28067885117493474,0.001825186266777047,0.010921047481113243,0.014450722536126805,1.0,1.0,0.0,0.0,0.0,0.0,1.0,1.0,0.0,0.0,0.0,0.0,0.0,1.0,0.0,MEDIUM
0.045012900915041024,0.4226501305483029,0.06236596288353356,0.37431009511880065,0.07070353517675884,0.588235294117645,1.0,1.0,0.0,0.0,0.0,0.0,0.0,0.0,1.0,0.0,0.0,0.0,0.0,1.0,MEDIUM
0.0003034167463230675,0.6356396866840731,0.0005703707083678272,0.0030531960699886483,0.00025001250062503126,1.0,0.5,0.0,0.0,0.0,0.0,1.0,0.0,1.0,0.0,0.0,0.0,0.0,1.0,0.0,SHORT
0.0003133025049751985,0.34614882506527417,0.0005703707083678272,0.003307629075821036,0.01295064753237662,0.941176470588232,1.0,0.0,0.0,0.0,0.0,1.0,1.0,0.0,0.0,0.0,0.0,0.0,1.0,0.0,MEDIUM
0.00034219933795834757,0.28054830287206267,0.0006453337157533131,0.003601205621012252,0.014450722536126805,1.0,1.0,0.0,0.0,0.0,0.0,1.0,1.0,0.0,0.0,0.0,0.0,0.0,1.0,0.0,MEDIUM
0.0009148128968086491,0.28067885117493474,0.001825186266777047,0.010921047481113243,0.014450722536126805,1.0,1.0,0.0,0.0,0.0,0.0,1.0,1.0,0.0,0.0,0.0,0.0,0.0,1.0,0.0,MEDIUM
0.0009353448570861497,0.4569190600522194,0.0018675566622558,0.01117548048694563,0.014450722536126805,1.0,1.0,0.0,0.0,0.0,0.0,1.0,1.0,0.0,0.0,0.0,0.0,0.0,1.0,0.0,MEDIUM
0.0008958018224776302,0.34634464751958227,0.0017860751324889675,0.01068618624496027,0.01295064753237662,0.911764705882355,1.0,0.0,0.0,0.0,0.0,1.0,1.0,0.0,0.0,0.0,0.0,0.0,1.0,0.0,MEDIUM
0.00032623003552029097,0.6352480417754569,0.0006062225814652335,0.003425059693897522,0.00015000750037501875,0.911764705882355,0.5,0.0,0.0,0.0,0.0,1.0,0.0,1.0,0.0,0.0,0.0,0.0,1.0,0.0,SHORT
0.0008958018224776302,0.34627937336814624,0.0017860751324889675,0.01068618624496027,0.01295064753237662,0.941176470588232,1.0,0.0,0.0,0.0,0.0,1.0,1.0,0.0,0.0,0.0,0.0,0.0,1.0,0.0,MEDIUM
0.0012615748926064416,0.5639033942558748,0.0025389644675344993,0.015187693271225586,0.04295214760738037,0.852941176470587,1.0,0.0,0.0,0.0,0.0,1.0,1.0,0.0,0.0,0.0,0.0,0.0,1.0,0.0,LONG
0.1182922275884148,0.03257180156657964,0.2562072629376373,0.014600540180843153,0.006250312515625781,0.529411764705884,0.5,0.0,0.0,0.0,0.0,1.0,0.0,0.0,0.0,1.0,1.0,0.0,0.0,0.0,SHORT
0.0008843951778790176,0.34738903394255877,0.0017665195653449278,0.010529612087524955,0.01295064753237662,0.970588235294116,1.0,0.0,0.0,0.0,0.0,1.0,1.0,0.0,0.0,0.0,0.0,0.0,1.0,0.0,MEDIUM
0.0008843951778790176,0.34738903394255877,0.0017632603041542543,0.010549183857204368,0.01295064753237662,0.970588235294116,1.0,0.0,0.0,0.0,0.0,1.0,1.0,0.0,0.0,0.0,0.0,0.0,1.0,0.0,MEDIUM
0.00030417718929630876,0.6354438642297651,0.0005736299695585005,0.0030531960699886483,5.000250012500625e-05,0.970588235294116,0.0,0.0,0.0,0.0,0.0,1.0,1.0,0.0,0.0,0.0,0.0,0.0,1.0,0.0,SHORT
0.0008843951778790176,0.34738903394255877,0.001760001042963581,0.010549183857204368,0.01295064753237662,0.970588235294116,1.0,0.0,0.0,0.0,0.0,1.0,1.0,0.0,0.0,0.0,0.0,0.0,1.0,0.0,MEDIUM
0.10283470327134961,0.0001305483028720627,0.1166685135813414,0.7002192038204095,0.3249662483124156,0.882352941176471,1.0,0.0,0.0,1.0,0.0,0.0,1.0,0.0,0.0,0.0,0.0,1.0,0.0,0.0,LONG
0.0009208964405945756,0.637467362924282,0.001844741833921087,0.010960191020472071,0.01295064753237662,0.970588235294116,1.0,0.0,0.0,0.0,0.0,1.0,1.0,0.0,0.0,0.0,0.0,0.0,1.0,0.0,MEDIUM
0.000321667377680847,0.3460835509138382,0.0005931855367025402,0.0033859161545386936,0.01295064753237662,0.941176470588232,1.0,0.0,0.0,0.0,0.0,1.0,1.0,0.0,0.0,0.0,0.0,0.0,1.0,0.0,MEDIUM
0.0009353448570861497,0.4569190600522194,0.0018708159234464732,0.01117548048694563,0.014450722536126805,1.0,1.0,0.0,0.0,0.0,0.0,1.0,1.0,0.0,0.0,0.0,0.0,0.0,1.0,0.0,MEDIUM
0.00033687623714566146,0.34614882506527417,0.0006257781486092733,0.003581633851332838,0.01295064753237662,0.941176470588232,1.0,0.0,0.0,0.0,0.0,1.0,1.0,0.0,0.0,0.0,0.0,0.0,1.0,0.0,MEDIUM
0.0019505362263625807,0.5738250652741514,0.003920891212379978,0.023486123615297297,0.007350367518375919,0.941176470588232,0.5,0.0,0.0,0.0,1.0,0.0,1.0,0.0,0.0,0.0,0.0,0.0,1.0,0.0,MEDIUM
0.0011246951574231017,0.6404046997389035,0.0022586680051365957,0.013524092848475359,0.03565178258912946,0.735294117647058,1.0,0.0,0.0,1.0,0.0,0.0,0.0,1.0,0.0,0.0,0.0,0.0,1.0,0.0,LONG
0.00026767592658075157,0.34732375979112273,0.0004758521338383016,0.0027204759854386035,0.01295064753237662,0.970588235294116,1.0,0.0,0.0,0.0,0.0,1.0,1.0,0.0,0.0,0.0,0.0,0.0,1.0,0.0,MEDIUM
0.0008958018224776302,0.34634464751958227,0.0017860751324889675,0.01068618624496027,0.01295064753237662,0.941176470588232,1.0,0.0,0.0,0.0,0.0,1.0,1.0,0.0,0.0,0.0,0.0,0.0,1.0,0.0,MEDIUM
0.0005262265374826143,0.635509138381201,0.001026667275062089,0.005969389752221397,0.00025001250062503126,1.0,0.0,0.0,0.0,0.0,0.0,1.0,0.0,1.0,0.0,0.0,0.0,0.0,1.0,0.0,SHORT
0.0009208964405945756,0.637467362924282,0.0018414825727304136,0.010979762790151486,0.01295064753237662,0.970588235294116,1.0,0.0,0.0,0.0,0.0,1.0,1.0,0.0,0.0,0.0,0.0,0.0,1.0,0.0,MEDIUM
0.0008843951778790176,0.34738903394255877,0.0017632603041542543,0.010549183857204368,0.01295064753237662,0.970588235294116,1.0,0.0,0.0,0.0,0.0,1.0,1.0,0.0,0.0,0.0,0.0,0.0,1.0,0.0,MEDIUM
0.0008843951778790176,0.34738903394255877,0.0017632603041542543,0.010549183857204368,0.01295064753237662,0.970588235294116,1.0,0.0,0.0,0.0,0.0,1.0,1.0,0.0,0.0,0.0,0.0,0.0,1.0,0.0,MEDIUM
0.0017056735889790509,0.19399477806788512,0.003761187414036986,0.018612752965123106,0.017350867543377165,0.705882352941174,1.0,0.0,0.0,1.0,0.0,0.0,0.0,0.0,0.0,1.0,1.0,0.0,0.0,0.0,SHORT
0.0008843951778790176,0.34738903394255877,0.0017632603041542543,0.010549183857204368,0.01295064753237662,0.970588235294116,1.0,0.0,0.0,0.0,0.0,1.0,1.0,0.0,0.0,0.0,0.0,0.0,1.0,0.0,MEDIUM
0.001050932189018747,0.6385117493472585,0.0021054827291749506,0.012604219673542883,0.004775238761938097,0.588235294117645,0.5,0.0,0.0,0.0,1.0,0.0,0.0,1.0,0.0,0.0,0.0,0.0,1.0,0.0,MEDIUM
0.10320655988526437,0.03714099216710183,0.1169976989615994,0.7020002348612362,0.2361118055902795,0.382352941176471,1.0,0.0,0.0,1.0,0.0,0.0,1.0,0.0,0.0,0.0,0.0,1.0,0.0,0.0,LONG
0.0008843951778790176,0.34738903394255877,0.0017632603041542543,0.010549183857204368,0.01295064753237662,0.970588235294116,1.0,0.0,0.0,0.0,0.0,1.0,1.0,0.0,0.0,0.0,0.0,0.0,1.0,0.0,MEDIUM
0.10283850548621583,0.0001305483028720627,0.11667177284253206,0.7002583473597683,0.2249612480624031,0.794117647058826,1.0,0.0,0.0,1.0,0.0,0.0,1.0,0.0,0.0,0.0,0.0,1.0,0.0,0.0,LONG
0.0019239207222991536,0.5739556135770236,0.0038687430333292053,0.023172975300426665,0.007350367518375919,0.941176470588232,1.0,0.0,0.0,0.0,1.0,0.0,1.0,0.0,0.0,0.0,0.0,0.0,1.0,0.0,MEDIUM
0.0008843951778790176,0.34738903394255877,0.0017632603041542543,0.010549183857204368,0.01295064753237662,0.970588235294116,1.0,0.0,0.0,0.0,0.0,1.0,1.0,0.0,0.0,0.0,0.0,0.0,1.0,0.0,MEDIUM
0.0003056980752427904,0.34725848563968675,0.0005638521859864807,0.0031510549183857207,0.01295064753237662,0.941176470588232,1.0,0.0,0.0,0.0,0.0,1.0,1.0,0.0,0.0,0.0,0.0,0.0,1.0,0.0,MEDIUM
0.0008958018224776302,0.34634464751958227,0.0017893343936796408,0.01068618624496027,0.01295064753237662,0.970588235294116,1.0,0.0,0.0,0.0,0.0,1.0,1.0,0.0,0.0,0.0,0.0,0.0,1.0,0.0,MEDIUM
0.0008958018224776302,0.34627937336814624,0.0017860751324889675,0.01068618624496027,0.01295064753237662,0.941176470588232,1.0,0.0,0.0,0.0,0.0,1.0,1.0,0.0,0.0,0.0,0.0,0.0,1.0,0.0,MEDIUM
0.0002707176984737148,0.6344647519582246,0.00047911139502897486,0.002779191294476847,0.019950997549877492,0.6764705882352899,1.0,0.0,0.0,1.0,0.0,0.0,0.0,1.0,0.0,0.0,0.0,0.0,1.0,0.0,MEDIUM
0.0008843951778790176,0.34738903394255877,0.0017632603041542543,0.010549183857204368,0.01295064753237662,0.970588235294116,1.0,0.0,0.0,0.0,0.0,1.0,1.0,0.0,0.0,0.0,0.0,0.0,1.0,0.0,MEDIUM
0.0008836347349057781,0.34738903394255877,0.001760001042963581,0.010549183857204368,0.01295064753237662,0.970588235294116,1.0,0.0,0.0,0.0,0.0,1.0,1.0,0.0,0.0,0.0,0.0,0.0,1.0,0.0,MEDIUM
0.0005186221077502062,0.34627937336814624,0.0010136302302993958,0.00585195913414491,0.01295064753237662,0.941176470588232,1.0,0.0,0.0,0.0,0.0,1.0,1.0,0.0,0.0,0.0,0.0,0.0,1.0,0.0,MEDIUM
0.0024372197292366754,0.5381853785900784,0.004918225136726007,0.02896621912553333,0.013950697534876743,0.735294117647058,1.0,1.0,0.0,0.0,0.0,0.0,1.0,0.0,0.0,0.0,0.0,0.0,1.0,0.0,MEDIUM
0.0008958018224776302,0.34634464751958227,0.0017860751324889675,0.01068618624496027,0.01295064753237662,0.941176470588232,1.0,0.0,0.0,0.0,0.0,1.0,1.0,0.0,0.0,0.0,0.0,0.0,1.0,0.0,MEDIUM
0.001970307743666841,0.5736945169712794,0.003960002346668058,0.02372098485145027,0.007350367518375919,0.911764705882355,1.0,0.0,0.0,0.0,1.0,0.0,1.0,0.0,0.0,0.0,0.0,0.0,1.0,0.0,MEDIUM
0.0008843951778790176,0.34738903394255877,0.0017632603041542543,0.010549183857204368,0.01295064753237662,0.970588235294116,1.0,0.0,0.0,0.0,0.0,1.0,1.0,0.0,0.0,0.0,0.0,0.0,1.0,0.0,MEDIUM
0.0002783221282061229,0.635313315926893,0.0005117040069357078,0.002779191294476847,0.00015000750037501875,0.882352941176471,0.5,0.0,0.0,0.0,0.0,1.0,0.0,1.0,0.0,0.0,0.0,0.0,1.0,0.0,SHORT
0.0002631132687413067,0.3460835509138382,0.0004595558278849351,0.0026813324460797745,0.01295064753237662,0.941176470588232,1.0,0.0,0.0,0.0,0.0,1.0,1.0,0.0,0.0,0.0,0.0,0.0,1.0,0.0,MEDIUM
0.10283546371432285,0.0001305483028720627,0.11665873579776936,0.7002974908991272,0.17495874793739685,0.794117647058826,1.0,0.0,0.0,1.0,0.0,0.0,0.0,1.0,0.0,0.0,0.0,1.0,0.0,0.0,LONG
0.0011421853458076399,0.6375979112271541,0.002675853437542778,0.011449485262457431,0.0004500225011250563,0.705882352941174,0.5,0.0,0.0,1.0,0.0,0.0,0.0,1.0,0.0,0.0,0.0,0.0,1.0,0.0,SHORT
0.0003011354174033455,0.3462140992167102,0.0005442966188424408,0.003131483148706306,0.01295064753237662,0.941176470588232,1.0,0.0,0.0,0.0,0.0,1.0,1.0,0.0,0.0,0.0,0.0,0.0,1.0,0.0,MEDIUM
0.0010433277592863397,0.6393603133159269,0.0021282975575096638,0.012291071358672252,0.04995249762488124,0.705882352941174,1.0,0.0,1.0,0.0,0.0,0.0,0.0,1.0,0.0,0.0,0.0,0.0,1.0,0.0,LONG
0.0008843951778790176,0.34738903394255877,0.0017632603041542543,0.010549183857204368,0.01295064753237662,0.970588235294116,1.0,0.0,0.0,0.0,0.0,1.0,1.0,0.0,0.0,0.0,0.0,0.0,1.0,0.0,MEDIUM
0.0008958018224776302,0.34627937336814624,0.0017860751324889675,0.01068618624496027,0.01295064753237662,0.941176470588232,1.0,0.0,0.0,0.0,0.0,1.0,1.0,0.0,0.0,0.0,0.0,0.0,1.0,0.0,MEDIUM
0.0008843951778790176,0.34738903394255877,0.0017632603041542543,0.010549183857204368,0.01295064753237662,0.970588235294116,1.0,0.0,0.0,0.0,0.0,1.0,1.0,0.0,0.0,0.0,0.0,0.0,1.0,0.0,MEDIUM
0.0009353448570861497,0.4569190600522194,0.0018708159234464732,0.011155908717266216,0.014450722536126805,1.0,1.0,0.0,0.0,0.0,0.0,1.0,1.0,0.0,0.0,0.0,0.0,0.0,1.0,0.0,MEDIUM
0.0019771517304260078,0.5736292428198434,0.003973039391430751,0.023799271930167926,0.007350367518375919,0.911764705882355,0.5,0.0,0.0,0.0,1.0,0.0,1.0,0.0,0.0,0.0,0.0,0.0,1.0,0.0,MEDIUM
0.0008843951778790176,0.34738903394255877,0.0017632603041542543,0.010549183857204368,0.01295064753237662,0.970588235294116,1.0,0.0,0.0,0.0,0.0,1.0,1.0,0.0,0.0,0.0,0.0,0.0,1.0,0.0,MEDIUM
0.0008843951778790176,0.34738903394255877,0.0017632603041542543,0.010549183857204368,0.01295064753237662,0.970588235294116,1.0,0.0,0.0,0.0,0.0,1.0,1.0,0.0,0.0,0.0,0.0,0.0,1.0,0.0,MEDIUM
0.0008843951778790176,0.34738903394255877,0.0017632603041542543,0.010549183857204368,0.01295064753237662,0.970588235294116,1.0,0.0,0.0,0.0,0.0,1.0,1.0,0.0,0.0,0.0,0.0,0.0,1.0,0.0,MEDIUM
0.0002889683298314934,0.635052219321149,0.000534518835270421,0.002916193682232748,0.00015000750037501875,0.882352941176471,0.5,0.0,0.0,0.0,0.0,1.0,0.0,1.0,0.0,0.0,0.0,0.0,1.0,0.0,SHORT
0.0008843951778790176,0.34738903394255877,0.001760001042963581,0.010549183857204368,0.01295064753237662,0.970588235294116,1.0,0.0,0.0,0.0,0.0,1.0,1.0,0.0,0.0,0.0,0.0,0.0,1.0,0.0,MEDIUM
0.0008980831513973522,0.6359660574412533,0.0018186677443957004,0.010549183857204368,0.014950747537376869,0.705882352941174,1.0,0.0,0.0,1.0,0.0,0.0,0.0,1.0,0.0,0.0,0.0,0.0,1.0,0.0,MEDIUM
0.0008843951778790176,0.34738903394255877,0.0017632603041542543,0.010549183857204368,0.01295064753237662,0.970588235294116,1.0,0.0,0.0,0.0,0.0,1.0,1.0,0.0,0.0,0.0,0.0,0.0,1.0,0.0,MEDIUM
0.0008843951778790176,0.34738903394255877,0.0017632603041542543,0.010549183857204368,0.01295064753237662,0.970588235294116,1.0,0.0,0.0,0.0,0.0,1.0,1.0,0.0,0.0,0.0,0.0,0.0,1.0,0.0,MEDIUM
0.0008958018224776302,0.34627937336814624,0.0017860751324889675,0.01068618624496027,0.01295064753237662,0.941176470588232,1.0,0.0,0.0,0.0,0.0,1.0,1.0,0.0,0.0,0.0,0.0,0.0,1.0,0.0,MEDIUM
0.0009208964405945756,0.637467362924282,0.0018382233115397403,0.0109993345598309,0.01295064753237662,0.970588235294116,0.5,0.0,0.0,0.0,0.0,1.0,1.0,0.0,0.0,0.0,0.0,0.0,1.0,0.0,MEDIUM
0.0524279803471118,0.3543733681462141,0.07021100456948419,0.4210670528829217,0.039951997599879996,0.882352941176471,1.0,0.0,1.0,0.0,0.0,0.0,0.0,0.0,1.0,0.0,0.0,0.0,0.0,1.0,LONG
0.0008958018224776302,0.34634464751958227,0.0017860751324889675,0.01068618624496027,0.01295064753237662,0.941176470588232,1.0,0.0,0.0,0.0,0.0,1.0,1.0,0.0,0.0,0.0,0.0,0.0,1.0,0.0,MEDIUM
0.0004570262269177035,0.34627937336814624,0.0008669634767190974,0.0051865189650448194,0.01295064753237662,0.941176470588232,1.0,0.0,0.0,0.0,0.0,1.0,1.0,0.0,0.0,0.0,0.0,0.0,1.0,0.0,MEDIUM
0.001137622687968195,0.3067885117493473,0.002281482833471309,0.013680667005910675,0.008550427521376068,0.764705882352942,0.5,0.0,0.0,1.0,0.0,0.0,1.0,0.0,0.0,0.0,0.0,0.0,1.0,0.0,MEDIUM
0.0009208964405945756,0.637402088772846,0.0018382233115397403,0.0109993345598309,0.01295064753237662,0.970588235294116,1.0,0.0,0.0,0.0,0.0,1.0,1.0,0.0,0.0,0.0,0.0,0.0,1.0,0.0,MEDIUM
0.000295051873617419,0.34614882506527417,0.000534518835270421,0.0030531960699886483,0.01295064753237662,0.911764705882355,1.0,0.0,0.0,0.0,0.0,1.0,1.0,0.0,0.0,0.0,0.0,0.0,1.0,0.0,MEDIUM
0.0019307647090583205,0.5738250652741514,0.0038817800780918984,0.023251262379144322,0.007350367518375919,0.941176470588232,1.0,0.0,0.0,0.0,1.0,0.0,1.0,0.0,0.0,0.0,0.0,0.0,1.0,0.0,MEDIUM
0.0019832352742119343,0.5736292428198434,0.003986076436193444,0.023877559008885586,0.007350367518375919,0.911764705882355,1.0,0.0,0.0,0.0,1.0,0.0,1.0,0.0,0.0,0.0,0.0,0.0,1.0,0.0,MEDIUM
0.0009353448570861497,0.4569190600522194,0.0018708159234464732,0.011155908717266216,0.014450722536126805,1.0,1.0,0.0,0.0,0.0,0.0,1.0,1.0,0.0,0.0,0.0,0.0,0.0,1.0,0.0,MEDIUM
0.0006965657634885472,0.34627937336814624,0.0013721489612734585,0.008200571495674639,0.01295064753237662,0.941176470588232,1.0,0.0,0.0,0.0,0.0,1.0,1.0,0.0,0.0,0.0,0.0,0.0,1.0,0.0,MEDIUM
0.10284154725810879,0.0818537859007833,0.11673043954396418,0.6999256272752182,0.11545577278863943,0.0,1.0,0.0,0.0,0.0,0.0,1.0,1.0,0.0,0.0,0.0,0.0,1.0,0.0,0.0,MEDIUM
0.0005444771688403929,0.6342689295039166,0.0010560006257781486,0.006262966297412612,0.29496474823741187,0.794117647058826,1.0,1.0,0.0,0.0,0.0,0.0,0.0,1.0,0.0,0.0,0.0,0.0,1.0,0.0,MEDIUM
0.0008843951778790176,0.34738903394255877,0.0017632603041542543,0.010549183857204368,0.01295064753237662,0.970588235294116,1.0,0.0,0.0,0.0,0.0,1.0,1.0,0.0,0.0,0.0,0.0,0.0,1.0,0.0,MEDIUM
0.0008843951778790176,0.34738903394255877,0.0017632603041542543,0.010549183857204368,0.01295064753237662,0.970588235294116,1.0,0.0,0.0,0.0,0.0,1.0,1.0,0.0,0.0,0.0,0.0,0.0,1.0,0.0,MEDIUM
0.0008958018224776302,0.34627937336814624,0.0017860751324889675,0.01068618624496027,0.01295064753237662,0.941176470588232,1.0,0.0,0.0,0.0,0.0,1.0,1.0,0.0,0.0,0.0,0.0,0.0,1.0,0.0,MEDIUM
0.0008843951778790176,0.34738903394255877,0.0017632603041542543,0.010549183857204368,0.01295064753237662,0.970588235294116,1.0,0.0,0.0,0.0,0.0,1.0,1.0,0.0,0.0,0.0,0.0,0.0,1.0,0.0,MEDIUM
0.0008843951778790176,0.34738903394255877,0.0017632603041542543,0.010549183857204368,0.01295064753237662,0.970588235294116,1.0,0.0,0.0,0.0,0.0,1.0,1.0,0.0,0.0,0.0,0.0,0.0,1.0,0.0,MEDIUM
0.00025018573819621335,0.3460835509138382,0.0004302224771688754,0.0025247582886444592,0.01295064753237662,0.941176470588232,1.0,0.0,0.0,0.0,0.0,1.0,1.0,0.0,0.0,0.0,0.0,0.0,1.0,0.0,MEDIUM
0.0008843951778790176,0.34738903394255877,0.0017632603041542543,0.010549183857204368,0.01295064753237662,0.970588235294116,1.0,0.0,0.0,0.0,0.0,1.0,1.0,0.0,0.0,0.0,0.0,0.0,1.0,0.0,MEDIUM
0.0009353448570861497,0.4569190600522194,0.0018708159234464732,0.011155908717266216,0.014450722536126805,1.0,1.0,0.0,0.0,0.0,0.0,1.0,1.0,0.0,0.0,0.0,0.0,0.0,1.0,0.0,MEDIUM
0.0008843951778790176,0.34738903394255877,0.0017632603041542543,0.010549183857204368,0.01295064753237662,0.970588235294116,1.0,0.0,0.0,0.0,0.0,1.0,1.0,0.0,0.0,0.0,0.0,0.0,1.0,0.0,MEDIUM
0.0008843951778790176,0.34738903394255877,0.0017632603041542543,0.010549183857204368,0.01295064753237662,0.970588235294116,1.0,0.0,0.0,0.0,0.0,1.0,1.0,0.0,0.0,0.0,0.0,0.0,1.0,0.0,MEDIUM
0.0008958018224776302,0.34627937336814624,0.0017860751324889675,0.01068618624496027,0.01295064753237662,0.941176470588232,1.0,0.0,0.0,0.0,0.0,1.0,1.0,0.0,0.0,0.0,0.0,0.0,1.0,0.0,MEDIUM
0.0008843951778790176,0.34738903394255877,0.0017632603041542543,0.010549183857204368,0.01295064753237662,0.970588235294116,1.0,0.0,0.0,0.0,0.0,1.0,1.0,0.0,0.0,0.0,0.0,0.0,1.0,0.0,MEDIUM
0.0009034062522100374,0.6389686684073108,0.001834964050349067,0.010588327396563197,0.19995999799989997,0.764705882352942,1.0,1.0,0.0,0.0,0.0,0.0,0.0,1.0,0.0,0.0,0.0,0.0,1.0,0.0,MEDIUM
0.0008958018224776302,0.34634464751958227,0.0017860751324889675,0.01068618624496027,0.01295064753237662,0.941176470588232,1.0,0.0,0.0,0.0,0.0,1.0,1.0,0.0,0.0,0.0,0.0,0.0,1.0,0.0,MEDIUM
0.10283242194242989,0.0001305483028720627,0.11663918023062533,0.7003953497475242,0.34776738836941845,0.882352941176471,1.0,0.0,0.0,1.0,0.0,0.0,1.0,0.0,0.0,0.0,0.0,1.0,0.0,0.0,LONG
0.0009353448570861497,0.4569190600522194,0.0018708159234464732,0.011155908717266216,0.014450722536126805,1.0,1.0,0.0,0.0,0.0,0.0,1.0,1.0,0.0,0.0,0.0,0.0,0.0,1.0,0.0,MEDIUM
0.10283394282837638,0.012402088772845954,0.11664895801419735,0.7003366344384859,0.2049602480124006,0.529411764705884,1.0,0.0,0.0,0.0,0.0,1.0,1.0,0.0,0.0,0.0,0.0,1.0,0.0,0.0,LONG
0.001963463756907674,0.5737597911227155,0.003946965301905365,0.023662269542412025,0.007350367518375919,0.941176470588232,0.5,0.0,0.0,0.0,1.0,0.0,1.0,0.0,0.0,0.0,0.0,0.0,1.0,0.0,MEDIUM
0.0008843951778790176,0.34738903394255877,0.0017632603041542543,0.010549183857204368,0.01295064753237662,0.970588235294116,1.0,0.0,0.0,0.0,0.0,1.0,1.0,0.0,0.0,0.0,0.0,0.0,1.0,0.0,MEDIUM
0.0008843951778790176,0.34738903394255877,0.0017632603041542543,0.010529612087524955,0.01295064753237662,0.970588235294116,1.0,0.0,0.0,0.0,0.0,1.0,1.0,0.0,0.0,0.0,0.0,0.0,1.0,0.0,MEDIUM
0.10283090105648342,0.0005221932114882507,0.11670110619324812,0.7000039143539359,0.24696234811740586,0.617647058823529,1.0,0.0,0.0,1.0,0.0,0.0,1.0,0.0,0.0,0.0,0.0,1.0,0.0,0.0,LONG
0.0008843951778790176,0.34738903394255877,0.0017632603041542543,0.010549183857204368,0.01295064753237662,0.941176470588232,1.0,0.0,0.0,0.0,0.0,1.0,1.0,0.0,0.0,0.0,0.0,0.0,1.0,0.0,MEDIUM
0.0008843951778790176,0.34738903394255877,0.0017632603041542543,0.010549183857204368,0.01295064753237662,0.970588235294116,1.0,0.0,0.0,0.0,0.0,1.0,1.0,0.0,0.0,0.0,0.0,0.0,1.0,0.0,MEDIUM
0.0008843951778790176,0.34738903394255877,0.0017632603041542543,0.010549183857204368,0.01295064753237662,0.970588235294116,1.0,0.0,0.0,0.0,0.0,1.0,1.0,0.0,0.0,0.0,0.0,0.0,1.0,0.0,MEDIUM
0.00028592655793853016,0.34627937336814624,0.0005117040069357078,0.0029553372215915764,0.01295064753237662,0.941176470588232,1.0,0.0,0.0,0.0,0.0,1.0,1.0,0.0,0.0,0.0,0.0,0.0,1.0,0.0,MEDIUM
0.0002798430141526037,0.3460835509138382,0.0004954077009823413,0.002916193682232748,0.01295064753237662,0.911764705882355,1.0,0.0,0.0,0.0,0.0,1.0,1.0,0.0,0.0,0.0,0.0,0.0,1.0,0.0,MEDIUM
0.0009208964405945756,0.637402088772846,0.0018414825727304136,0.010979762790151486,0.01295064753237662,0.970588235294116,1.0,0.0,0.0,0.0,0.0,1.0,1.0,0.0,0.0,0.0,0.0,0.0,1.0,0.0,MEDIUM
0.0008843951778790176,0.34738903394255877,0.0017632603041542543,0.010549183857204368,0.01295064753237662,0.970588235294116,1.0,0.0,0.0,0.0,0.0,1.0,1.0,0.0,0.0,0.0,0.0,0.0,1.0,0.0,MEDIUM
0.0008843951778790176,0.34738903394255877,0.0017632603041542543,0.010549183857204368,0.01295064753237662,0.970588235294116,1.0,0.0,0.0,0.0,0.0,1.0,1.0,0.0,0.0,0.0,0.0,0.0,1.0,0.0,MEDIUM
0.0009148128968086491,0.28067885117493474,0.001825186266777047,0.010921047481113243,0.014450722536126805,1.0,1.0,0.0,0.0,0.0,0.0,1.0,1.0,0.0,0.0,0.0,0.0,0.0,1.0,0.0,MEDIUM
0.0019573802131217476,0.5738250652741514,0.0039339282571426715,0.023564410694014954,0.007350367518375919,0.941176470588232,0.5,0.0,0.0,0.0,1.0,0.0,1.0,0.0,0.0,0.0,0.0,0.0,1.0,0.0,MEDIUM
0.0019771517304260078,0.5736292428198434,0.003973039391430751,0.023799271930167926,0.007350367518375919,0.911764705882355,1.0,0.0,0.0,0.0,1.0,0.0,1.0,0.0,0.0,0.0,0.0,0.0,1.0,0.0,MEDIUM
0.001970307743666841,0.5736292428198434,0.003960002346668058,0.02372098485145027,0.007350367518375919,0.941176470588232,0.5,0.0,0.0,0.0,1.0,0.0,1.0,0.0,0.0,0.0,0.0,0.0,1.0,0.0,MEDIUM
0.10431300441132968,0.035770234986945176,0.1184969591093091,0.7041139859866129,0.16435821791089553,0.382352941176471,1.0,0.0,0.0,1.0,0.0,0.0,1.0,0.0,0.0,0.0,0.0,1.0,0.0,0.0,LONG
0.0008958018224776302,0.34627937336814624,0.0017893343936796408,0.010666614475280856,0.01295064753237662,0.941176470588232,1.0,0.0,0.0,0.0,0.0,1.0,1.0,0.0,0.0,0.0,0.0,0.0,1.0,0.0,MEDIUM
0.0008843951778790176,0.34738903394255877,0.0017632603041542543,0.010549183857204368,0.01295064753237662,0.970588235294116,1.0,0.0,0.0,0.0,0.0,1.0,1.0,0.0,0.0,0.0,0.0,0.0,1.0,0.0,MEDIUM
0.0019307647090583205,0.5738250652741514,0.0038817800780918984,0.02327083414882374,0.007350367518375919,0.941176470588232,1.0,0.0,0.0,0.0,1.0,0.0,1.0,0.0,0.0,0.0,0.0,0.0,1.0,0.0,MEDIUM
0.05786134539091713,0.3605744125326371,0.07573545228767543,0.4542020589501703,0.03610180509025451,0.794117647058826,1.0,0.0,0.0,1.0,0.0,0.0,0.0,0.0,1.0,0.0,0.0,0.0,0.0,1.0,LONG
0.0003498037676907548,0.635052219321149,0.0006681485440880262,0.0036599209300504955,0.00015000750037501875,0.941176470588232,0.0,0.0,0.0,0.0,0.0,1.0,0.0,1.0,0.0,0.0,0.0,0.0,1.0,0.0,SHORT
0.002301860879999817,0.3392950391644909,0.0046085953236120435,0.027654910557012566,0.035701785089254465,0.970588235294116,1.0,0.0,0.0,0.0,0.0,1.0,1.0,0.0,0.0,0.0,0.0,0.0,1.0,0.0,LONG
0.0019178371785132271,0.5739556135770236,0.003858965249757185,0.023094688221709007,0.007350367518375919,0.941176470588232,1.0,0.0,0.0,0.0,1.0,0.0,1.0,0.0,0.0,0.0,0.0,0.0,1.0,0.0,MEDIUM
0.0008843951778790176,0.34738903394255877,0.0017632603041542543,0.010549183857204368,0.01295064753237662,0.941176470588232,1.0,0.0,0.0,0.0,0.0,1.0,1.0,0.0,0.0,0.0,0.0,0.0,1.0,0.0,MEDIUM
0.002301860879999817,0.3392950391644909,0.0046085953236120435,0.027654910557012566,0.022451122556127804,0.529411764705884,1.0,0.0,0.0,1.0,0.0,0.0,1.0,0.0,0.0,0.0,0.0,0.0,1.0,0.0,LONG
0.0008958018224776302,0.34627937336814624,0.0017860751324889675,0.01068618624496027,0.01295064753237662,0.941176470588232,1.0,0.0,0.0,0.0,0.0,1.0,1.0,0.0,0.0,0.0,0.0,0.0,1.0,0.0,MEDIUM
0.0008843951778790176,0.34738903394255877,0.0017632603041542543,0.010549183857204368,0.01295064753237662,0.970588235294116,1.0,0.0,0.0,0.0,0.0,1.0,1.0,0.0,0.0,0.0,0.0,0.0,1.0,0.0,MEDIUM
0.10295865547598787,0.0017624020887728462,0.11674673584991754,0.7010216463772655,0.29946497324866245,0.588235294117645,1.0,0.0,0.0,0.0,0.0,1.0,1.0,0.0,0.0,0.0,0.0,1.0,0.0,0.0,LONG
0.0008843951778790176,0.34738903394255877,0.0017632603041542543,0.010549183857204368,0.01295064753237662,0.970588235294116,1.0,0.0,0.0,0.0,0.0,1.0,1.0,0.0,0.0,0.0,0.0,0.0,1.0,0.0,MEDIUM
0.0006380116545490078,0.6355744125326371,0.0012515562972185467,0.007437272478177477,0.00025001250062503126,1.0,0.0,0.0,0.0,0.0,0.0,1.0,0.0,1.0,0.0,0.0,0.0,0.0,1.0,0.0,SHORT
0.0009148128968086491,0.28067885117493474,0.001825186266777047,0.010921047481113243,0.014450722536126805,1.0,1.0,0.0,0.0,0.0,0.0,1.0,1.0,0.0,0.0,0.0,0.0,0.0,1.0,0.0,MEDIUM
0.0019505362263625807,0.5738250652741514,0.003920891212379978,0.02350569538497671,0.007350367518375919,1.0,0.5,0.0,0.0,0.0,1.0,0.0,1.0,0.0,0.0,0.0,0.0,0.0,1.0,0.0,MEDIUM
0.0003171047198414021,0.3460835509138382,0.0005801484919398471,0.0033467726151798645,0.01295064753237662,0.941176470588232,1.0,0.0,0.0,0.0,0.0,1.0,1.0,0.0,0.0,0.0,0.0,0.0,1.0,0.0,MEDIUM
0.00034219933795834757,0.34614882506527417,0.0006257781486092733,0.003699064469409324,0.01295064753237662,0.941176470588232,1.0,0.0,0.0,0.0,0.0,1.0,1.0,0.0,0.0,0.0,0.0,0.0,1.0,0.0,MEDIUM
0.0008958018224776302,0.34627937336814624,0.0017893343936796408,0.01068618624496027,0.01295064753237662,0.911764705882355,1.0,0.0,0.0,0.0,0.0,1.0,1.0,0.0,0.0,0.0,0.0,0.0,1.0,0.0,MEDIUM
0.0019239207222991536,0.5739556135770236,0.0038687430333292053,0.023172975300426665,0.007350367518375919,1.0,1.0,0.0,0.0,0.0,1.0,0.0,1.0,0.0,0.0,0.0,0.0,0.0,1.0,0.0,MEDIUM
0.0008843951778790176,0.34738903394255877,0.0017632603041542543,0.010549183857204368,0.01295064753237662,0.970588235294116,1.0,0.0,0.0,0.0,0.0,1.0,1.0,0.0,0.0,0.0,0.0,0.0,1.0,0.0,MEDIUM
0.00038478414445983124,0.6369451697127938,0.0007398522902828387,0.004110071632677027,5.000250012500625e-05,0.941176470588232,0.5,0.0,0.0,0.0,0.0,1.0,1.0,0.0,0.0,0.0,0.0,0.0,1.0,0.0,SHORT
0.0008958018224776302,0.34627937336814624,0.0017860751324889675,0.01068618624496027,0.01295064753237662,0.941176470588232,1.0,0.0,0.0,0.0,0.0,1.0,1.0,0.0,0.0,0.0,0.0,0.0,1.0,0.0,MEDIUM
0.0008958018224776302,0.34627937336814624,0.0017860751324889675,0.01068618624496027,0.01295064753237662,0.941176470588232,1.0,0.0,0.0,0.0,0.0,1.0,1.0,0.0,0.0,0.0,0.0,0.0,1.0,0.0,MEDIUM
0.0008843951778790176,0.34738903394255877,0.0017632603041542543,0.010549183857204368,0.01295064753237662,0.970588235294116,1.0,0.0,0.0,0.0,0.0,1.0,1.0,0.0,0.0,0.0,0.0,0.0,1.0,0.0,MEDIUM
0.0009148128968086491,0.28067885117493474,0.001825186266777047,0.010921047481113243,0.014450722536126805,1.0,1.0,0.0,0.0,0.0,0.0,1.0,1.0,0.0,0.0,0.0,0.0,0.0,1.0,0.0,MEDIUM
0.10283470327134961,0.0038511749347258485,0.11664895801419735,0.7003562062081654,0.15995799789989498,0.588235294117645,1.0,0.0,0.0,0.0,0.0,1.0,0.0,1.0,0.0,0.0,0.0,1.0,0.0,0.0,LONG
0.10283698460026935,0.0002610966057441254,0.11665547653657869,0.7003366344384859,0.3174658732936647,0.882352941176471,1.0,0.0,0.0,0.0,0.0,1.0,1.0,0.0,0.0,0.0,0.0,1.0,0.0,0.0,LONG
0.0008958018224776302,0.34627937336814624,0.0017860751324889675,0.01068618624496027,0.01295064753237662,0.941176470588232,1.0,0.0,0.0,0.0,0.0,1.0,1.0,0.0,0.0,0.0,0.0,0.0,1.0,0.0,MEDIUM
0.0005505607126263185,0.34627937336814624,0.001082074715303535,0.006262966297412612,0.01295064753237662,0.911764705882355,1.0,0.0,0.0,0.0,0.0,1.0,1.0,0.0,0.0,0.0,0.0,0.0,1.0,0.0,MEDIUM
0.0008456125862437392,0.34634464751958227,0.0016850380355780952,0.010040317845539595,0.01295064753237662,0.941176470588232,1.0,0.0,0.0,0.0,0.0,1.0,1.0,0.0,0.0,0.0,0.0,0.0,1.0,0.0,MEDIUM
0.0012615748926064416,0.5639033942558748,0.0025389644675344993,0.015187693271225586,0.04295214760738037,0.852941176470587,1.0,0.0,0.0,0.0,0.0,1.0,1.0,0.0,0.0,0.0,0.0,0.0,1.0,0.0,LONG
0.0019573802131217476,0.5738250652741514,0.0039339282571426715,0.023564410694014954,0.007350367518375919,0.941176470588232,0.5,0.0,0.0,0.0,1.0,0.0,1.0,0.0,0.0,0.0,0.0,0.0,1.0,0.0,MEDIUM
0.0008843951778790176,0.34738903394255877,0.0017632603041542543,0.010549183857204368,0.01295064753237662,0.970588235294116,1.0,0.0,0.0,0.0,0.0,1.0,1.0,0.0,0.0,0.0,0.0,0.0,1.0,0.0,MEDIUM
0.0010045451676510596,0.6387075718015666,0.002010964154645425,0.012036638352839864,0.08995449772488624,0.852941176470587,1.0,0.0,0.0,1.0,0.0,0.0,0.0,1.0,0.0,0.0,0.0,0.0,1.0,0.0,MEDIUM
0.0002973332025371419,0.6351827676240209,0.0005540744024144607,0.0030140525306298197,5.000250012500625e-05,0.970588235294116,0.0,0.0,0.0,0.0,0.0,1.0,1.0,0.0,0.0,0.0,0.0,0.0,1.0,0.0,SHORT
0.00028212434307232654,0.635509138381201,0.000524741051698401,0.002779191294476847,0.00025001250062503126,0.970588235294116,0.0,0.0,0.0,0.0,0.0,1.0,0.0,1.0,0.0,0.0,0.0,0.0,1.0,0.0,SHORT
0.0008843951778790176,0.34738903394255877,0.0017632603041542543,0.010549183857204368,0.01295064753237662,0.970588235294116,1.0,0.0,0.0,0.0,0.0,1.0,1.0,0.0,0.0,0.0,0.0,0.0,1.0,0.0,MEDIUM
0.0008843951778790176,0.34738903394255877,0.0017632603041542543,0.010549183857204368,0.01295064753237662,0.970588235294116,1.0,0.0,0.0,0.0,0.0,1.0,1.0,0.0,0.0,0.0,0.0,0.0,1.0,0.0,MEDIUM
0.0008958018224776302,0.34634464751958227,0.0017860751324889675,0.01068618624496027,0.01295064753237662,0.941176470588232,1.0,0.0,0.0,0.0,0.0,1.0,1.0,0.0,0.0,0.0,0.0,0.0,1.0,0.0,MEDIUM
0.0019573802131217476,0.5738250652741514,0.0039339282571426715,0.023564410694014954,0.007350367518375919,0.941176470588232,1.0,0.0,0.0,0.0,1.0,0.0,1.0,0.0,0.0,0.0,0.0,0.0,1.0,0.0,MEDIUM
0.0008843951778790176,0.34738903394255877,0.0017632603041542543,0.010529612087524955,0.01295064753237662,0.970588235294116,1.0,0.0,0.0,0.0,0.0,1.0,1.0,0.0,0.0,0.0,0.0,0.0,1.0,0.0,MEDIUM
0.0006882008907828988,0.34712793733681463,0.0013623711777014387,0.008043997338239324,0.01295064753237662,0.970588235294116,1.0,0.0,0.0,0.0,0.0,1.0,1.0,0.0,0.0,0.0,0.0,0.0,1.0,0.0,MEDIUM
0.0009208964405945756,0.637467362924282,0.001834964050349067,0.011018906329510315,0.01295064753237662,0.970588235294116,1.0,0.0,0.0,0.0,0.0,1.0,1.0,0.0,0.0,0.0,0.0,0.0,1.0,0.0,MEDIUM
0.0008843951778790176,0.34738903394255877,0.0017632603041542543,0.010549183857204368,0.01295064753237662,0.970588235294116,1.0,0.0,0.0,0.0,0.0,1.0,1.0,0.0,0.0,0.0,0.0,0.0,1.0,0.0,MEDIUM
0.0008843951778790176,0.34738903394255877,0.0017632603041542543,0.010549183857204368,0.01295064753237662,0.970588235294116,1.0,0.0,0.0,0.0,0.0,1.0,1.0,0.0,0.0,0.0,0.0,0.0,1.0,0.0,MEDIUM
0.001012910040356708,0.63733681462141,0.0020728901172682177,0.01188006419540455,0.023451172558627928,0.5588235294117609,1.0,0.0,1.0,0.0,0.0,0.0,0.0,1.0,0.0,0.0,0.0,0.0,1.0,0.0,SHORT
0.0008843951778790176,0.34738903394255877,0.0017632603041542543,0.010549183857204368,0.01295064753237662,0.970588235294116,1.0,0.0,0.0,0.0,0.0,1.0,1.0,0.0,0.0,0.0,0.0,0.0,1.0,0.0,MEDIUM
0.0008843951778790176,0.34738903394255877,0.0017632603041542543,0.010549183857204368,0.01295064753237662,0.941176470588232,1.0,0.0,0.0,0.0,0.0,1.0,1.0,0.0,0.0,0.0,0.0,0.0,1.0,0.0,MEDIUM
0.0008843951778790176,0.34732375979112273,0.0017632603041542543,0.010549183857204368,0.01295064753237662,0.941176470588232,1.0,0.0,0.0,0.0,0.0,1.0,1.0,0.0,0.0,0.0,0.0,0.0,1.0,0.0,MEDIUM
0.0010015033957580972,0.6386422976501306,0.0020044456322640784,0.011997494813481035,0.05895294764738237,0.911764705882355,1.0,0.0,0.0,1.0,0.0,0.0,0.0,1.0,0.0,0.0,0.0,0.0,1.0,0.0,MEDIUM
0.0003201464917343645,0.34595300261096606,0.0005866670143211937,0.0033663443848592793,0.01295064753237662,0.941176470588232,1.0,0.0,0.0,0.0,0.0,1.0,1.0,0.0,0.0,0.0,0.0,0.0,1.0,0.0,MEDIUM
0.0002790825711793633,0.3460835509138382,0.0005084447457450346,0.002798763064156261,0.01295064753237662,0.911764705882355,1.0,0.0,0.0,0.0,0.0,1.0,1.0,0.0,0.0,0.0,0.0,0.0,1.0,0.0,MEDIUM
0.0005969477339940058,0.6355744125326371,0.0011831118122144072,0.006810975848436216,0.00025001250062503126,0.970588235294116,0.5,0.0,0.0,0.0,0.0,1.0,0.0,1.0,0.0,0.0,0.0,0.0,1.0,0.0,SHORT
0.0009208964405945756,0.637402088772846,0.001844741833921087,0.010960191020472071,0.01295064753237662,0.970588235294116,1.0,0.0,0.0,0.0,0.0,1.0,1.0,0.0,0.0,0.0,0.0,0.0,1.0,0.0,MEDIUM
0.10283318238540314,0.0001305483028720627,0.11665873579776936,0.7002779191294477,0.3328666433321666,0.6764705882352899,1.0,0.0,0.0,0.0,0.0,1.0,1.0,0.0,0.0,0.0,0.0,1.0,0.0,0.0,LONG
0.001963463756907674,0.5737597911227155,0.003946965301905365,0.023662269542412025,0.007350367518375919,0.941176470588232,1.0,0.0,0.0,0.0,1.0,0.0,1.0,0.0,0.0,0.0,0.0,0.0,1.0,0.0,MEDIUM
0.0002539879530624187,0.34725848563968675,0.00044977804431291517,0.002505186518965045,0.01295064753237662,0.970588235294116,1.0,0.0,0.0,0.0,0.0,1.0,1.0,0.0,0.0,0.0,0.0,0.0,1.0,0.0,MEDIUM
0.0008843951778790176,0.34738903394255877,0.0017632603041542543,0.010549183857204368,0.01295064753237662,0.970588235294116,1.0,0.0,0.0,0.0,0.0,1.0,1.0,0.0,0.0,0.0,0.0,0.0,1.0,0.0,MEDIUM
0.0008958018224776302,0.34627937336814624,0.0017860751324889675,0.01068618624496027,0.01295064753237662,0.941176470588232,1.0,0.0,0.0,0.0,0.0,1.0,1.0,0.0,0.0,0.0,0.0,0.0,1.0,0.0,MEDIUM
0.0019505362263625807,0.5738250652741514,0.003920891212379978,0.02350569538497671,0.007335366768338417,0.882352941176471,1.0,0.0,0.0,0.0,1.0,0.0,1.0,0.0,0.0,0.0,0.0,0.0,1.0,0.0,MEDIUM
0.0008958018224776302,0.34738903394255877,0.0017860751324889675,0.01068618624496027,0.079953997699885,0.852941176470587,1.0,0.0,0.0,1.0,0.0,0.0,0.0,1.0,0.0,0.0,0.0,0.0,1.0,0.0,MEDIUM
0.0019178371785132271,0.5739556135770236,0.003855705988566512,0.023094688221709007,0.007350367518375919,0.941176470588232,1.0,0.0,0.0,0.0,1.0,0.0,1.0,0.0,0.0,0.0,0.0,0.0,1.0,0.0,MEDIUM
0.0019307647090583205,0.5738250652741514,0.0038817800780918984,0.02327083414882374,0.007350367518375919,1.0,1.0,0.0,0.0,0.0,1.0,0.0,1.0,0.0,0.0,0.0,0.0,0.0,1.0,0.0,MEDIUM
0.0008843951778790176,0.34738903394255877,0.001760001042963581,0.010549183857204368,0.01295064753237662,0.970588235294116,1.0,0.0,0.0,0.0,0.0,1.0,1.0,0.0,0.0,0.0,0.0,0.0,1.0,0.0,MEDIUM
0.002301860879999817,0.339490861618799,0.0046085953236120435,0.027654910557012566,0.03495174758737937,0.705882352941174,1.0,0.0,0.0,1.0,0.0,0.0,1.0,0.0,0.0,0.0,0.0,0.0,1.0,0.0,LONG
0.0008958018224776302,0.34738903394255877,0.0017860751324889675,0.01068618624496027,0.079953997699885,0.764705882352942,1.0,0.0,0.0,1.0,0.0,0.0,0.0,1.0,0.0,0.0,0.0,0.0,1.0,0.0,MEDIUM
0.0008958018224776302,0.34627937336814624,0.0017860751324889675,0.01068618624496027,0.01295064753237662,0.941176470588232,1.0,0.0,0.0,0.0,0.0,1.0,1.0,0.0,0.0,0.0,0.0,0.0,1.0,0.0,MEDIUM
0.0003809819295936259,0.3462140992167102,0.0007137782007574523,0.00416878694171527,0.01295064753237662,0.941176470588232,1.0,0.0,0.0,0.0,0.0,1.0,1.0,0.0,0.0,0.0,0.0,0.0,1.0,0.0,MEDIUM
0.0008843951778790176,0.34738903394255877,0.0017632603041542543,0.010549183857204368,0.01295064753237662,0.970588235294116,1.0,0.0,0.0,0.0,0.0,1.0,1.0,0.0,0.0,0.0,0.0,0.0,1.0,0.0,MEDIUM
0.0008958018224776302,0.34627937336814624,0.0017860751324889675,0.01068618624496027,0.01295064753237662,0.941176470588232,1.0,0.0,0.0,0.0,0.0,1.0,1.0,0.0,0.0,0.0,0.0,0.0,1.0,0.0,MEDIUM
0.0008958018224776302,0.34627937336814624,0.0017860751324889675,0.01068618624496027,0.01295064753237662,0.911764705882355,1.0,0.0,0.0,0.0,0.0,1.0,1.0,0.0,0.0,0.0,0.0,0.0,1.0,0.0,MEDIUM
0.0009148128968086491,0.28067885117493474,0.001825186266777047,0.010921047481113243,0.014450722536126805,1.0,1.0,0.0,0.0,0.0,0.0,1.0,1.0,0.0,0.0,0.0,0.0,0.0,1.0,0.0,MEDIUM
0.0009353448570861497,0.4569190600522194,0.0018708159234464732,0.011155908717266216,0.014450722536126805,1.0,1.0,0.0,0.0,0.0,0.0,1.0,1.0,0.0,0.0,0.0,0.0,0.0,1.0,0.0,MEDIUM
0.0009208964405945756,0.637467362924282,0.0018382233115397403,0.0109993345598309,0.01295064753237662,0.970588235294116,1.0,0.0,0.0,0.0,0.0,1.0,1.0,0.0,0.0,0.0,0.0,0.0,1.0,0.0,MEDIUM
0.0008843951778790176,0.34738903394255877,0.0017632603041542543,0.010549183857204368,0.01295064753237662,0.970588235294116,1.0,0.0,0.0,0.0,0.0,1.0,1.0,0.0,0.0,0.0,0.0,0.0,1.0,0.0,MEDIUM
0.0009148128968086491,0.28067885117493474,0.001825186266777047,0.010921047481113243,0.014450722536126805,1.0,1.0,0.0,0.0,0.0,0.0,1.0,1.0,0.0,0.0,0.0,0.0,0.0,1.0,0.0,MEDIUM
0.0009148128968086491,0.28067885117493474,0.001825186266777047,0.010921047481113243,0.014450722536126805,1.0,1.0,0.0,0.0,0.0,0.0,1.0,1.0,0.0,0.0,0.0,0.0,0.0,1.0,0.0,MEDIUM
0.0002783221282061229,0.3460835509138382,0.0004986669621730147,0.0028574783731945045,0.01295064753237662,0.941176470588232,1.0,0.0,0.0,0.0,0.0,1.0,1.0,0.0,0.0,0.0,0.0,0.0,1.0,0.0,MEDIUM
0.0008958018224776302,0.34627937336814624,0.0017860751324889675,0.010705758014639685,0.01295064753237662,0.941176470588232,1.0,0.0,0.0,0.0,0.0,1.0,1.0,0.0,0.0,0.0,0.0,0.0,1.0,0.0,MEDIUM
0.0002889683298314934,0.6356396866840731,0.0005410373576517675,0.0028770501428739188,5.000250012500625e-05,1.0,0.0,0.0,0.0,0.0,0.0,1.0,1.0,0.0,0.0,0.0,0.0,0.0,1.0,0.0,SHORT
0.0019109931917540603,0.5739556135770236,0.0038426689438038186,0.02301640114299135,0.007350367518375919,1.0,0.5,0.0,0.0,0.0,1.0,0.0,1.0,0.0,0.0,0.0,0.0,0.0,1.0,0.0,MEDIUM
0.0002806034571258449,0.3460835509138382,0.0004986669621730147,0.002896621912553333,0.01295064753237662,0.941176470588232,1.0,0.0,0.0,0.0,0.0,1.0,1.0,0.0,0.0,0.0,0.0,0.0,1.0,0.0,MEDIUM
0.0009148128968086491,0.28067885117493474,0.0018284455279677203,0.010921047481113243,0.014450722536126805,1.0,1.0,0.0,0.0,0.0,0.0,1.0,1.0,0.0,0.0,0.0,0.0,0.0,1.0,0.0,MEDIUM
0.0008958018224776302,0.34627937336814624,0.0017860751324889675,0.01068618624496027,0.01295064753237662,0.911764705882355,1.0,0.0,0.0,0.0,0.0,1.0,1.0,0.0,0.0,0.0,0.0,0.0,1.0,0.0,MEDIUM
0.0008843951778790176,0.34738903394255877,0.0017632603041542543,0.010549183857204368,0.01295064753237662,0.970588235294116,1.0,0.0,0.0,0.0,0.0,1.0,1.0,0.0,0.0,0.0,0.0,0.0,1.0,0.0,MEDIUM
0.0008843951778790176,0.34738903394255877,0.0017632603041542543,0.010549183857204368,0.01295064753237662,0.970588235294116,1.0,0.0,0.0,0.0,0.0,1.0,1.0,0.0,0.0,0.0,0.0,0.0,1.0,0.0,MEDIUM
0.0019376086958174873,0.5737597911227155,0.0038948171228545916,0.023329549457861982,0.007350367518375919,0.970588235294116,1.0,0.0,0.0,0.0,1.0,0.0,1.0,0.0,0.0,0.0,0.0,0.0,1.0,0.0,MEDIUM
0.0008843951778790176,0.34738903394255877,0.0017632603041542543,0.010549183857204368,0.01295064753237662,0.970588235294116,1.0,0.0,0.0,0.0,0.0,1.0,1.0,0.0,0.0,0.0,0.0,0.0,1.0,0.0,MEDIUM
0.0008843951778790176,0.34738903394255877,0.0017632603041542543,0.010549183857204368,0.01295064753237662,0.970588235294116,1.0,0.0,0.0,0.0,0.0,1.0,1.0,0.0,0.0,0.0,0.0,0.0,1.0,0.0,MEDIUM
0.0008843951778790176,0.34738903394255877,0.0017632603041542543,0.010549183857204368,0.01295064753237662,0.970588235294116,1.0,0.0,0.0,0.0,0.0,1.0,1.0,0.0,0.0,0.0,0.0,0.0,1.0,0.0,MEDIUM
0.0008843951778790176,0.34738903394255877,0.0017632603041542543,0.010549183857204368,0.01295064753237662,0.970588235294116,1.0,0.0,0.0,0.0,0.0,1.0,1.0,0.0,0.0,0.0,0.0,0.0,1.0,0.0,MEDIUM
0.0019832352742119343,0.5736292428198434,0.003986076436193444,0.023877559008885586,0.007350367518375919,0.970588235294116,1.0,0.0,0.0,0.0,1.0,0.0,1.0,0.0,0.0,0.0,0.0,0.0,1.0,0.0,MEDIUM
0.10283318238540314,6.527415143603134e-05,0.11667503210372274,0.7001800602810506,0.2449622481124056,0.764705882352942,1.0,0.0,0.0,1.0,0.0,0.0,1.0,0.0,0.0,0.0,0.0,1.0,0.0,0.0,LONG
0.0009148128968086491,0.2807441253263708,0.001825186266777047,0.010921047481113243,0.014450722536126805,1.0,1.0,0.0,0.0,0.0,0.0,1.0,1.0,0.0,0.0,0.0,0.0,0.0,1.0,0.0,MEDIUM
0.0008349663846183679,0.6359660574412533,0.0016850380355780952,0.009785884839707206,0.03630181509075454,0.794117647058826,1.0,0.0,0.0,1.0,0.0,0.0,0.0,1.0,0.0,0.0,0.0,0.0,1.0,0.0,MEDIUM
0.0008843951778790176,0.34738903394255877,0.0017632603041542543,0.010549183857204368,0.01295064753237662,0.941176470588232,1.0,0.0,0.0,0.0,0.0,1.0,1.0,0.0,0.0,0.0,0.0,0.0,1.0,0.0,MEDIUM
0.0019307647090583205,0.5738250652741514,0.0038817800780918984,0.023251262379144322,0.007350367518375919,0.941176470588232,1.0,0.0,0.0,0.0,1.0,0.0,1.0,0.0,0.0,0.0,0.0,0.0,1.0,0.0,MEDIUM
0.10283470327134961,6.527415143603134e-05,0.11665873579776936,0.7002974908991272,0.079953997699885,0.970588235294116,1.0,0.0,0.0,1.0,0.0,0.0,1.0,0.0,0.0,0.0,0.0,1.0,0.0,0.0,LONG
0.0008843951778790176,0.34738903394255877,0.0017632603041542543,0.010549183857204368,0.01295064753237662,0.970588235294116,1.0,0.0,0.0,0.0,0.0,1.0,1.0,0.0,0.0,0.0,0.0,0.0,1.0,0.0,MEDIUM
0.0009148128968086491,0.28067885117493474,0.001825186266777047,0.010921047481113243,0.014450722536126805,1.0,1.0,0.0,0.0,0.0,0.0,1.0,1.0,0.0,0.0,0.0,0.0,0.0,1.0,0.0,MEDIUM
0.0011345809160752326,0.6409921671018277,0.0022782235722806354,0.013641523466551847,0.04995249762488124,0.647058823529413,1.0,0.0,0.0,1.0,0.0,0.0,0.0,1.0,0.0,0.0,0.0,0.0,1.0,0.0,MEDIUM
0.10283470327134961,0.0005221932114882507,0.11670110619324812,0.7000234861236153,0.2249612480624031,0.941176470588232,1.0,0.0,0.0,1.0,0.0,0.0,1.0,0.0,0.0,0.0,0.0,1.0,0.0,0.0,LONG
0.0015657520819027503,0.6484334203655353,0.0031517055713810795,0.018906329510314325,0.07495374768738437,0.852941176470587,1.0,0.0,1.0,0.0,0.0,0.0,0.0,1.0,0.0,0.0,0.0,0.0,1.0,0.0,SHORT
0.0019178371785132271,0.5739556135770236,0.003855705988566512,0.023094688221709007,0.007350367518375919,1.0,1.0,0.0,0.0,0.0,1.0,0.0,1.0,0.0,0.0,0.0,0.0,0.0,1.0,0.0,MEDIUM
0.0003923885741922385,0.6353785900783291,0.0007496300738548586,0.004266645790112342,0.00015000750037501875,0.911764705882355,0.0,0.0,0.0,0.0,0.0,1.0,0.0,1.0,0.0,0.0,0.0,0.0,1.0,0.0,SHORT
0.0007642451881069764,0.5807441253263708,0.0015318527596164502,0.008944298743492387,0.029951497574878742,0.852941176470587,0.5,0.0,0.0,0.0,0.0,1.0,0.0,1.0,0.0,0.0,0.0,0.0,1.0,0.0,MEDIUM
0.00028592655793853016,0.34614882506527417,0.0005149632681263811,0.002935765451912162,0.01295064753237662,0.911764705882355,1.0,0.0,0.0,0.0,0.0,1.0,1.0,0.0,0.0,0.0,0.0,0.0,1.0,0.0,MEDIUM
0.0008843951778790176,0.34738903394255877,0.0017632603041542543,0.010549183857204368,0.01295064753237662,0.970588235294116,1.0,0.0,0.0,0.0,0.0,1.0,1.0,0.0,0.0,0.0,0.0,0.0,1.0,0.0,MEDIUM
0.10283470327134961,6.527415143603134e-05,0.11665547653657869,0.7002974908991272,0.1849592479623981,0.823529411764703,1.0,0.0,0.0,1.0,0.0,0.0,1.0,0.0,0.0,0.0,0.0,1.0,0.0,0.0,LONG
0.0003269904784935322,0.3462140992167102,0.000589926275511867,0.0035229185422945945,0.01295064753237662,0.941176470588232,1.0,0.0,0.0,0.0,0.0,1.0,1.0,0.0,0.0,0.0,0.0,0.0,1.0,0.0,MEDIUM
0.0002707176984737148,0.34725848563968675,0.00047911139502897486,0.002759619524797432,0.01295064753237662,0.970588235294116,1.0,0.0,0.0,0.0,0.0,1.0,1.0,0.0,0.0,0.0,0.0,0.0,1.0,0.0,MEDIUM
0.0008843951778790176,0.34738903394255877,0.0017632603041542543,0.010549183857204368,0.01295064753237662,0.970588235294116,1.0,0.0,0.0,0.0,0.0,1.0,1.0,0.0,0.0,0.0,0.0,0.0,1.0,0.0,MEDIUM
0.0024364592862634333,0.5384464751958224,0.004937780703870047,0.02882921673777743,0.012450622531126556,0.705882352941174,1.0,1.0,0.0,0.0,0.0,0.0,1.0,0.0,0.0,0.0,0.0,0.0,1.0,0.0,MEDIUM
0.0024372197292366754,0.5387075718015666,0.00491170661434466,0.029005362664892162,0.013950697534876743,0.882352941176471,1.0,1.0,0.0,0.0,0.0,0.0,1.0,0.0,0.0,0.0,0.0,0.0,1.0,0.0,MEDIUM
0.0009353448570861497,0.4569190600522194,0.0018708159234464732,0.011155908717266216,0.014450722536126805,1.0,1.0,0.0,0.0,0.0,0.0,1.0,1.0,0.0,0.0,0.0,0.0,0.0,1.0,0.0,MEDIUM
0.0024372197292366754,0.5385770234986946,0.004908447353153988,0.029024934434571575,0.013950697534876743,0.852941176470587,1.0,1.0,0.0,0.0,0.0,0.0,1.0,0.0,0.0,0.0,0.0,0.0,1.0,0.0,MEDIUM
0.001970307743666841,0.5736945169712794,0.003960002346668058,0.02372098485145027,0.007350367518375919,0.911764705882355,1.0,0.0,0.0,0.0,1.0,0.0,1.0,0.0,0.0,0.0,0.0,0.0,1.0,0.0,MEDIUM
0.0008843951778790176,0.34738903394255877,0.0017632603041542543,0.010549183857204368,0.01295064753237662,0.970588235294116,1.0,0.0,0.0,0.0,0.0,1.0,1.0,0.0,0.0,0.0,0.0,0.0,1.0,0.0,MEDIUM
0.10283090105648342,0.006005221932114883,0.11672066176039216,0.69986691196618,0.16515825791289562,0.5,1.0,0.0,0.0,1.0,0.0,0.0,1.0,0.0,0.0,0.0,0.0,1.0,0.0,0.0,LONG
0.3788123857909709,0.41050913838120107,0.5770000456296567,0.10981719967119427,0.0679533976698835,0.764705882352942,1.0,0.0,0.0,0.0,0.0,1.0,0.0,0.0,0.0,1.0,1.0,0.0,0.0,0.0,SHORT
0.0008843951778790176,0.34738903394255877,0.0017665195653449278,0.010529612087524955,0.01295064753237662,0.970588235294116,1.0,0.0,0.0,0.0,0.0,1.0,1.0,0.0,0.0,0.0,0.0,0.0,1.0,0.0,MEDIUM
0.0008958018224776302,0.34627937336814624,0.0017860751324889675,0.01068618624496027,0.01295064753237662,0.941176470588232,1.0,0.0,0.0,0.0,0.0,1.0,1.0,0.0,0.0,0.0,0.0,0.0,1.0,0.0,MEDIUM
0.10283470327134961,0.0007180156657963447,0.11667177284253206,0.7001996320507301,0.23571178558927944,0.529411764705884,1.0,0.0,0.0,1.0,0.0,0.0,1.0,0.0,0.0,0.0,0.0,1.0,0.0,0.0,LONG
0.0008843951778790176,0.34738903394255877,0.0017632603041542543,0.010549183857204368,0.01295064753237662,0.970588235294116,1.0,0.0,0.0,0.0,0.0,1.0,1.0,0.0,0.0,0.0,0.0,0.0,1.0,0.0,MEDIUM
0.0008958018224776302,0.34627937336814624,0.0017860751324889675,0.01068618624496027,0.01295064753237662,0.941176470588232,1.0,0.0,0.0,0.0,0.0,1.0,1.0,0.0,0.0,0.0,0.0,0.0,1.0,0.0,MEDIUM
0.0005300287523488179,0.6389033942558747,0.0010364450586341088,0.0060281050612596395,0.010700535026751338,0.529411764705884,1.0,0.0,0.0,0.0,0.0,1.0,0.0,1.0,0.0,0.0,0.0,0.0,1.0,0.0,SHORT
0.0019376086958174873,0.5737597911227155,0.0038948171228545916,0.023329549457861982,0.007350367518375919,0.941176470588232,1.0,0.0,0.0,0.0,1.0,0.0,1.0,0.0,0.0,0.0,0.0,0.0,1.0,0.0,MEDIUM
0.0008843951778790176,0.34738903394255877,0.0017665195653449278,0.010529612087524955,0.01295064753237662,0.970588235294116,1.0,0.0,0.0,0.0,0.0,1.0,1.0,0.0,0.0,0.0,0.0,0.0,1.0,0.0,MEDIUM
0.0008958018224776302,0.34627937336814624,0.0017860751324889675,0.01068618624496027,0.01295064753237662,0.941176470588232,1.0,0.0,0.0,0.0,0.0,1.0,1.0,0.0,0.0,0.0,0.0,0.0,1.0,0.0,MEDIUM
0.0008958018224776302,0.34627937336814624,0.0017860751324889675,0.01068618624496027,0.01295064753237662,0.941176470588232,1.0,0.0,0.0,0.0,0.0,1.0,1.0,0.0,0.0,0.0,0.0,0.0,1.0,0.0,MEDIUM
0.0008843951778790176,0.34732375979112273,0.0017632603041542543,0.010549183857204368,0.01295064753237662,0.970588235294116,1.0,0.0,0.0,0.0,0.0,1.0,1.0,0.0,0.0,0.0,0.0,0.0,1.0,0.0,MEDIUM
0.0007901002491971622,0.6400130548302873,0.0015872601998578964,0.009257447058363018,0.00020001000050002502,0.794117647058826,0.0,0.0,0.0,0.0,0.0,1.0,0.0,0.0,0.0,1.0,0.0,0.0,1.0,0.0,SHORT
0.0008843951778790176,0.34738903394255877,0.0017632603041542543,0.010549183857204368,0.01295064753237662,0.970588235294116,1.0,0.0,0.0,0.0,0.0,1.0,1.0,0.0,0.0,0.0,0.0,0.0,1.0,0.0,MEDIUM
0.0008843951778790176,0.34738903394255877,0.0017632603041542543,0.010549183857204368,0.01295064753237662,0.970588235294116,1.0,0.0,0.0,0.0,0.0,1.0,1.0,0.0,0.0,0.0,0.0,0.0,1.0,0.0,MEDIUM
0.0008843951778790176,0.34738903394255877,0.0017632603041542543,0.010549183857204368,0.01295064753237662,0.970588235294116,1.0,0.0,0.0,0.0,0.0,1.0,1.0,0.0,0.0,0.0,0.0,0.0,1.0,0.0,MEDIUM
0.0009353448570861497,0.4569190600522194,0.0018708159234464732,0.011155908717266216,0.014450722536126805,1.0,1.0,0.0,0.0,0.0,0.0,1.0,1.0,0.0,0.0,0.0,0.0,0.0,1.0,0.0,MEDIUM
0.00124104293232894,0.293668407310705,0.0025031125944370933,0.014894116726034369,0.0022001100055002746,0.264705882352942,0.5,0.0,0.0,1.0,0.0,0.0,1.0,0.0,0.0,0.0,0.0,0.0,1.0,0.0,MEDIUM
0.0008843951778790176,0.34738903394255877,0.0017632603041542543,0.010529612087524955,0.01295064753237662,0.970588235294116,1.0,0.0,0.0,0.0,0.0,1.0,1.0,0.0,0.0,0.0,0.0,0.0,1.0,0.0,MEDIUM
0.0008843951778790176,0.34738903394255877,0.0017632603041542543,0.010549183857204368,0.01295064753237662,0.970588235294116,1.0,0.0,0.0,0.0,0.0,1.0,1.0,0.0,0.0,0.0,0.0,0.0,1.0,0.0,MEDIUM
0.0002539879530624187,0.6328981723237598,0.00044977804431291517,0.002505186518965045,0.29496474823741187,0.705882352941174,1.0,1.0,0.0,0.0,0.0,0.0,0.0,1.0,0.0,0.0,0.0,0.0,1.0,0.0,SHORT
0.0013300147601981102,0.6441253263707573,0.0026725941763521047,0.01604885113711982,0.2041602080104005,0.852941176470587,1.0,0.0,0.0,1.0,0.0,0.0,0.0,1.0,0.0,0.0,0.0,0.0,1.0,0.0,MEDIUM
0.0008958018224776302,0.34627937336814624,0.0017860751324889675,0.01068618624496027,0.01295064753237662,0.941176470588232,1.0,0.0,0.0,0.0,0.0,1.0,1.0,0.0,0.0,0.0,0.0,0.0,1.0,0.0,MEDIUM
0.001000742952784856,0.6377937336814622,0.0020174826770267716,0.011899635965083963,0.022301115055752784,0.764705882352942,1.0,0.0,0.0,0.0,1.0,0.0,0.0,1.0,0.0,0.0,0.0,0.0,1.0,0.0,LONG
0.0008843951778790176,0.34738903394255877,0.0017632603041542543,0.010549183857204368,0.01295064753237662,0.941176470588232,1.0,0.0,0.0,0.0,0.0,1.0,1.0,0.0,0.0,0.0,0.0,0.0,1.0,0.0,MEDIUM
0.00027451991333991843,0.6369451697127938,0.000524741051698401,0.002603045367362117,5.000250012500625e-05,0.941176470588232,0.0,0.0,0.0,0.0,0.0,1.0,1.0,0.0,0.0,0.0,0.0,0.0,1.0,0.0,SHORT
0.0008843951778790176,0.34738903394255877,0.0017632603041542543,0.010549183857204368,0.01295064753237662,0.970588235294116,1.0,0.0,0.0,0.0,0.0,1.0,1.0,0.0,0.0,0.0,0.0,0.0,1.0,0.0,MEDIUM
0.0008843951778790176,0.34738903394255877,0.0017632603041542543,0.010549183857204368,0.01295064753237662,0.970588235294116,1.0,0.0,0.0,0.0,0.0,1.0,1.0,0.0,0.0,0.0,0.0,0.0,1.0,0.0,MEDIUM
0.00028592655793853016,0.3460835509138382,0.0005084447457450346,0.0029944807609504054,0.01295064753237662,0.911764705882355,1.0,0.0,0.0,0.0,0.0,1.0,1.0,0.0,0.0,0.0,0.0,0.0,1.0,0.0,MEDIUM
0.0008958018224776302,0.34627937336814624,0.0017860751324889675,0.01068618624496027,0.01295064753237662,0.941176470588232,1.0,0.0,0.0,0.0,0.0,1.0,1.0,0.0,0.0,0.0,0.0,0.0,1.0,0.0,MEDIUM
0.0019832352742119343,0.5736292428198434,0.003986076436193444,0.023877559008885586,0.007350367518375919,0.970588235294116,1.0,0.0,0.0,0.0,1.0,0.0,1.0,0.0,0.0,0.0,0.0,0.0,1.0,0.0,MEDIUM
0.10283546371432285,0.0002610966057441254,0.11666525432015071,0.7002583473597683,0.079953997699885,0.970588235294116,1.0,0.0,0.0,1.0,0.0,0.0,1.0,0.0,0.0,0.0,0.0,1.0,0.0,0.0,LONG
0.00031634427686816086,0.34719321148825066,0.0005768892307491738,0.0033663443848592793,0.01295064753237662,0.970588235294116,1.0,0.0,0.0,0.0,0.0,1.0,1.0,0.0,0.0,0.0,0.0,0.0,1.0,0.0,MEDIUM
0.0009148128968086491,0.28067885117493474,0.001825186266777047,0.010921047481113243,0.014450722536126805,1.0,1.0,0.0,0.0,0.0,0.0,1.0,1.0,0.0,0.0,0.0,0.0,0.0,1.0,0.0,MEDIUM
0.00028668700091177054,0.2806135770234987,0.0005117040069357078,0.0029749089912709907,0.014450722536126805,1.0,1.0,0.0,0.0,0.0,0.0,1.0,1.0,0.0,0.0,0.0,0.0,0.0,1.0,0.0,MEDIUM
0.10283698460026935,0.000195822454308094,0.11665547653657869,0.7003366344384859,0.01295064753237662,0.911764705882355,1.0,0.0,0.0,1.0,0.0,0.0,1.0,0.0,0.0,0.0,0.0,1.0,0.0,0.0,LONG
0.0009208964405945756,0.637467362924282,0.0018414825727304136,0.010979762790151486,0.01295064753237662,0.970588235294116,1.0,0.0,0.0,0.0,0.0,1.0,1.0,0.0,0.0,0.0,0.0,0.0,1.0,0.0,MEDIUM
0.0008958018224776302,0.34627937336814624,0.0017860751324889675,0.01068618624496027,0.01295064753237662,0.941176470588232,1.0,0.0,0.0,0.0,0.0,1.0,1.0,0.0,0.0,0.0,0.0,0.0,1.0,0.0,MEDIUM
0.0008958018224776302,0.34627937336814624,0.0017860751324889675,0.01068618624496027,0.01295064753237662,0.941176470588232,1.0,0.0,0.0,0.0,0.0,1.0,1.0,0.0,0.0,0.0,0.0,0.0,1.0,0.0,MEDIUM
0.0009148128968086491,0.2807441253263708,0.001825186266777047,0.010921047481113243,0.014450722536126805,1.0,1.0,0.0,0.0,0.0,0.0,1.0,1.0,0.0,0.0,0.0,0.0,0.0,1.0,0.0,MEDIUM
0.0008843951778790176,0.34738903394255877,0.0017632603041542543,0.010529612087524955,0.01295064753237662,0.970588235294116,1.0,0.0,0.0,0.0,0.0,1.0,1.0,0.0,0.0,0.0,0.0,0.0,1.0,0.0,MEDIUM
0.0008843951778790176,0.34738903394255877,0.0017632603041542543,0.010549183857204368,0.01295064753237662,0.970588235294116,1.0,0.0,0.0,0.0,0.0,1.0,1.0,0.0,0.0,0.0,0.0,0.0,1.0,0.0,MEDIUM
0.0019573802131217476,0.5738250652741514,0.0039339282571426715,0.023564410694014954,0.007350367518375919,1.0,1.0,0.0,0.0,0.0,1.0,0.0,1.0,0.0,0.0,0.0,0.0,0.0,1.0,0.0,MEDIUM
0.0009148128968086491,0.2807441253263708,0.001825186266777047,0.010921047481113243,0.014450722536126805,1.0,1.0,0.0,0.0,0.0,0.0,1.0,1.0,0.0,0.0,0.0,0.0,0.0,1.0,0.0,MEDIUM
0.0010973192103864342,0.6406657963446476,0.0022228161320391893,0.013054370376169414,0.039951997599879996,1.0,1.0,0.0,0.0,1.0,0.0,0.0,0.0,1.0,0.0,0.0,0.0,0.0,1.0,0.0,MEDIUM
0.0008843951778790176,0.34738903394255877,0.0017632603041542543,0.010549183857204368,0.01295064753237662,0.970588235294116,1.0,0.0,0.0,0.0,0.0,1.0,1.0,0.0,0.0,0.0,0.0,0.0,1.0,0.0,MEDIUM
0.0009148128968086491,0.2807441253263708,0.001825186266777047,0.010921047481113243,0.014450722536126805,1.0,1.0,0.0,0.0,0.0,0.0,1.0,1.0,0.0,0.0,0.0,0.0,0.0,1.0,0.0,MEDIUM
0.0008958018224776302,0.34627937336814624,0.0017860751324889675,0.01068618624496027,0.01295064753237662,0.941176470588232,1.0,0.0,0.0,0.0,0.0,1.0,1.0,0.0,0.0,0.0,0.0,0.0,1.0,0.0,MEDIUM
0.0002828847860455669,0.34614882506527417,0.000501926223363688,0.0029553372215915764,0.01295064753237662,0.911764705882355,1.0,0.0,0.0,0.0,0.0,1.0,1.0,0.0,0.0,0.0,0.0,0.0,1.0,0.0,MEDIUM
0.0008958018224776302,0.34738903394255877,0.0017860751324889675,0.01068618624496027,0.014950747537376869,0.529411764705884,1.0,0.0,0.0,1.0,0.0,0.0,0.0,1.0,0.0,0.0,0.0,0.0,1.0,0.0,MEDIUM
0.000631167667789841,0.6360313315926893,0.0012450377748371999,0.007339413629780405,0.00015000750037501875,0.852941176470587,0.0,0.0,0.0,0.0,0.0,1.0,0.0,1.0,0.0,0.0,0.0,0.0,1.0,0.0,SHORT
0.0009353448570861497,0.4569190600522194,0.0018708159234464732,0.011155908717266216,0.014450722536126805,1.0,1.0,0.0,0.0,0.0,0.0,1.0,1.0,0.0,0.0,0.0,0.0,0.0,1.0,0.0,MEDIUM
0.0008843951778790176,0.34738903394255877,0.0017632603041542543,0.010549183857204368,0.01295064753237662,0.970588235294116,1.0,0.0,0.0,0.0,0.0,1.0,1.0,0.0,0.0,0.0,0.0,0.0,1.0,0.0,MEDIUM
0.0008843951778790176,0.34738903394255877,0.0017632603041542543,0.010549183857204368,0.01295064753237662,0.970588235294116,1.0,0.0,0.0,0.0,0.0,1.0,1.0,0.0,0.0,0.0,0.0,0.0,1.0,0.0,MEDIUM
0.0008843951778790176,0.34738903394255877,0.0017632603041542543,0.010549183857204368,0.01295064753237662,0.970588235294116,1.0,0.0,0.0,0.0,0.0,1.0,1.0,0.0,0.0,0.0,0.0,0.0,1.0,0.0,MEDIUM
0.0009208964405945756,0.637402088772846,0.0018414825727304136,0.010979762790151486,0.01295064753237662,0.970588235294116,1.0,0.0,0.0,0.0,0.0,1.0,1.0,0.0,0.0,0.0,0.0,0.0,1.0,0.0,MEDIUM
0.0008745094192268883,0.34738903394255877,0.0017469639982008879,0.010392609699769054,0.01295064753237662,0.970588235294116,1.0,0.0,0.0,0.0,0.0,1.0,1.0,0.0,0.0,0.0,0.0,0.0,1.0,0.0,MEDIUM
0.0008958018224776302,0.34627937336814624,0.0017860751324889675,0.01068618624496027,0.01295064753237662,0.941176470588232,1.0,0.0,0.0,0.0,0.0,1.0,1.0,0.0,0.0,0.0,0.0,0.0,1.0,0.0,MEDIUM
0.0008843951778790176,0.34738903394255877,0.0017632603041542543,0.010529612087524955,0.01295064753237662,0.970588235294116,1.0,0.0,0.0,0.0,0.0,1.0,1.0,0.0,0.0,0.0,0.0,0.0,1.0,0.0,MEDIUM
0.0008859160638254992,0.24131853785900784,0.0017730380877262744,0.01051004031784554,0.0010500525026251313,0.882352941176471,0.0,0.0,0.0,0.0,0.0,1.0,0.0,1.0,0.0,0.0,0.0,0.0,1.0,0.0,SHORT
0.0008843951778790176,0.34738903394255877,0.001760001042963581,0.010549183857204368,0.01295064753237662,0.970588235294116,1.0,0.0,0.0,0.0,0.0,1.0,1.0,0.0,0.0,0.0,0.0,0.0,1.0,0.0,MEDIUM
0.0008843951778790176,0.34738903394255877,0.0017632603041542543,0.010549183857204368,0.01295064753237662,0.970588235294116,1.0,0.0,0.0,0.0,0.0,1.0,1.0,0.0,0.0,0.0,0.0,0.0,1.0,0.0,MEDIUM
0.0005870619753418765,0.34627937336814624,0.001147259939117001,0.006810975848436216,0.01295064753237662,0.941176470588232,1.0,0.0,0.0,0.0,0.0,1.0,1.0,0.0,0.0,0.0,0.0,0.0,1.0,0.0,MEDIUM
0.0008843951778790176,0.34738903394255877,0.0017632603041542543,0.010549183857204368,0.01295064753237662,0.970588235294116,1.0,0.0,0.0,0.0,0.0,1.0,1.0,0.0,0.0,0.0,0.0,0.0,1.0,0.0,MEDIUM
0.0008843951778790176,0.34738903394255877,0.0017632603041542543,0.010549183857204368,0.01295064753237662,0.941176470588232,1.0,0.0,0.0,0.0,0.0,1.0,1.0,0.0,0.0,0.0,0.0,0.0,1.0,0.0,MEDIUM
0.00029885408848362265,0.34725848563968675,0.0005442966188424408,0.0030923396093474774,0.01295064753237662,0.970588235294116,1.0,0.0,0.0,0.0,0.0,1.0,1.0,0.0,0.0,0.0,0.0,0.0,1.0,0.0,MEDIUM
0.0008843951778790176,0.34738903394255877,0.0017632603041542543,0.010549183857204368,0.01295064753237662,0.970588235294116,1.0,0.0,0.0,0.0,0.0,1.0,1.0,0.0,0.0,0.0,0.0,0.0,1.0,0.0,MEDIUM
0.0009148128968086491,0.28067885117493474,0.001825186266777047,0.010921047481113243,0.01295064753237662,0.970588235294116,1.0,0.0,0.0,0.0,0.0,1.0,1.0,0.0,0.0,0.0,0.0,0.0,1.0,0.0,MEDIUM
0.10283394282837638,6.527415143603134e-05,0.11666525432015071,0.7002583473597683,0.3224661233061653,0.794117647058826,1.0,0.0,0.0,1.0,0.0,0.0,1.0,0.0,0.0,0.0,0.0,1.0,0.0,0.0,LONG
0.0008958018224776302,0.34634464751958227,0.0017860751324889675,0.01068618624496027,0.01295064753237662,0.941176470588232,1.0,0.0,0.0,0.0,0.0,1.0,1.0,0.0,0.0,0.0,0.0,0.0,1.0,0.0,MEDIUM
0.0009353448570861497,0.4569190600522194,0.0018708159234464732,0.011155908717266216,0.014450722536126805,1.0,1.0,0.0,0.0,0.0,0.0,1.0,1.0,0.0,0.0,0.0,0.0,0.0,1.0,0.0,MEDIUM
0.10283470327134961,6.527415143603134e-05,0.11665221727538802,0.7003170626688066,0.16245812290614528,0.794117647058826,1.0,0.0,0.0,1.0,0.0,0.0,1.0,0.0,0.0,0.0,0.0,1.0,0.0,0.0,LONG
0.0019239207222991536,0.5739556135770236,0.0038687430333292053,0.023172975300426665,0.007350367518375919,0.970588235294116,1.0,0.0,0.0,0.0,1.0,0.0,1.0,0.0,0.0,0.0,0.0,0.0,1.0,0.0,MEDIUM
0.0012615748926064416,0.5639686684073107,0.0025389644675344993,0.015187693271225586,0.04295214760738037,0.823529411764703,1.0,0.0,0.0,0.0,0.0,1.0,1.0,0.0,0.0,0.0,0.0,0.0,1.0,0.0,LONG
0.0008958018224776302,0.34627937336814624,0.001792593654870314,0.010666614475280856,0.01295064753237662,0.941176470588232,1.0,0.0,0.0,0.0,0.0,1.0,1.0,0.0,0.0,0.0,0.0,0.0,1.0,0.0,MEDIUM
0.0008843951778790176,0.34738903394255877,0.001760001042963581,0.010549183857204368,0.01295064753237662,0.970588235294116,1.0,0.0,0.0,0.0,0.0,1.0,1.0,0.0,0.0,0.0,0.0,0.0,1.0,0.0,MEDIUM
0.10283546371432285,0.0002610966057441254,0.11668480988729475,0.7001409167416918,0.28996449822491127,0.735294117647058,1.0,0.0,0.0,1.0,0.0,0.0,1.0,0.0,0.0,0.0,0.0,1.0,0.0,0.0,LONG
0.0008958018224776302,0.34627937336814624,0.001792593654870314,0.010666614475280856,0.01295064753237662,0.941176470588232,1.0,0.0,0.0,0.0,0.0,1.0,1.0,0.0,0.0,0.0,0.0,0.0,1.0,0.0,MEDIUM
0.0009353448570861497,0.4569190600522194,0.0018675566622558,0.01117548048694563,0.014450722536126805,1.0,1.0,0.0,0.0,0.0,0.0,1.0,1.0,0.0,0.0,0.0,0.0,0.0,1.0,0.0,MEDIUM
0.0008843951778790176,0.34738903394255877,0.0017632603041542543,0.010549183857204368,0.01295064753237662,0.970588235294116,1.0,0.0,0.0,0.0,0.0,1.0,1.0,0.0,0.0,0.0,0.0,0.0,1.0,0.0,MEDIUM
0.0008843951778790176,0.34738903394255877,0.0017632603041542543,0.010549183857204368,0.01295064753237662,0.970588235294116,1.0,0.0,0.0,0.0,0.0,1.0,1.0,0.0,0.0,0.0,0.0,0.0,1.0,0.0,MEDIUM
0.0008843951778790176,0.34738903394255877,0.0017632603041542543,0.010549183857204368,0.01295064753237662,0.970588235294116,1.0,0.0,0.0,0.0,0.0,1.0,1.0,0.0,0.0,0.0,0.0,0.0,1.0,0.0,MEDIUM
0.0008958018224776302,0.34627937336814624,0.0017860751324889675,0.010705758014639685,0.01295064753237662,0.911764705882355,1.0,0.0,0.0,0.0,0.0,1.0,1.0,0.0,0.0,0.0,0.0,0.0,1.0,0.0,MEDIUM
0.0003269904784935322,0.3460835509138382,0.0006062225814652335,0.003444631463576937,0.01295064753237662,0.911764705882355,1.0,0.0,0.0,0.0,0.0,1.0,1.0,0.0,0.0,0.0,0.0,0.0,1.0,0.0,MEDIUM
0.0008843951778790176,0.34738903394255877,0.0017632603041542543,0.010549183857204368,0.01295064753237662,0.970588235294116,1.0,0.0,0.0,0.0,0.0,1.0,1.0,0.0,0.0,0.0,0.0,0.0,1.0,0.0,MEDIUM
0.0009148128968086491,0.2807441253263708,0.001825186266777047,0.010921047481113243,0.014450722536126805,1.0,1.0,0.0,0.0,0.0,0.0,1.0,1.0,0.0,0.0,0.0,0.0,0.0,1.0,0.0,MEDIUM
0.0009208964405945756,0.637402088772846,0.0018414825727304136,0.010979762790151486,0.01295064753237662,0.970588235294116,1.0,0.0,0.0,0.0,0.0,1.0,1.0,0.0,0.0,0.0,0.0,0.0,1.0,0.0,MEDIUM
0.0008958018224776302,0.34738903394255877,0.0017860751324889675,0.01068618624496027,0.079953997699885,0.647058823529413,1.0,0.0,0.0,1.0,0.0,0.0,0.0,1.0,0.0,0.0,0.0,0.0,1.0,0.0,MEDIUM
0.0008843951778790176,0.34738903394255877,0.001760001042963581,0.010549183857204368,0.01295064753237662,0.970588235294116,1.0,0.0,0.0,0.0,0.0,1.0,1.0,0.0,0.0,0.0,0.0,0.0,1.0,0.0,MEDIUM
0.04822425159103681,0.36148825065274154,0.06604566876780371,0.3933925705562297,0.10295514775738787,0.529411764705884,1.0,0.0,0.0,0.0,0.0,1.0,0.0,0.0,1.0,0.0,0.0,0.0,0.0,1.0,LONG
0.0008843951778790176,0.34738903394255877,0.0017632603041542543,0.010549183857204368,0.01295064753237662,0.970588235294116,1.0,0.0,0.0,0.0,0.0,1.0,1.0,0.0,0.0,0.0,0.0,0.0,1.0,0.0,MEDIUM
0.0008843951778790176,0.34738903394255877,0.0017632603041542543,0.010549183857204368,0.01295064753237662,0.970588235294116,1.0,0.0,0.0,0.0,0.0,1.0,1.0,0.0,0.0,0.0,0.0,0.0,1.0,0.0,MEDIUM
0.10269554220724655,0.06932114882506528,0.11658051352919321,0.6993580459545152,0.160258012900645,0.264705882352942,1.0,0.0,0.0,0.0,0.0,1.0,1.0,0.0,0.0,0.0,0.0,1.0,0.0,0.0,MEDIUM
0.0008958018224776302,0.34627937336814624,0.0017860751324889675,0.01068618624496027,0.01295064753237662,0.941176470588232,1.0,0.0,0.0,0.0,0.0,1.0,1.0,0.0,0.0,0.0,0.0,0.0,1.0,0.0,MEDIUM
0.048225012034010056,0.3494125326370758,0.06719944722930206,0.38648373585939644,0.08145407270363518,0.6764705882352899,1.0,0.0,0.0,0.0,0.0,1.0,0.0,0.0,1.0,0.0,0.0,0.0,0.0,1.0,LONG
0.001970307743666841,0.5736292428198434,0.003960002346668058,0.02372098485145027,0.007350367518375919,0.911764705882355,0.5,0.0,0.0,0.0,1.0,0.0,1.0,0.0,0.0,0.0,0.0,0.0,1.0,0.0,MEDIUM
0.0008843951778790176,0.34738903394255877,0.0017632603041542543,0.010549183857204368,0.01295064753237662,0.970588235294116,1.0,0.0,0.0,0.0,0.0,1.0,1.0,0.0,0.0,0.0,0.0,0.0,1.0,0.0,MEDIUM
0.0008843951778790176,0.34738903394255877,0.0017632603041542543,0.010549183857204368,0.01295064753237662,0.970588235294116,1.0,0.0,0.0,0.0,0.0,1.0,1.0,0.0,0.0,0.0,0.0,0.0,1.0,0.0,MEDIUM
0.10283926592918907,0.0001305483028720627,0.11667503210372274,0.7002387755900888,0.12745637281864092,0.588235294117645,1.0,0.0,0.0,1.0,0.0,0.0,1.0,0.0,0.0,0.0,0.0,1.0,0.0,0.0,LONG
0.0009148128968086491,0.28067885117493474,0.001825186266777047,0.010921047481113243,0.014450722536126805,1.0,1.0,0.0,0.0,0.0,0.0,1.0,1.0,0.0,0.0,0.0,0.0,0.0,1.0,0.0,MEDIUM
0.0009148128968086491,0.2807441253263708,0.001825186266777047,0.010921047481113243,0.014450722536126805,1.0,1.0,0.0,0.0,0.0,0.0,1.0,1.0,0.0,0.0,0.0,0.0,0.0,1.0,0.0,MEDIUM
0.0008958018224776302,0.34627937336814624,0.0017860751324889675,0.01068618624496027,0.01295064753237662,0.941176470588232,1.0,0.0,0.0,0.0,0.0,1.0,1.0,0.0,0.0,0.0,0.0,0.0,1.0,0.0,MEDIUM
0.00035056421066399605,0.6361618798955614,0.0006583707605160063,0.003738208008768153,5.000250012500625e-05,0.970588235294116,0.5,0.0,0.0,0.0,0.0,1.0,1.0,0.0,0.0,0.0,0.0,0.0,1.0,0.0,SHORT
0.0009353448570861497,0.4569190600522194,0.0018708159234464732,0.011155908717266216,0.014450722536126805,1.0,1.0,0.0,0.0,0.0,0.0,1.0,1.0,0.0,0.0,0.0,0.0,0.0,1.0,0.0,MEDIUM
0.0019109931917540603,0.5739556135770236,0.0038426689438038186,0.02301640114299135,0.007350367518375919,0.970588235294116,1.0,0.0,0.0,0.0,1.0,0.0,1.0,0.0,0.0,0.0,0.0,0.0,1.0,0.0,MEDIUM
0.0008843951778790176,0.34738903394255877,0.0017632603041542543,0.010549183857204368,0.01295064753237662,0.970588235294116,1.0,0.0,0.0,0.0,0.0,1.0,1.0,0.0,0.0,0.0,0.0,0.0,1.0,0.0,MEDIUM
0.00038326325851334875,0.3462140992167102,0.0007333337679014921,0.004110071632677027,0.01295064753237662,0.911764705882355,1.0,0.0,0.0,0.0,0.0,1.0,1.0,0.0,0.0,0.0,0.0,0.0,1.0,0.0,MEDIUM
0.0008843951778790176,0.34738903394255877,0.0017632603041542543,0.010549183857204368,0.01295064753237662,0.970588235294116,1.0,0.0,0.0,0.0,0.0,1.0,1.0,0.0,0.0,0.0,0.0,0.0,1.0,0.0,MEDIUM
0.0008958018224776302,0.34627937336814624,0.0017860751324889675,0.01068618624496027,0.01295064753237662,0.941176470588232,1.0,0.0,0.0,0.0,0.0,1.0,1.0,0.0,0.0,0.0,0.0,0.0,1.0,0.0,MEDIUM
0.0008843951778790176,0.34738903394255877,0.0017632603041542543,0.010549183857204368,0.01295064753237662,0.970588235294116,1.0,0.0,0.0,0.0,0.0,1.0,1.0,0.0,0.0,0.0,0.0,0.0,1.0,0.0,MEDIUM
0.0008843951778790176,0.34738903394255877,0.0017632603041542543,0.010549183857204368,0.01295064753237662,0.970588235294116,1.0,0.0,0.0,0.0,0.0,1.0,1.0,0.0,0.0,0.0,0.0,0.0,1.0,0.0,MEDIUM
0.0008843951778790176,0.34738903394255877,0.0017632603041542543,0.010549183857204368,0.01295064753237662,0.970588235294116,1.0,0.0,0.0,0.0,0.0,1.0,1.0,0.0,0.0,0.0,0.0,0.0,1.0,0.0,MEDIUM
0.001031921114687727,0.6384464751958225,0.0020924456844122574,0.012212784279954593,0.03465173258662933,0.617647058823529,1.0,0.0,0.0,1.0,0.0,0.0,0.0,1.0,0.0,0.0,0.0,0.0,1.0,0.0,MEDIUM
0.04822349114806357,0.3618798955613577,0.06606522433494776,0.3932555681684738,0.11495574778738937,0.852941176470587,1.0,0.0,0.0,0.0,0.0,1.0,0.0,0.0,1.0,0.0,0.0,0.0,0.0,1.0,LONG
0.000319386048761125,0.3460835509138382,0.0005997040590838869,0.0032880573061416216,0.01295064753237662,0.941176470588232,1.0,0.0,0.0,0.0,0.0,1.0,1.0,0.0,0.0,0.0,0.0,0.0,1.0,0.0,MEDIUM
0.0008843951778790176,0.34738903394255877,0.0017632603041542543,0.010549183857204368,0.01295064753237662,0.970588235294116,1.0,0.0,0.0,0.0,0.0,1.0,1.0,0.0,0.0,0.0,0.0,0.0,1.0,0.0,MEDIUM
0.0009353448570861497,0.4569190600522194,0.0018708159234464732,0.011155908717266216,0.014450722536126805,1.0,1.0,0.0,0.0,0.0,0.0,1.0,1.0,0.0,0.0,0.0,0.0,0.0,1.0,0.0,MEDIUM
0.00029885408848362265,0.6356396866840731,0.000557333663605134,0.0030140525306298197,5.000250012500625e-05,1.0,0.0,0.0,0.0,0.0,0.0,1.0,1.0,0.0,0.0,0.0,0.0,0.0,1.0,0.0,SHORT
0.0007748913897323469,0.6357049608355092,0.0015677046327138564,0.008983442282851216,0.00015000750037501875,0.852941176470587,0.0,0.0,0.0,0.0,0.0,1.0,0.0,1.0,0.0,0.0,0.0,0.0,1.0,0.0,SHORT
0.0008843951778790176,0.34738903394255877,0.0017632603041542543,0.010529612087524955,0.01295064753237662,0.970588235294116,1.0,0.0,0.0,0.0,0.0,1.0,1.0,0.0,0.0,0.0,0.0,0.0,1.0,0.0,MEDIUM
0.10282938017053693,0.08387728459530026,0.11665221727538802,0.7002779191294477,0.11895594779738987,0.32352941176470296,1.0,0.0,0.0,0.0,0.0,1.0,0.0,1.0,0.0,0.0,0.0,1.0,0.0,0.0,LONG
0.10283318238540314,0.000195822454308094,0.116642439491816,0.7003757779778448,0.14995749787489374,0.852941176470587,1.0,1.0,0.0,0.0,0.0,0.0,1.0,0.0,0.0,0.0,0.0,1.0,0.0,0.0,LONG
0.10283698460026935,0.0001305483028720627,0.1166913284096761,0.7001213449720124,0.1208060403020151,0.588235294117645,1.0,0.0,0.0,1.0,0.0,0.0,1.0,0.0,0.0,0.0,0.0,1.0,0.0,0.0,LONG
0.0008958018224776302,0.34627937336814624,0.0017860751324889675,0.01068618624496027,0.01295064753237662,0.911764705882355,1.0,0.0,0.0,0.0,0.0,1.0,1.0,0.0,0.0,0.0,0.0,0.0,1.0,0.0,MEDIUM
0.0008958018224776302,0.34627937336814624,0.0017860751324889675,0.01068618624496027,0.01295064753237662,0.941176470588232,1.0,0.0,0.0,0.0,0.0,1.0,1.0,0.0,0.0,0.0,0.0,0.0,1.0,0.0,MEDIUM
0.0012615748926064416,0.5639686684073107,0.0025389644675344993,0.015187693271225586,0.04295214760738037,0.852941176470587,1.0,0.0,0.0,0.0,0.0,1.0,1.0,0.0,0.0,0.0,0.0,0.0,1.0,0.0,LONG
0.0008958018224776302,0.34627937336814624,0.0017860751324889675,0.01068618624496027,0.01295064753237662,0.941176470588232,1.0,0.0,0.0,0.0,0.0,1.0,1.0,0.0,0.0,0.0,0.0,0.0,1.0,0.0,MEDIUM
0.0009208964405945756,0.637467362924282,0.0018382233115397403,0.0109993345598309,0.01295064753237662,0.970588235294116,1.0,0.0,0.0,0.0,0.0,1.0,1.0,0.0,0.0,0.0,0.0,0.0,1.0,0.0,MEDIUM
0.0009353448570861497,0.4569190600522194,0.0018708159234464732,0.011155908717266216,0.014450722536126805,1.0,1.0,0.0,0.0,0.0,0.0,1.0,1.0,0.0,0.0,0.0,0.0,0.0,1.0,0.0,MEDIUM
0.00029201010172445665,0.6366187989556137,0.0005442966188424408,0.002916193682232748,0.00015000750037501875,0.823529411764703,0.5,0.0,0.0,1.0,0.0,0.0,0.0,0.0,0.0,1.0,0.0,0.0,1.0,0.0,MEDIUM
0.045012140472067794,0.4152088772845953,0.06252240742068588,0.37337065017418875,0.04670233511675584,0.735294117647058,1.0,1.0,0.0,0.0,0.0,0.0,0.0,0.0,1.0,0.0,0.0,0.0,0.0,1.0,LONG
0.0005901037472348389,0.6355744125326371,0.0011602969838796942,0.0067914040787568014,0.00025001250062503126,0.970588235294116,0.0,0.0,0.0,0.0,0.0,1.0,0.0,1.0,0.0,0.0,0.0,0.0,1.0,0.0,SHORT
0.0019307647090583205,0.5738250652741514,0.0038817800780918984,0.023251262379144322,0.007350367518375919,0.941176470588232,1.0,0.0,0.0,0.0,1.0,0.0,1.0,0.0,0.0,0.0,0.0,0.0,1.0,0.0,MEDIUM
0.0003460015528245512,0.6353785900783291,0.0006453337157533131,0.003699064469409324,0.00015000750037501875,0.941176470588232,0.0,0.0,0.0,0.0,0.0,1.0,0.0,1.0,0.0,0.0,0.0,0.0,1.0,0.0,SHORT
0.0024372197292366754,0.5384464751958224,0.004905188091963314,0.02904450620425099,0.013950697534876743,0.911764705882355,1.0,1.0,0.0,0.0,0.0,0.0,1.0,0.0,0.0,0.0,0.0,0.0,1.0,0.0,MEDIUM
0.0019109931917540603,0.5739556135770236,0.0038426689438038186,0.02301640114299135,0.007350367518375919,0.970588235294116,0.5,0.0,0.0,0.0,1.0,0.0,1.0,0.0,0.0,0.0,0.0,0.0,1.0,0.0,MEDIUM
0.00032242782065408735,0.34719321148825066,0.000589926275511867,0.003425059693897522,0.01295064753237662,0.970588235294116,1.0,0.0,0.0,0.0,0.0,1.0,1.0,0.0,0.0,0.0,0.0,0.0,1.0,0.0,MEDIUM
0.3788237924355695,0.4105744125326371,0.5770456752863261,0.10960191020472071,0.0679533976698835,0.764705882352942,1.0,0.0,0.0,0.0,0.0,1.0,0.0,0.0,0.0,1.0,1.0,0.0,0.0,0.0,SHORT
0.0008958018224776302,0.34627937336814624,0.0017860751324889675,0.01068618624496027,0.01295064753237662,0.941176470588232,1.0,0.0,0.0,0.0,0.0,1.0,1.0,0.0,0.0,0.0,0.0,0.0,1.0,0.0,MEDIUM
0.0008958018224776302,0.34627937336814624,0.0017860751324889675,0.01068618624496027,0.01295064753237662,0.970588235294116,1.0,0.0,0.0,0.0,0.0,1.0,1.0,0.0,0.0,0.0,0.0,0.0,1.0,0.0,MEDIUM
0.10283394282837638,0.0007180156657963447,0.11672718028277351,0.69986691196618,0.15900795039751986,0.735294117647058,1.0,0.0,0.0,1.0,0.0,0.0,1.0,0.0,0.0,0.0,0.0,1.0,0.0,0.0,LONG
0.10283622415729611,0.0001305483028720627,0.11666199505896004,0.7002779191294477,0.32196609830491524,0.764705882352942,1.0,0.0,0.0,1.0,0.0,0.0,1.0,0.0,0.0,0.0,0.0,1.0,0.0,0.0,LONG
0.0008516961300296649,0.34634464751958227,0.0017013343415314618,0.010099033154577837,0.01295064753237662,0.911764705882355,1.0,0.0,0.0,0.0,0.0,1.0,1.0,0.0,0.0,0.0,0.0,0.0,1.0,0.0,MEDIUM
0.0009148128968086491,0.2807441253263708,0.001825186266777047,0.010921047481113243,0.014450722536126805,1.0,1.0,0.0,0.0,0.0,0.0,1.0,1.0,0.0,0.0,0.0,0.0,0.0,1.0,0.0,MEDIUM
0.0009353448570861497,0.4569190600522194,0.0018708159234464732,0.011155908717266216,0.014450722536126805,1.0,1.0,0.0,0.0,0.0,0.0,1.0,1.0,0.0,0.0,0.0,0.0,0.0,1.0,0.0,MEDIUM
0.10523314040895103,0.012597911227154047,0.11874140369860961,0.7118839785493405,0.29496474823741187,0.588235294117645,1.0,0.0,0.0,1.0,0.0,0.0,1.0,0.0,0.0,0.0,0.0,1.0,0.0,0.0,LONG
0.0008958018224776302,0.34634464751958227,0.0017893343936796408,0.010666614475280856,0.01295064753237662,0.941176470588232,1.0,0.0,0.0,0.0,0.0,1.0,1.0,0.0,0.0,0.0,0.0,0.0,1.0,0.0,MEDIUM
0.0019505362263625807,0.5738250652741514,0.003920891212379978,0.02350569538497671,0.007350367518375919,1.0,0.5,0.0,0.0,0.0,1.0,0.0,1.0,0.0,0.0,0.0,0.0,0.0,1.0,0.0,MEDIUM
0.0008843951778790176,0.34738903394255877,0.0017632603041542543,0.010549183857204368,0.01295064753237662,0.970588235294116,1.0,0.0,0.0,0.0,0.0,1.0,1.0,0.0,0.0,0.0,0.0,0.0,1.0,0.0,MEDIUM
0.10283394282837638,0.0001305483028720627,0.11665873579776936,0.7002974908991272,0.31321566078303914,0.705882352941174,1.0,0.0,0.0,1.0,0.0,0.0,1.0,0.0,0.0,0.0,0.0,1.0,0.0,0.0,LONG
0.0008958018224776302,0.34627937336814624,0.0017860751324889675,0.01068618624496027,0.01295064753237662,0.941176470588232,1.0,0.0,0.0,0.0,0.0,1.0,1.0,0.0,0.0,0.0,0.0,0.0,1.0,0.0,MEDIUM
0.0008843951778790176,0.34738903394255877,0.0017632603041542543,0.010549183857204368,0.01295064753237662,0.970588235294116,1.0,0.0,0.0,0.0,0.0,1.0,1.0,0.0,0.0,0.0,0.0,0.0,1.0,0.0,MEDIUM
0.0008843951778790176,0.34738903394255877,0.0017632603041542543,0.010549183857204368,0.01295064753237662,0.970588235294116,1.0,0.0,0.0,0.0,0.0,1.0,1.0,0.0,0.0,0.0,0.0,0.0,1.0,0.0,MEDIUM
0.0019178371785132271,0.5739556135770236,0.003855705988566512,0.023094688221709007,0.007350367518375919,0.941176470588232,1.0,0.0,0.0,0.0,1.0,0.0,1.0,0.0,0.0,0.0,0.0,0.0,1.0,0.0,MEDIUM
0.0009148128968086491,0.28067885117493474,0.001825186266777047,0.010921047481113243,0.01295064753237662,0.970588235294116,1.0,0.0,0.0,0.0,0.0,1.0,1.0,0.0,0.0,0.0,0.0,0.0,1.0,0.0,MEDIUM
0.0009208964405945756,0.637402088772846,0.0018382233115397403,0.0109993345598309,0.01295064753237662,0.970588235294116,1.0,0.0,0.0,0.0,0.0,1.0,1.0,0.0,0.0,0.0,0.0,0.0,1.0,0.0,MEDIUM
0.0008843951778790176,0.34738903394255877,0.0017632603041542543,0.010549183857204368,0.01295064753237662,0.941176470588232,1.0,0.0,0.0,0.0,0.0,1.0,1.0,0.0,0.0,0.0,0.0,0.0,1.0,0.0,MEDIUM
0.0009208964405945756,0.637467362924282,0.0018382233115397403,0.0109993345598309,0.01295064753237662,0.970588235294116,1.0,0.0,0.0,0.0,0.0,1.0,1.0,0.0,0.0,0.0,0.0,0.0,1.0,0.0,MEDIUM
0.0003269904784935322,0.34732375979112273,0.0006192596262279267,0.0033663443848592793,0.01295064753237662,0.970588235294116,0.5,0.0,0.0,0.0,0.0,1.0,1.0,0.0,0.0,0.0,0.0,0.0,1.0,0.0,MEDIUM
0.0008843951778790176,0.34738903394255877,0.0017632603041542543,0.010549183857204368,0.01295064753237662,0.970588235294116,1.0,0.0,0.0,0.0,0.0,1.0,1.0,0.0,0.0,0.0,0.0,0.0,1.0,0.0,MEDIUM
0.0008843951778790176,0.34738903394255877,0.0017632603041542543,0.010549183857204368,0.01295064753237662,0.970588235294116,1.0,0.0,0.0,0.0,0.0,1.0,1.0,0.0,0.0,0.0,0.0,0.0,1.0,0.0,MEDIUM
0.0012037812266401425,0.29379895561357705,0.002428149587051607,0.014443966023407837,0.0022001100055002746,0.235294117647058,0.5,0.0,0.0,1.0,0.0,0.0,1.0,0.0,0.0,0.0,0.0,0.0,1.0,0.0,MEDIUM
0.0003056980752427904,0.34614882506527417,0.000557333663605134,0.0031901984577445493,0.01295064753237662,0.911764705882355,1.0,0.0,0.0,0.0,0.0,1.0,1.0,0.0,0.0,0.0,0.0,0.0,1.0,0.0,MEDIUM
0.0008843951778790176,0.34738903394255877,0.0017632603041542543,0.010549183857204368,0.01295064753237662,0.970588235294116,1.0,0.0,0.0,0.0,0.0,1.0,1.0,0.0,0.0,0.0,0.0,0.0,1.0,0.0,MEDIUM
0.10285143301676092,0.3892297650130549,0.11736599547614547,0.6962069910361295,0.20996049802490122,0.794117647058826,1.0,0.0,1.0,0.0,0.0,0.0,0.0,0.0,1.0,0.0,0.0,1.0,0.0,0.0,LONG
0.10283698460026935,0.0004569190600522194,0.11668480988729475,0.7001604885113712,0.14315715785789287,0.882352941176471,1.0,0.0,0.0,1.0,0.0,0.0,1.0,0.0,0.0,0.0,0.0,1.0,0.0,0.0,LONG
0.0009353448570861497,0.4569190600522194,0.0018708159234464732,0.011155908717266216,0.014450722536126805,1.0,1.0,0.0,0.0,0.0,0.0,1.0,1.0,0.0,0.0,0.0,0.0,0.0,1.0,0.0,MEDIUM
0.0008843951778790176,0.34738903394255877,0.0017632603041542543,0.010549183857204368,0.01295064753237662,0.970588235294116,1.0,0.0,0.0,0.0,0.0,1.0,1.0,0.0,0.0,0.0,0.0,0.0,1.0,0.0,MEDIUM
0.0009353448570861497,0.4569190600522194,0.0018708159234464732,0.011155908717266216,0.01295064753237662,0.941176470588232,1.0,0.0,0.0,0.0,0.0,1.0,1.0,0.0,0.0,0.0,0.0,0.0,1.0,0.0,MEDIUM
0.0024372197292366754,0.5383812010443865,0.004924743659107353,0.028927075586174505,0.013950697534876743,0.705882352941174,1.0,1.0,0.0,0.0,0.0,0.0,1.0,0.0,0.0,0.0,0.0,0.0,1.0,0.0,MEDIUM
0.001963463756907674,0.5737597911227155,0.003946965301905365,0.02364269777273261,0.007350367518375919,0.941176470588232,1.0,0.0,0.0,0.0,1.0,0.0,1.0,0.0,0.0,0.0,0.0,0.0,1.0,0.0,MEDIUM
0.0008843951778790176,0.34738903394255877,0.0017632603041542543,0.010529612087524955,0.01295064753237662,0.970588235294116,1.0,0.0,0.0,0.0,0.0,1.0,1.0,0.0,0.0,0.0,0.0,0.0,1.0,0.0,MEDIUM
0.0008843951778790176,0.34738903394255877,0.0017632603041542543,0.010529612087524955,0.01295064753237662,0.970588235294116,1.0,0.0,0.0,0.0,0.0,1.0,1.0,0.0,0.0,0.0,0.0,0.0,1.0,0.0,MEDIUM
0.0002729990273934377,0.34732375979112273,0.00048562991741032144,0.002779191294476847,0.01295064753237662,0.970588235294116,0.5,0.0,0.0,0.0,0.0,1.0,1.0,0.0,0.0,0.0,0.0,0.0,1.0,0.0,MEDIUM
0.0010075869395440229,0.6389686684073108,0.0020174826770267716,0.012075781892198692,0.08495424771238562,0.529411764705884,1.0,0.0,0.0,1.0,0.0,0.0,0.0,1.0,0.0,0.0,0.0,0.0,1.0,0.0,MEDIUM
0.10283546371432285,0.0,0.11664569875300668,0.7003757779778448,0.30346517325866296,0.705882352941174,1.0,0.0,0.0,1.0,0.0,0.0,1.0,0.0,0.0,0.0,0.0,1.0,0.0,0.0,LONG
0.0008958018224776302,0.34634464751958227,0.0017860751324889675,0.01068618624496027,0.01295064753237662,0.970588235294116,1.0,0.0,0.0,0.0,0.0,1.0,1.0,0.0,0.0,0.0,0.0,0.0,1.0,0.0,MEDIUM
0.0019505362263625807,0.5738250652741514,0.003920891212379978,0.02350569538497671,0.007350367518375919,0.941176470588232,1.0,0.0,0.0,0.0,1.0,0.0,1.0,0.0,0.0,0.0,0.0,0.0,1.0,0.0,MEDIUM
0.0009208964405945756,0.637467362924282,0.0018382233115397403,0.0109993345598309,0.01295064753237662,0.970588235294116,1.0,0.0,0.0,0.0,0.0,1.0,1.0,0.0,0.0,0.0,0.0,0.0,1.0,0.0,MEDIUM
0.0009208964405945756,0.637467362924282,0.0018512603563024335,0.010921047481113243,0.01295064753237662,0.970588235294116,1.0,0.0,0.0,0.0,0.0,1.0,1.0,0.0,0.0,0.0,0.0,0.0,1.0,0.0,MEDIUM
0.0008843951778790176,0.34738903394255877,0.0017632603041542543,0.010549183857204368,0.01295064753237662,0.970588235294116,1.0,0.0,0.0,0.0,0.0,1.0,1.0,0.0,0.0,0.0,0.0,0.0,1.0,0.0,MEDIUM
0.0008958018224776302,0.34634464751958227,0.0017860751324889675,0.01068618624496027,0.01295064753237662,0.911764705882355,1.0,0.0,0.0,0.0,0.0,1.0,1.0,0.0,0.0,0.0,0.0,0.0,1.0,0.0,MEDIUM
0.00029885408848362265,0.6361618798955614,0.0005475558800331141,0.003072767839668063,5.000250012500625e-05,0.970588235294116,0.0,0.0,0.0,0.0,0.0,1.0,1.0,0.0,0.0,0.0,0.0,0.0,1.0,0.0,SHORT
0.0008843951778790176,0.34738903394255877,0.0017632603041542543,0.010549183857204368,0.01295064753237662,0.970588235294116,1.0,0.0,0.0,0.0,0.0,1.0,1.0,0.0,0.0,0.0,0.0,0.0,1.0,0.0,MEDIUM
0.00032090693470760573,0.34614882506527417,0.0005834077531305204,0.003425059693897522,0.01295064753237662,0.911764705882355,1.0,0.0,0.0,0.0,0.0,1.0,1.0,0.0,0.0,0.0,0.0,0.0,1.0,0.0,MEDIUM
0.000967283461962262,0.63733681462141,0.001932741886069266,0.011566915880533919,0.015450772538626931,0.735294117647058,1.0,0.0,0.0,1.0,0.0,0.0,0.0,1.0,0.0,0.0,0.0,0.0,1.0,0.0,LONG
0.0008843951778790176,0.34738903394255877,0.0017632603041542543,0.010549183857204368,0.01295064753237662,0.970588235294116,1.0,0.0,0.0,0.0,0.0,1.0,1.0,0.0,0.0,0.0,0.0,0.0,1.0,0.0,MEDIUM
0.0008843951778790176,0.34738903394255877,0.0017632603041542543,0.010549183857204368,0.01295064753237662,0.970588235294116,1.0,0.0,0.0,0.0,0.0,1.0,1.0,0.0,0.0,0.0,0.0,0.0,1.0,0.0,MEDIUM
0.0008843951778790176,0.34738903394255877,0.0017632603041542543,0.010549183857204368,0.01295064753237662,0.970588235294116,1.0,0.0,0.0,0.0,0.0,1.0,1.0,0.0,0.0,0.0,0.0,0.0,1.0,0.0,MEDIUM
0.10283470327134961,6.527415143603134e-05,0.11664895801419735,0.7003562062081654,0.3249662483124156,0.852941176470587,1.0,0.0,0.0,1.0,0.0,0.0,1.0,0.0,0.0,0.0,0.0,1.0,0.0,0.0,LONG
0.05242645946116531,0.3569843342036554,0.07018818974114947,0.4212040552706776,0.039951997599879996,0.852941176470587,1.0,0.0,1.0,0.0,0.0,0.0,0.0,0.0,1.0,0.0,0.0,0.0,0.0,1.0,LONG
0.10283394282837638,0.0002610966057441254,0.11664895801419735,0.7003366344384859,0.17495874793739685,0.941176470588232,1.0,0.0,0.0,1.0,0.0,0.0,1.0,0.0,0.0,0.0,0.0,1.0,0.0,0.0,LONG
0.0008958018224776302,0.34627937336814624,0.0017860751324889675,0.010705758014639685,0.01295064753237662,0.941176470588232,1.0,0.0,0.0,0.0,0.0,1.0,1.0,0.0,0.0,0.0,0.0,0.0,1.0,0.0,MEDIUM
0.0008958018224776302,0.34627937336814624,0.0017893343936796408,0.01068618624496027,0.01295064753237662,0.941176470588232,1.0,0.0,0.0,0.0,0.0,1.0,1.0,0.0,0.0,0.0,0.0,0.0,1.0,0.0,MEDIUM
0.0008843951778790176,0.34738903394255877,0.0017632603041542543,0.010549183857204368,0.01295064753237662,0.970588235294116,1.0,0.0,0.0,0.0,0.0,1.0,1.0,0.0,0.0,0.0,0.0,0.0,1.0,0.0,MEDIUM
0.0008843951778790176,0.34738903394255877,0.0017632603041542543,0.010549183857204368,0.01295064753237662,0.970588235294116,1.0,0.0,0.0,0.0,0.0,1.0,1.0,0.0,0.0,0.0,0.0,0.0,1.0,0.0,MEDIUM
0.0008843951778790176,0.34738903394255877,0.0017632603041542543,0.010549183857204368,0.01295064753237662,0.970588235294116,1.0,0.0,0.0,0.0,0.0,1.0,1.0,0.0,0.0,0.0,0.0,0.0,1.0,0.0,MEDIUM
0.0008843951778790176,0.34738903394255877,0.0017632603041542543,0.010549183857204368,0.01295064753237662,0.970588235294116,1.0,0.0,0.0,0.0,0.0,1.0,1.0,0.0,0.0,0.0,0.0,0.0,1.0,0.0,MEDIUM
0.0008958018224776302,0.34634464751958227,0.0017860751324889675,0.01068618624496027,0.01295064753237662,0.941176470588232,1.0,0.0,0.0,0.0,0.0,1.0,1.0,0.0,0.0,0.0,0.0,0.0,1.0,0.0,MEDIUM
0.0008843951778790176,0.34738903394255877,0.0017632603041542543,0.010549183857204368,0.01295064753237662,0.970588235294116,1.0,0.0,0.0,0.0,0.0,1.0,1.0,0.0,0.0,0.0,0.0,0.0,1.0,0.0,MEDIUM
0.00028136390009908616,0.3460182767624021,0.0004986669621730147,0.002935765451912162,0.01295064753237662,0.941176470588232,1.0,0.0,0.0,0.0,0.0,1.0,1.0,0.0,0.0,0.0,0.0,0.0,1.0,0.0,MEDIUM
0.10283926592918907,6.527415143603134e-05,0.11665547653657869,0.7003562062081654,0.2599629981499075,0.764705882352942,1.0,0.0,1.0,0.0,0.0,0.0,1.0,0.0,0.0,0.0,0.0,1.0,0.0,0.0,LONG
0.0002608319398215847,0.3462140992167102,0.00045629656669426174,0.00266176067640036,0.01295064753237662,0.941176470588232,1.0,0.0,0.0,0.0,0.0,1.0,1.0,0.0,0.0,0.0,0.0,0.0,1.0,0.0,MEDIUM
0.0008843951778790176,0.34738903394255877,0.0017632603041542543,0.010549183857204368,0.01295064753237662,0.970588235294116,1.0,0.0,0.0,0.0,0.0,1.0,1.0,0.0,0.0,0.0,0.0,0.0,1.0,0.0,MEDIUM
0.0012615748926064416,0.5639686684073107,0.0025389644675344993,0.015187693271225586,0.04295214760738037,0.823529411764703,1.0,0.0,0.0,0.0,0.0,1.0,1.0,0.0,0.0,0.0,0.0,0.0,1.0,0.0,LONG
0.000597708176967247,0.635313315926893,0.0011765932898330606,0.006889262927153874,0.00015000750037501875,0.941176470588232,0.0,0.0,0.0,0.0,0.0,1.0,0.0,1.0,0.0,0.0,0.0,0.0,1.0,0.0,SHORT
0.0008843951778790176,0.34738903394255877,0.0017632603041542543,0.010549183857204368,0.01295064753237662,0.970588235294116,1.0,0.0,0.0,0.0,0.0,1.0,1.0,0.0,0.0,0.0,0.0,0.0,1.0,0.0,MEDIUM
0.0008843951778790176,0.34738903394255877,0.0017632603041542543,0.010549183857204368,0.01295064753237662,0.970588235294116,1.0,0.0,0.0,0.0,0.0,1.0,1.0,0.0,0.0,0.0,0.0,0.0,1.0,0.0,MEDIUM
0.0019178371785132271,0.5739556135770236,0.003858965249757185,0.023094688221709007,0.007350367518375919,0.941176470588232,1.0,0.0,0.0,0.0,1.0,0.0,1.0,0.0,0.0,0.0,0.0,0.0,1.0,0.0,MEDIUM
0.0008843951778790176,0.34738903394255877,0.0017632603041542543,0.010549183857204368,0.01295064753237662,0.970588235294116,1.0,0.0,0.0,0.0,0.0,1.0,1.0,0.0,0.0,0.0,0.0,0.0,1.0,0.0,MEDIUM
0.0009353448570861497,0.4569190600522194,0.0018708159234464732,0.011155908717266216,0.014450722536126805,1.0,1.0,0.0,0.0,0.0,0.0,1.0,1.0,0.0,0.0,0.0,0.0,0.0,1.0,0.0,MEDIUM
0.0002828847860455669,0.3460835509138382,0.0005084447457450346,0.002916193682232748,0.01295064753237662,0.941176470588232,1.0,0.0,0.0,0.0,0.0,1.0,1.0,0.0,0.0,0.0,0.0,0.0,1.0,0.0,MEDIUM
0.0008843951778790176,0.34738903394255877,0.0017632603041542543,0.010549183857204368,0.01295064753237662,0.970588235294116,1.0,0.0,0.0,0.0,0.0,1.0,1.0,0.0,0.0,0.0,0.0,0.0,1.0,0.0,MEDIUM
0.0008843951778790176,0.34738903394255877,0.0017632603041542543,0.010549183857204368,0.01295064753237662,0.970588235294116,1.0,0.0,0.0,0.0,0.0,1.0,1.0,0.0,0.0,0.0,0.0,0.0,1.0,0.0,MEDIUM
0.0013292543172248698,0.643668407310705,0.002675853437542778,0.01600970759776099,0.061703085154257716,0.794117647058826,1.0,0.0,0.0,1.0,0.0,0.0,0.0,1.0,0.0,0.0,0.0,0.0,1.0,0.0,MEDIUM
0.0008349663846183679,0.6360966057441254,0.0016622232072433822,0.009922887227463107,0.06745337266863344,0.617647058823529,1.0,0.0,0.0,1.0,0.0,0.0,0.0,1.0,0.0,0.0,0.0,0.0,1.0,0.0,MEDIUM
0.0005596860283052082,0.34627937336814624,0.0010983710212569015,0.006399968685168513,0.01295064753237662,0.941176470588232,1.0,0.0,0.0,0.0,0.0,1.0,1.0,0.0,0.0,0.0,0.0,0.0,1.0,0.0,MEDIUM
0.00079694423595633,0.635052219321149,0.0016035565058112628,0.009335734137080675,0.04995249762488124,0.911764705882355,1.0,0.0,1.0,0.0,0.0,0.0,0.0,1.0,0.0,0.0,0.0,0.0,1.0,0.0,LONG
0.10283470327134961,0.0002610966057441254,0.11664569875300668,0.7003757779778448,0.3049652482624131,0.764705882352942,1.0,0.0,0.0,1.0,0.0,0.0,1.0,0.0,0.0,0.0,0.0,1.0,0.0,0.0,LONG
0.0008958018224776302,0.34634464751958227,0.0017893343936796408,0.01068618624496027,0.01295064753237662,0.941176470588232,1.0,0.0,0.0,0.0,0.0,1.0,1.0,0.0,0.0,0.0,0.0,0.0,1.0,0.0,MEDIUM
0.0024364592862634333,0.5381853785900784,0.004921484397916681,0.028927075586174505,0.013950697534876743,0.735294117647058,1.0,1.0,0.0,0.0,0.0,0.0,1.0,0.0,0.0,0.0,0.0,0.0,1.0,0.0,MEDIUM
0.0008843951778790176,0.34738903394255877,0.0017632603041542543,0.010549183857204368,0.01295064753237662,0.970588235294116,1.0,0.0,0.0,0.0,0.0,1.0,1.0,0.0,0.0,0.0,0.0,0.0,1.0,0.0,MEDIUM
0.0008958018224776302,0.34627937336814624,0.0017860751324889675,0.01068618624496027,0.01295064753237662,0.941176470588232,1.0,0.0,0.0,0.0,0.0,1.0,1.0,0.0,0.0,0.0,0.0,0.0,1.0,0.0,MEDIUM
0.0002790825711793633,0.34719321148825066,0.0004954077009823413,0.002896621912553333,0.01295064753237662,0.970588235294116,1.0,0.0,0.0,0.0,0.0,1.0,1.0,0.0,0.0,0.0,0.0,0.0,1.0,0.0,MEDIUM
0.11829526936030776,0.005156657963446476,0.255721633020227,0.017536305632755315,0.006250312515625781,0.529411764705884,0.5,0.0,0.0,0.0,0.0,1.0,0.0,0.0,0.0,1.0,1.0,0.0,0.0,0.0,SHORT
0.0008843951778790176,0.34738903394255877,0.0017632603041542543,0.010549183857204368,0.01295064753237662,0.970588235294116,1.0,0.0,0.0,0.0,0.0,1.0,1.0,0.0,0.0,0.0,0.0,0.0,1.0,0.0,MEDIUM
0.04501138002909455,0.42552219321148826,0.06255174077140194,0.37317493247739464,0.07070353517675884,0.705882352941174,1.0,1.0,0.0,0.0,0.0,0.0,0.0,0.0,1.0,0.0,0.0,0.0,0.0,1.0,MEDIUM
0.0019832352742119343,0.5736292428198434,0.003986076436193444,0.023877559008885586,0.007350367518375919,0.970588235294116,1.0,0.0,0.0,0.0,1.0,0.0,1.0,0.0,0.0,0.0,0.0,0.0,1.0,0.0,MEDIUM
0.0008843951778790176,0.34738903394255877,0.001760001042963581,0.010549183857204368,0.01295064753237662,0.970588235294116,1.0,0.0,0.0,0.0,0.0,1.0,1.0,0.0,0.0,0.0,0.0,0.0,1.0,0.0,MEDIUM
0.0008958018224776302,0.34634464751958227,0.0017860751324889675,0.01068618624496027,0.01295064753237662,0.941176470588232,1.0,0.0,0.0,0.0,0.0,1.0,1.0,0.0,0.0,0.0,0.0,0.0,1.0,0.0,MEDIUM
0.002301860879999817,0.33922976501305485,0.0046085953236120435,0.027654910557012566,0.03495174758737937,0.647058823529413,1.0,0.0,0.0,1.0,0.0,0.0,1.0,0.0,0.0,0.0,0.0,0.0,1.0,0.0,LONG
0.0008958018224776302,0.34627937336814624,0.0017860751324889675,0.01068618624496027,0.01295064753237662,0.941176470588232,1.0,0.0,0.0,0.0,0.0,1.0,1.0,0.0,0.0,0.0,0.0,0.0,1.0,0.0,MEDIUM
0.0008843951778790176,0.34738903394255877,0.0017632603041542543,0.010549183857204368,0.01295064753237662,0.970588235294116,1.0,0.0,0.0,0.0,0.0,1.0,1.0,0.0,0.0,0.0,0.0,0.0,1.0,0.0,MEDIUM
0.00028212434307232654,0.4568537859007833,0.0005149632681263811,0.00283790660351509,0.01295064753237662,0.941176470588232,1.0,0.0,0.0,0.0,0.0,1.0,1.0,0.0,0.0,0.0,0.0,0.0,1.0,0.0,MEDIUM
0.0008958018224776302,0.34627937336814624,0.0017860751324889675,0.01068618624496027,0.01295064753237662,0.941176470588232,1.0,0.0,0.0,0.0,0.0,1.0,1.0,0.0,0.0,0.0,0.0,0.0,1.0,0.0,MEDIUM
0.10414342562829698,0.06285900783289818,0.11776036608021694,0.7068344619720516,0.07495374768738437,0.382352941176471,1.0,0.0,0.0,1.0,0.0,0.0,1.0,0.0,0.0,0.0,0.0,1.0,0.0,0.0,LONG
0.0019307647090583205,0.5738250652741514,0.0038817800780918984,0.023251262379144322,0.007350367518375919,0.941176470588232,1.0,0.0,0.0,0.0,1.0,0.0,1.0,0.0,0.0,0.0,0.0,0.0,1.0,0.0,MEDIUM
0.10283394282837638,0.000391644908616188,0.11672392102158283,0.6998864837358594,0.17495874793739685,0.970588235294116,1.0,0.0,0.0,1.0,0.0,0.0,1.0,0.0,0.0,0.0,0.0,1.0,0.0,0.0,LONG
0.0008958018224776302,0.34627937336814624,0.0017860751324889675,0.01068618624496027,0.01295064753237662,0.911764705882355,1.0,0.0,0.0,0.0,0.0,1.0,1.0,0.0,0.0,0.0,0.0,0.0,1.0,0.0,MEDIUM
0.0008843951778790176,0.34738903394255877,0.0017632603041542543,0.010549183857204368,0.01295064753237662,0.970588235294116,1.0,0.0,0.0,0.0,0.0,1.0,1.0,0.0,0.0,0.0,0.0,0.0,1.0,0.0,MEDIUM
0.0019178371785132271,0.5739556135770236,0.003858965249757185,0.023094688221709007,0.007350367518375919,0.941176470588232,0.5,0.0,0.0,0.0,1.0,0.0,1.0,0.0,0.0,0.0,0.0,0.0,1.0,0.0,MEDIUM
0.0008843951778790176,0.34738903394255877,0.0017632603041542543,0.010549183857204368,0.01295064753237662,0.941176470588232,1.0,0.0,0.0,0.0,0.0,1.0,1.0,0.0,0.0,0.0,0.0,0.0,1.0,0.0,MEDIUM
0.00040531610473733184,0.6357049608355092,0.0007854819469522648,0.0043645046385094146,5.000250012500625e-05,1.0,0.0,0.0,0.0,0.0,0.0,1.0,1.0,0.0,0.0,0.0,0.0,0.0,1.0,0.0,SHORT
0.10283470327134961,0.0001305483028720627,0.11666199505896004,0.7002583473597683,0.3099154957747887,0.6764705882352899,1.0,0.0,0.0,1.0,0.0,0.0,1.0,0.0,0.0,0.0,0.0,1.0,0.0,0.0,LONG
0.0008958018224776302,0.34627937336814624,0.0017860751324889675,0.01068618624496027,0.01295064753237662,0.941176470588232,1.0,0.0,0.0,0.0,0.0,1.0,1.0,0.0,0.0,0.0,0.0,0.0,1.0,0.0,MEDIUM
0.0008843951778790176,0.34738903394255877,0.0017632603041542543,0.010549183857204368,0.01295064753237662,0.941176470588232,1.0,0.0,0.0,0.0,0.0,1.0,1.0,0.0,0.0,0.0,0.0,0.0,1.0,0.0,MEDIUM
0.0009353448570861497,0.4569190600522194,0.0018708159234464732,0.011155908717266216,0.014450722536126805,1.0,1.0,0.0,0.0,0.0,0.0,1.0,1.0,0.0,0.0,0.0,0.0,0.0,1.0,0.0,MEDIUM
0.0009353448570861497,0.4569190600522194,0.0018675566622558,0.01117548048694563,0.01295064753237662,0.941176470588232,1.0,0.0,0.0,0.0,0.0,1.0,1.0,0.0,0.0,0.0,0.0,0.0,1.0,0.0,MEDIUM
0.0003034167463230675,0.6349869451697129,0.0005605929247958073,0.0031119113790268917,0.00015000750037501875,0.911764705882355,0.0,0.0,0.0,0.0,0.0,1.0,0.0,1.0,0.0,0.0,0.0,0.0,1.0,0.0,SHORT
0.0008843951778790176,0.34738903394255877,0.0017632603041542543,0.010549183857204368,0.01295064753237662,0.970588235294116,1.0,0.0,0.0,0.0,0.0,1.0,1.0,0.0,0.0,0.0,0.0,0.0,1.0,0.0,MEDIUM
0.0007581616443210499,0.637467362924282,0.0015025194089003904,0.008983442282851216,0.01295064753237662,0.970588235294116,1.0,0.0,0.0,0.0,0.0,1.0,1.0,0.0,0.0,0.0,0.0,0.0,1.0,0.0,MEDIUM
0.001970307743666841,0.5736945169712794,0.003960002346668058,0.023740556621129685,0.007350367518375919,0.911764705882355,1.0,0.0,0.0,0.0,1.0,0.0,1.0,0.0,0.0,0.0,0.0,0.0,1.0,0.0,MEDIUM
0.0008843951778790176,0.34738903394255877,0.0017632603041542543,0.010549183857204368,0.01295064753237662,0.970588235294116,1.0,0.0,0.0,0.0,0.0,1.0,1.0,0.0,0.0,0.0,0.0,0.0,1.0,0.0,MEDIUM
0.0013748808956193159,0.6462140992167102,0.002799705362788363,0.016381571221669864,0.07095354767738386,0.588235294117645,1.0,0.0,0.0,0.0,0.0,1.0,0.0,1.0,0.0,0.0,0.0,0.0,1.0,0.0,SHORT
0.0009208964405945756,0.637402088772846,0.0018382233115397403,0.010979762790151486,0.01295064753237662,0.970588235294116,1.0,0.0,0.0,0.0,0.0,1.0,1.0,0.0,0.0,0.0,0.0,0.0,1.0,0.0,MEDIUM
0.0008843951778790176,0.34738903394255877,0.0017632603041542543,0.010549183857204368,0.01295064753237662,0.970588235294116,1.0,0.0,0.0,0.0,0.0,1.0,1.0,0.0,0.0,0.0,0.0,0.0,1.0,0.0,MEDIUM
0.10283546371432285,6.527415143603134e-05,0.11664569875300668,0.7003757779778448,0.304265213260663,0.823529411764703,1.0,0.0,0.0,1.0,0.0,0.0,1.0,0.0,0.0,0.0,0.0,1.0,0.0,0.0,LONG
0.0024372197292366754,0.5385117493472585,0.004928002920298027,0.028907503816495088,0.013950697534876743,0.911764705882355,1.0,1.0,0.0,0.0,0.0,0.0,1.0,0.0,0.0,0.0,0.0,0.0,1.0,0.0,MEDIUM
0.0008843951778790176,0.34738903394255877,0.0017632603041542543,0.010549183857204368,0.01295064753237662,0.970588235294116,1.0,0.0,0.0,0.0,0.0,1.0,1.0,0.0,0.0,0.0,0.0,0.0,1.0,0.0,MEDIUM
0.04822425159103681,0.35874673629242826,0.06693544707285753,0.38804947743374957,0.11080554027701385,0.32352941176470296,1.0,0.0,0.0,0.0,0.0,1.0,0.0,0.0,1.0,0.0,0.0,0.0,0.0,1.0,LONG
0.000614437922378544,0.3462140992167102,0.0012157044241211403,0.007065408854268603,0.01295064753237662,0.911764705882355,1.0,0.0,0.0,0.0,0.0,1.0,1.0,0.0,0.0,0.0,0.0,0.0,1.0,0.0,MEDIUM
0.0019239207222991536,0.5739556135770236,0.0038687430333292053,0.023172975300426665,0.007350367518375919,0.970588235294116,1.0,0.0,0.0,0.0,1.0,0.0,1.0,0.0,0.0,0.0,0.0,0.0,1.0,0.0,MEDIUM
0.0008843951778790176,0.34738903394255877,0.001760001042963581,0.010549183857204368,0.01295064753237662,0.970588235294116,1.0,0.0,0.0,0.0,0.0,1.0,1.0,0.0,0.0,0.0,0.0,0.0,1.0,0.0,MEDIUM
0.0008843951778790176,0.34738903394255877,0.0017632603041542543,0.010549183857204368,0.01295064753237662,0.970588235294116,1.0,0.0,0.0,0.0,0.0,1.0,1.0,0.0,0.0,0.0,0.0,0.0,1.0,0.0,MEDIUM
0.0008958018224776302,0.34634464751958227,0.0017860751324889675,0.01068618624496027,0.01295064753237662,0.941176470588232,1.0,0.0,0.0,0.0,0.0,1.0,1.0,0.0,0.0,0.0,0.0,0.0,1.0,0.0,MEDIUM
0.0008836347349057781,0.34738903394255877,0.0017632603041542543,0.010529612087524955,0.01295064753237662,0.970588235294116,1.0,0.0,0.0,0.0,0.0,1.0,1.0,0.0,0.0,0.0,0.0,0.0,1.0,0.0,MEDIUM
0.10283242194242989,0.010639686684073108,0.1167760692006336,0.6995537636513094,0.18995949797489872,0.794117647058826,1.0,0.0,1.0,0.0,0.0,0.0,0.0,0.0,1.0,0.0,0.0,1.0,0.0,0.0,LONG
0.0006532205140138241,0.34614882506527417,0.0012906674315066261,0.007593846635612793,0.01295064753237662,0.911764705882355,1.0,0.0,0.0,0.0,0.0,1.0,1.0,0.0,0.0,0.0,0.0,0.0,1.0,0.0,MEDIUM
0.0003064585182160316,0.34614882506527417,0.0005508151412237874,0.0032489137667827926,0.01295064753237662,0.941176470588232,1.0,0.0,0.0,0.0,0.0,1.0,1.0,0.0,0.0,0.0,0.0,0.0,1.0,0.0,MEDIUM
0.0008958018224776302,0.34627937336814624,0.0017860751324889675,0.01068618624496027,0.01295064753237662,0.941176470588232,1.0,0.0,0.0,0.0,0.0,1.0,1.0,0.0,0.0,0.0,0.0,0.0,1.0,0.0,MEDIUM
0.0008843951778790176,0.34738903394255877,0.0017632603041542543,0.010549183857204368,0.01295064753237662,0.970588235294116,1.0,0.0,0.0,0.0,0.0,1.0,1.0,0.0,0.0,0.0,0.0,0.0,1.0,0.0,MEDIUM
0.0009125315678889271,0.6372715404699739,0.001834964050349067,0.01082318863271617,0.01295064753237662,0.44117647058823195,1.0,0.0,1.0,0.0,0.0,0.0,0.0,0.0,0.0,1.0,0.0,0.0,1.0,0.0,SHORT
0.0008958018224776302,0.34627937336814624,0.0017860751324889675,0.01068618624496027,0.01295064753237662,0.911764705882355,1.0,0.0,0.0,0.0,0.0,1.0,1.0,0.0,0.0,0.0,0.0,0.0,1.0,0.0,MEDIUM
0.10283470327134961,0.03466057441253264,0.11666525432015071,0.7002583473597683,0.2589629481474074,0.5588235294117609,1.0,0.0,0.0,1.0,0.0,0.0,1.0,0.0,0.0,0.0,0.0,1.0,0.0,0.0,LONG
0.0009148128968086491,0.28067885117493474,0.001825186266777047,0.010921047481113243,0.014450722536126805,1.0,1.0,0.0,0.0,0.0,0.0,1.0,1.0,0.0,0.0,0.0,0.0,0.0,1.0,0.0,MEDIUM
0.0008843951778790176,0.34738903394255877,0.0017632603041542543,0.010549183857204368,0.01295064753237662,0.970588235294116,1.0,0.0,0.0,0.0,0.0,1.0,1.0,0.0,0.0,0.0,0.0,0.0,1.0,0.0,MEDIUM
0.0002790825711793633,0.6352480417754569,0.0005182225293170544,0.002740047755118018,0.00015000750037501875,0.911764705882355,0.0,0.0,0.0,0.0,0.0,1.0,0.0,1.0,0.0,0.0,0.0,0.0,1.0,0.0,SHORT
0.000295051873617419,0.3460835509138382,0.0005280003128890743,0.0030923396093474774,0.01295064753237662,0.911764705882355,1.0,0.0,0.0,0.0,0.0,1.0,1.0,0.0,0.0,0.0,0.0,0.0,1.0,0.0,MEDIUM
0.0003376366801189027,0.34732375979112273,0.0006290374097999466,0.003581633851332838,0.01295064753237662,0.970588235294116,1.0,0.0,0.0,0.0,0.0,1.0,1.0,0.0,0.0,0.0,0.0,0.0,1.0,0.0,MEDIUM
0.0008958018224776302,0.34627937336814624,0.0017860751324889675,0.01068618624496027,0.01295064753237662,0.941176470588232,1.0,0.0,0.0,0.0,0.0,1.0,1.0,0.0,0.0,0.0,0.0,0.0,1.0,0.0,MEDIUM
0.0008843951778790176,0.34738903394255877,0.001769778826535601,0.010490468548166126,0.01295064753237662,0.970588235294116,1.0,0.0,0.0,0.0,0.0,1.0,1.0,0.0,0.0,0.0,0.0,0.0,1.0,0.0,MEDIUM
0.0009208964405945756,0.637467362924282,0.0018382233115397403,0.0109993345598309,0.01295064753237662,0.970588235294116,1.0,0.0,0.0,0.0,0.0,1.0,1.0,0.0,0.0,0.0,0.0,0.0,1.0,0.0,MEDIUM
0.10283546371432285,0.0003263707571801567,0.11668155062610408,0.7001604885113712,0.27096354817740886,0.617647058823529,1.0,0.0,0.0,1.0,0.0,0.0,1.0,0.0,0.0,0.0,0.0,1.0,0.0,0.0,LONG
0.0008843951778790176,0.34738903394255877,0.0017632603041542543,0.010549183857204368,0.01295064753237662,0.970588235294116,1.0,0.0,0.0,0.0,0.0,1.0,1.0,0.0,0.0,0.0,0.0,0.0,1.0,0.0,MEDIUM
0.00026159238279482595,0.3460835509138382,0.0004628150890756084,0.002642188906720946,0.01295064753237662,0.941176470588232,1.0,0.0,0.0,0.0,0.0,1.0,1.0,0.0,0.0,0.0,0.0,0.0,1.0,0.0,MEDIUM
0.0009353448570861497,0.4569190600522194,0.0018708159234464732,0.011155908717266216,0.014450722536126805,1.0,1.0,0.0,0.0,0.0,0.0,1.0,1.0,0.0,0.0,0.0,0.0,0.0,1.0,0.0,MEDIUM
0.0009208964405945756,0.637467362924282,0.0018382233115397403,0.0109993345598309,0.01295064753237662,0.970588235294116,1.0,0.0,0.0,0.0,0.0,1.0,1.0,0.0,0.0,0.0,0.0,0.0,1.0,0.0,MEDIUM
0.0008965622654508697,0.34627937336814624,0.0017893343936796408,0.01068618624496027,0.01295064753237662,0.941176470588232,1.0,0.0,0.0,0.0,0.0,1.0,1.0,0.0,0.0,0.0,0.0,0.0,1.0,0.0,MEDIUM
0.002301860879999817,0.3392950391644909,0.0046085953236120435,0.027654910557012566,0.03495174758737937,0.705882352941174,1.0,0.0,0.0,1.0,0.0,0.0,1.0,0.0,0.0,0.0,0.0,0.0,1.0,0.0,LONG
0.0009254590984340196,0.6402741514360314,0.0018642974010651266,0.010960191020472071,0.0011000550027501375,0.852941176470587,0.5,0.0,0.0,1.0,0.0,0.0,0.0,0.0,0.0,1.0,0.0,0.0,1.0,0.0,SHORT
0.001970307743666841,0.5736945169712794,0.003960002346668058,0.02372098485145027,0.007350367518375919,0.911764705882355,1.0,0.0,0.0,0.0,1.0,0.0,1.0,0.0,0.0,0.0,0.0,0.0,1.0,0.0,MEDIUM
0.0009353448570861497,0.4569190600522194,0.0018708159234464732,0.011155908717266216,0.01295064753237662,0.941176470588232,1.0,0.0,0.0,0.0,0.0,1.0,1.0,0.0,0.0,0.0,0.0,0.0,1.0,0.0,MEDIUM
0.0008958018224776302,0.34627937336814624,0.0017860751324889675,0.01068618624496027,0.01295064753237662,0.911764705882355,1.0,0.0,0.0,0.0,0.0,1.0,1.0,0.0,0.0,0.0,0.0,0.0,1.0,0.0,MEDIUM
0.0002889683298314934,0.34719321148825066,0.000524741051698401,0.0029553372215915764,0.01295064753237662,0.941176470588232,1.0,0.0,0.0,0.0,0.0,1.0,1.0,0.0,0.0,0.0,0.0,0.0,1.0,0.0,MEDIUM
0.0011239347144498613,0.6396866840731071,0.002261927266327269,0.01348494930911653,0.2426621331066553,0.29411764705882604,1.0,0.0,0.0,0.0,0.0,1.0,0.0,1.0,0.0,0.0,0.0,0.0,1.0,0.0,MEDIUM
0.0024372197292366754,0.5385770234986946,0.004914965875535334,0.028985790895212745,0.013950697534876743,0.852941176470587,1.0,1.0,0.0,0.0,0.0,0.0,1.0,0.0,0.0,0.0,0.0,0.0,1.0,0.0,MEDIUM
0.0002790825711793633,0.3460835509138382,0.0004986669621730147,0.0028770501428739188,0.01295064753237662,0.941176470588232,1.0,0.0,0.0,0.0,0.0,1.0,1.0,0.0,0.0,0.0,0.0,0.0,1.0,0.0,MEDIUM
0.0009208964405945756,0.637467362924282,0.0018382233115397403,0.0109993345598309,0.01295064753237662,0.970588235294116,1.0,0.0,0.0,0.0,0.0,1.0,1.0,0.0,0.0,0.0,0.0,0.0,1.0,0.0,MEDIUM
0.0008958018224776302,0.34627937336814624,0.0017860751324889675,0.01068618624496027,0.01295064753237662,0.941176470588232,1.0,0.0,0.0,0.0,0.0,1.0,1.0,0.0,0.0,0.0,0.0,0.0,1.0,0.0,MEDIUM
0.00028972877280473465,0.6352480417754569,0.0005377780964610943,0.002916193682232748,5.000250012500625e-05,0.970588235294116,0.0,0.0,0.0,0.0,0.0,1.0,1.0,0.0,0.0,0.0,0.0,0.0,1.0,0.0,SHORT
0.0019376086958174873,0.5737597911227155,0.0038948171228545916,0.023329549457861982,0.007350367518375919,1.0,1.0,0.0,0.0,0.0,1.0,0.0,1.0,0.0,0.0,0.0,0.0,0.0,1.0,0.0,MEDIUM
0.0005581651423587275,0.34712793733681463,0.001091852498875555,0.006380396915489099,0.01295064753237662,0.970588235294116,1.0,0.0,0.0,0.0,0.0,1.0,1.0,0.0,0.0,0.0,0.0,0.0,1.0,0.0,MEDIUM
0.0012615748926064416,0.5639686684073107,0.0025389644675344993,0.015187693271225586,0.04295214760738037,0.823529411764703,1.0,0.0,0.0,0.0,0.0,1.0,1.0,0.0,0.0,0.0,0.0,0.0,1.0,0.0,LONG
0.0009148128968086491,0.28067885117493474,0.001825186266777047,0.010921047481113243,0.014450722536126805,1.0,1.0,0.0,0.0,0.0,0.0,1.0,1.0,0.0,0.0,0.0,0.0,0.0,1.0,0.0,MEDIUM
0.0019109931917540603,0.5739556135770236,0.0038426689438038186,0.02301640114299135,0.007350367518375919,0.970588235294116,1.0,0.0,0.0,0.0,1.0,0.0,1.0,0.0,0.0,0.0,0.0,0.0,1.0,0.0,MEDIUM
0.0019178371785132271,0.5739556135770236,0.003855705988566512,0.023094688221709007,0.007350367518375919,1.0,1.0,0.0,0.0,0.0,1.0,0.0,1.0,0.0,0.0,0.0,0.0,0.0,1.0,0.0,MEDIUM
0.0008843951778790176,0.34738903394255877,0.0017632603041542543,0.010549183857204368,0.01295064753237662,0.970588235294116,1.0,0.0,0.0,0.0,0.0,1.0,1.0,0.0,0.0,0.0,0.0,0.0,1.0,0.0,MEDIUM
0.10283394282837638,0.008681462140992168,0.11668155062610408,0.7001604885113712,0.2749637481874094,0.5,1.0,0.0,0.0,0.0,0.0,1.0,1.0,0.0,0.0,0.0,0.0,1.0,0.0,0.0,LONG
0.0008958018224776302,0.34634464751958227,0.0017860751324889675,0.01068618624496027,0.01295064753237662,0.941176470588232,1.0,0.0,0.0,0.0,0.0,1.0,1.0,0.0,0.0,0.0,0.0,0.0,1.0,0.0,MEDIUM
0.00030493763226954913,0.34614882506527417,0.0005442966188424408,0.0032489137667827926,0.01295064753237662,0.911764705882355,1.0,0.0,0.0,0.0,0.0,1.0,1.0,0.0,0.0,0.0,0.0,0.0,1.0,0.0,MEDIUM
0.045012900915041024,0.4216710182767624,0.06241485180139366,0.37401651857360946,0.07070353517675884,0.911764705882355,1.0,1.0,0.0,0.0,0.0,0.0,0.0,0.0,1.0,0.0,0.0,0.0,0.0,1.0,MEDIUM
0.0008843951778790176,0.34738903394255877,0.0017632603041542543,0.010549183857204368,0.01295064753237662,0.970588235294116,1.0,0.0,0.0,0.0,0.0,1.0,1.0,0.0,0.0,0.0,0.0,0.0,1.0,0.0,MEDIUM
0.0008737489762536471,0.34634464751958227,0.0017437047370102146,0.010392609699769054,0.01295064753237662,0.911764705882355,1.0,0.0,0.0,0.0,0.0,1.0,1.0,0.0,0.0,0.0,0.0,0.0,1.0,0.0,MEDIUM
0.0008958018224776302,0.34627937336814624,0.0017860751324889675,0.01068618624496027,0.01295064753237662,0.911764705882355,1.0,0.0,0.0,0.0,0.0,1.0,1.0,0.0,0.0,0.0,0.0,0.0,1.0,0.0,MEDIUM
0.00031026073308223524,0.6354438642297651,0.0005834077531305204,0.003170626688065135,0.00025001250062503126,0.970588235294116,0.0,0.0,0.0,0.0,0.0,1.0,0.0,1.0,0.0,0.0,0.0,0.0,1.0,0.0,SHORT
0.0009353448570861497,0.4569190600522194,0.0018708159234464732,0.011155908717266216,0.014450722536126805,1.0,1.0,0.0,0.0,0.0,0.0,1.0,1.0,0.0,0.0,0.0,0.0,0.0,1.0,0.0,MEDIUM
0.10283470327134961,0.000391644908616188,0.11667829136491341,0.7001800602810506,0.23721186059302962,0.588235294117645,1.0,0.0,0.0,1.0,0.0,0.0,1.0,0.0,0.0,0.0,0.0,1.0,0.0,0.0,LONG
0.0008843951778790176,0.34738903394255877,0.0017632603041542543,0.010549183857204368,0.01295064753237662,0.970588235294116,1.0,0.0,0.0,0.0,0.0,1.0,1.0,0.0,0.0,0.0,0.0,0.0,1.0,0.0,MEDIUM
0.0008843951778790176,0.34738903394255877,0.0017632603041542543,0.010549183857204368,0.01295064753237662,0.970588235294116,1.0,0.0,0.0,0.0,0.0,1.0,1.0,0.0,0.0,0.0,0.0,0.0,1.0,0.0,MEDIUM
0.000319386048761125,0.4566579634464752,0.0006029633202745602,0.003268485536462207,0.01295064753237662,0.941176470588232,1.0,0.0,0.0,0.0,0.0,1.0,1.0,0.0,0.0,0.0,0.0,0.0,1.0,0.0,MEDIUM
0.0011368622449949546,0.3068537859007833,0.002281482833471309,0.01366109523623126,0.008550427521376068,0.735294117647058,0.5,0.0,0.0,1.0,0.0,0.0,1.0,0.0,0.0,0.0,0.0,0.0,1.0,0.0,MEDIUM
0.0008843951778790176,0.34738903394255877,0.0017632603041542543,0.010549183857204368,0.01295064753237662,0.970588235294116,1.0,0.0,0.0,0.0,0.0,1.0,1.0,0.0,0.0,0.0,0.0,0.0,1.0,0.0,MEDIUM
0.0009353448570861497,0.4569190600522194,0.0018708159234464732,0.011155908717266216,0.014450722536126805,1.0,1.0,0.0,0.0,0.0,0.0,1.0,1.0,0.0,0.0,0.0,0.0,0.0,1.0,0.0,MEDIUM
0.0008958018224776302,0.34627937336814624,0.0017860751324889675,0.01068618624496027,0.01295064753237662,0.941176470588232,1.0,0.0,0.0,0.0,0.0,1.0,1.0,0.0,0.0,0.0,0.0,0.0,1.0,0.0,MEDIUM
0.0002798430141526037,0.3460835509138382,0.0004986669621730147,0.0028770501428739188,0.01295064753237662,0.941176470588232,1.0,0.0,0.0,0.0,0.0,1.0,1.0,0.0,0.0,0.0,0.0,0.0,1.0,0.0,MEDIUM
0.0009208964405945756,0.637402088772846,0.0018414825727304136,0.010979762790151486,0.01295064753237662,0.970588235294116,1.0,0.0,0.0,0.0,0.0,1.0,1.0,0.0,0.0,0.0,0.0,0.0,1.0,0.0,MEDIUM
0.0008843951778790176,0.34738903394255877,0.0017632603041542543,0.010549183857204368,0.01295064753237662,0.970588235294116,1.0,0.0,0.0,0.0,0.0,1.0,1.0,0.0,0.0,0.0,0.0,0.0,1.0,0.0,MEDIUM
0.0008843951778790176,0.34738903394255877,0.0017632603041542543,0.010549183857204368,0.01295064753237662,0.970588235294116,1.0,0.0,0.0,0.0,0.0,1.0,1.0,0.0,0.0,0.0,0.0,0.0,1.0,0.0,MEDIUM
0.0008843951778790176,0.34738903394255877,0.001760001042963581,0.010549183857204368,0.01295064753237662,0.970588235294116,1.0,0.0,0.0,0.0,0.0,1.0,1.0,0.0,0.0,0.0,0.0,0.0,1.0,0.0,MEDIUM
0.0008843951778790176,0.34738903394255877,0.0017632603041542543,0.010549183857204368,0.01295064753237662,0.941176470588232,1.0,0.0,0.0,0.0,0.0,1.0,1.0,0.0,0.0,0.0,0.0,0.0,1.0,0.0,MEDIUM
0.0003079794041625124,0.6351174934725848,0.0005768892307491738,0.003131483148706306,0.00015000750037501875,0.941176470588232,0.0,0.0,0.0,0.0,0.0,1.0,0.0,1.0,0.0,0.0,0.0,0.0,1.0,0.0,SHORT
0.0008843951778790176,0.34738903394255877,0.0017632603041542543,0.010549183857204368,0.01295064753237662,0.970588235294116,1.0,0.0,0.0,0.0,0.0,1.0,1.0,0.0,0.0,0.0,0.0,0.0,1.0,0.0,MEDIUM
0.00028136390009908616,0.6349869451697129,0.0005084447457450346,0.0028574783731945045,0.00015000750037501875,0.941176470588232,0.0,0.0,0.0,0.0,0.0,1.0,0.0,1.0,0.0,0.0,0.0,0.0,1.0,0.0,SHORT
0.0002828847860455669,0.6351174934725848,0.0005214817905077277,0.00283790660351509,0.00015000750037501875,0.941176470588232,0.0,0.0,0.0,0.0,0.0,1.0,0.0,1.0,0.0,0.0,0.0,0.0,1.0,0.0,SHORT
0.1028286197275637,0.08844647519582247,0.1170205137899341,0.6980663091556739,0.15895794789739484,0.17647058823528994,1.0,0.0,0.0,0.0,0.0,1.0,1.0,0.0,0.0,0.0,0.0,1.0,0.0,0.0,LONG
0.0005574046993854862,0.6355744125326371,0.0011016302824475748,0.006321681606450856,0.00025001250062503126,0.970588235294116,0.0,0.0,0.0,0.0,0.0,1.0,0.0,1.0,0.0,0.0,0.0,0.0,1.0,0.0,SHORT
0.0008843951778790176,0.34738903394255877,0.0017632603041542543,0.010549183857204368,0.01295064753237662,0.970588235294116,1.0,0.0,0.0,0.0,0.0,1.0,1.0,0.0,0.0,0.0,0.0,0.0,1.0,0.0,MEDIUM
0.0008958018224776302,0.34634464751958227,0.0017860751324889675,0.01068618624496027,0.01295064753237662,0.941176470588232,1.0,0.0,0.0,0.0,0.0,1.0,1.0,0.0,0.0,0.0,0.0,0.0,1.0,0.0,MEDIUM
0.0008843951778790176,0.34738903394255877,0.0017632603041542543,0.010529612087524955,0.01295064753237662,0.970588235294116,1.0,0.0,0.0,0.0,0.0,1.0,1.0,0.0,0.0,0.0,0.0,0.0,1.0,0.0,MEDIUM
0.1054772426033613,0.06801566579634465,0.11905429277291424,0.7124319881003641,0.09995499774988749,0.382352941176471,1.0,0.0,0.0,1.0,0.0,0.0,0.0,1.0,0.0,0.0,0.0,1.0,0.0,0.0,LONG
0.10283546371432285,0.001370757180156658,0.11667177284253206,0.7002192038204095,0.2599629981499075,0.764705882352942,1.0,0.0,1.0,0.0,0.0,0.0,1.0,0.0,0.0,0.0,0.0,1.0,0.0,0.0,LONG
0.10283470327134961,6.527415143603134e-05,0.11667177284253206,0.7001996320507301,0.14845742287114355,0.6764705882352899,1.0,0.0,0.0,1.0,0.0,0.0,1.0,0.0,0.0,0.0,0.0,1.0,0.0,0.0,LONG
0.0008843951778790176,0.34738903394255877,0.0017632603041542543,0.010549183857204368,0.01295064753237662,0.970588235294116,1.0,0.0,0.0,0.0,0.0,1.0,1.0,0.0,0.0,0.0,0.0,0.0,1.0,0.0,MEDIUM
0.10283470327134961,6.527415143603134e-05,0.11666199505896004,0.7002779191294477,0.1488074403720186,0.764705882352942,1.0,0.0,0.0,1.0,0.0,0.0,1.0,0.0,0.0,0.0,0.0,1.0,0.0,0.0,LONG
0.000321667377680847,0.6345953002610967,0.0005931855367025402,0.0033859161545386936,0.00015000750037501875,0.882352941176471,0.0,0.0,0.0,0.0,0.0,1.0,0.0,1.0,0.0,0.0,0.0,0.0,1.0,0.0,SHORT
0.048228053805903004,0.36501305483028723,0.06625752074519749,0.392179120836106,0.10290514525726287,0.588235294117645,1.0,0.0,0.0,0.0,0.0,1.0,0.0,0.0,1.0,0.0,0.0,0.0,0.0,1.0,LONG
0.24886408830872156,1.0,0.4401534460168569,0.013954671781422477,0.059952997649882496,0.32352941176470296,1.0,0.0,0.0,1.0,0.0,0.0,0.0,0.0,0.0,1.0,1.0,0.0,0.0,0.0,MEDIUM
0.0008958018224776302,0.34627937336814624,0.0017860751324889675,0.01068618624496027,0.01295064753237662,0.941176470588232,1.0,0.0,0.0,0.0,0.0,1.0,1.0,0.0,0.0,0.0,0.0,0.0,1.0,0.0,MEDIUM
0.0008843951778790176,0.34738903394255877,0.0017632603041542543,0.010549183857204368,0.01295064753237662,0.970588235294116,1.0,0.0,0.0,0.0,0.0,1.0,1.0,0.0,0.0,0.0,0.0,0.0,1.0,0.0,MEDIUM
0.0008843951778790176,0.34738903394255877,0.0017632603041542543,0.010549183857204368,0.01295064753237662,0.970588235294116,1.0,0.0,0.0,0.0,0.0,1.0,1.0,0.0,0.0,0.0,0.0,0.0,1.0,0.0,MEDIUM
0.0008843951778790176,0.34738903394255877,0.0017632603041542543,0.010549183857204368,0.01295064753237662,0.970588235294116,1.0,0.0,0.0,0.0,0.0,1.0,1.0,0.0,0.0,0.0,0.0,0.0,1.0,0.0,MEDIUM
0.0008843951778790176,0.34738903394255877,0.0017632603041542543,0.010549183857204368,0.01295064753237662,0.970588235294116,1.0,0.0,0.0,0.0,0.0,1.0,1.0,0.0,0.0,0.0,0.0,0.0,1.0,0.0,MEDIUM
0.0003034167463230675,0.3462140992167102,0.0005442966188424408,0.0031901984577445493,0.01295064753237662,0.911764705882355,1.0,0.0,0.0,0.0,0.0,1.0,1.0,0.0,0.0,0.0,0.0,0.0,1.0,0.0,MEDIUM
0.0008349663846183679,0.6360313315926893,0.0016622232072433822,0.009922887227463107,0.06145307265363268,0.529411764705884,1.0,0.0,0.0,1.0,0.0,0.0,0.0,1.0,0.0,0.0,0.0,0.0,1.0,0.0,MEDIUM
0.0008958018224776302,0.34627937336814624,0.0017860751324889675,0.01068618624496027,0.01295064753237662,0.941176470588232,1.0,0.0,0.0,0.0,0.0,1.0,1.0,0.0,0.0,0.0,0.0,0.0,1.0,0.0,MEDIUM
0.0009353448570861497,0.4569190600522194,0.0018708159234464732,0.011155908717266216,0.01295064753237662,0.941176470588232,1.0,0.0,0.0,0.0,0.0,1.0,1.0,0.0,0.0,0.0,0.0,0.0,1.0,0.0,MEDIUM
0.0008843951778790176,0.34738903394255877,0.0017632603041542543,0.010549183857204368,0.01295064753237662,0.970588235294116,1.0,0.0,0.0,0.0,0.0,1.0,1.0,0.0,0.0,0.0,0.0,0.0,1.0,0.0,MEDIUM
0.0019307647090583205,0.5738250652741514,0.0038817800780918984,0.023251262379144322,0.007350367518375919,0.941176470588232,1.0,0.0,0.0,0.0,1.0,0.0,1.0,0.0,0.0,0.0,0.0,0.0,1.0,0.0,MEDIUM
0.0004904857177402983,0.6385117493472585,0.0009517042676766032,0.005538810819274279,0.00020001000050002502,0.911764705882355,0.0,0.0,0.0,1.0,0.0,0.0,0.0,1.0,0.0,0.0,0.0,0.0,1.0,0.0,SHORT
0.00028820788685825216,0.34725848563968675,0.0005182225293170544,0.0029749089912709907,0.01295064753237662,0.970588235294116,1.0,0.0,0.0,0.0,0.0,1.0,1.0,0.0,0.0,0.0,0.0,0.0,1.0,0.0,MEDIUM
0.0009148128968086491,0.28067885117493474,0.001825186266777047,0.010921047481113243,0.01295064753237662,0.970588235294116,1.0,0.0,0.0,0.0,0.0,1.0,1.0,0.0,0.0,0.0,0.0,0.0,1.0,0.0,MEDIUM
0.0019573802131217476,0.5738250652741514,0.0039339282571426715,0.023564410694014954,0.007350367518375919,0.941176470588232,1.0,0.0,0.0,0.0,1.0,0.0,1.0,0.0,0.0,0.0,0.0,0.0,1.0,0.0,MEDIUM
0.0008843951778790176,0.34738903394255877,0.0017632603041542543,0.010529612087524955,0.01295064753237662,0.970588235294116,1.0,0.0,0.0,0.0,0.0,1.0,1.0,0.0,0.0,0.0,0.0,0.0,1.0,0.0,MEDIUM
0.0008843951778790176,0.34738903394255877,0.0017632603041542543,0.010549183857204368,0.01295064753237662,0.941176470588232,1.0,0.0,0.0,0.0,0.0,1.0,1.0,0.0,0.0,0.0,0.0,0.0,1.0,0.0,MEDIUM
0.0008958018224776302,0.34627937336814624,0.0017860751324889675,0.01068618624496027,0.01295064753237662,0.941176470588232,1.0,0.0,0.0,0.0,0.0,1.0,1.0,0.0,0.0,0.0,0.0,0.0,1.0,0.0,MEDIUM
0.0008843951778790176,0.34738903394255877,0.001760001042963581,0.010549183857204368,0.01295064753237662,0.970588235294116,1.0,0.0,0.0,0.0,0.0,1.0,1.0,0.0,0.0,0.0,0.0,0.0,1.0,0.0,MEDIUM
0.10283470327134961,0.0002610966057441254,0.11667503210372274,0.7001800602810506,0.15895794789739484,0.764705882352942,1.0,0.0,0.0,1.0,0.0,0.0,1.0,0.0,0.0,0.0,0.0,1.0,0.0,0.0,LONG
0.0006494182991476187,0.6355744125326371,0.0012808896479346063,0.007554703096253963,0.00025001250062503126,1.0,0.5,0.0,0.0,0.0,0.0,1.0,0.0,1.0,0.0,0.0,0.0,0.0,1.0,0.0,SHORT
0.10283242194242989,0.0004569190600522194,0.11665221727538802,0.7003170626688066,0.26111305565278264,0.794117647058826,1.0,0.0,0.0,1.0,0.0,0.0,1.0,0.0,0.0,0.0,0.0,1.0,0.0,0.0,LONG
0.10283242194242989,0.000195822454308094,0.1166685135813414,0.7002192038204095,0.01295064753237662,0.5588235294117609,1.0,0.0,0.0,1.0,0.0,0.0,1.0,0.0,0.0,0.0,0.0,1.0,0.0,0.0,LONG
0.06257381049609018,0.3922323759791123,0.08043204766343566,0.48199397189493876,0.18630931546577326,0.32352941176470296,1.0,0.0,0.0,0.0,0.0,1.0,1.0,0.0,0.0,0.0,1.0,0.0,0.0,0.0,LONG
0.10283394282837638,0.0004569190600522194,0.11667829136491341,0.7001800602810506,0.2983149157457873,0.735294117647058,1.0,0.0,0.0,1.0,0.0,0.0,1.0,0.0,0.0,0.0,0.0,1.0,0.0,0.0,LONG
0.0019376086958174873,0.5737597911227155,0.0038948171228545916,0.023329549457861982,0.007350367518375919,0.941176470588232,1.0,0.0,0.0,0.0,1.0,0.0,1.0,0.0,0.0,0.0,0.0,0.0,1.0,0.0,MEDIUM
0.10420806328102246,0.04758485639686685,0.11793310692332262,0.7064430265784633,0.20831041552077603,0.32352941176470296,1.0,0.0,0.0,1.0,0.0,0.0,1.0,0.0,0.0,0.0,0.0,1.0,0.0,0.0,LONG
0.0009148128968086491,0.28067885117493474,0.001825186266777047,0.010921047481113243,0.014450722536126805,1.0,1.0,0.0,0.0,0.0,0.0,1.0,1.0,0.0,0.0,0.0,0.0,0.0,1.0,0.0,MEDIUM
0.10283242194242989,0.053394255874673634,0.11674999511110822,0.6997299095784241,0.26246312315615783,0.41176470588235503,1.0,0.0,0.0,1.0,0.0,0.0,1.0,0.0,0.0,0.0,0.0,1.0,0.0,0.0,LONG
0.0019832352742119343,0.5736292428198434,0.003989335697384118,0.023877559008885586,0.007350367518375919,0.970588235294116,0.5,0.0,0.0,0.0,1.0,0.0,1.0,0.0,0.0,0.0,0.0,0.0,1.0,0.0,MEDIUM
0.00028668700091177054,0.635052219321149,0.000534518835270421,0.0028574783731945045,0.00015000750037501875,0.941176470588232,0.5,0.0,0.0,0.0,0.0,1.0,0.0,1.0,0.0,0.0,0.0,0.0,1.0,0.0,SHORT
0.000302656303349828,0.6348563968668408,0.0005605929247958073,0.0030923396093474774,0.00015000750037501875,0.941176470588232,0.0,0.0,0.0,0.0,0.0,1.0,0.0,1.0,0.0,0.0,0.0,0.0,1.0,0.0,SHORT
0.0009208964405945756,0.637402088772846,0.0018414825727304136,0.010979762790151486,0.01295064753237662,0.970588235294116,1.0,0.0,0.0,0.0,0.0,1.0,1.0,0.0,0.0,0.0,0.0,0.0,1.0,0.0,MEDIUM
0.0009125315678889271,0.6389033942558747,0.0018512603563024335,0.010705758014639685,0.08495424771238562,0.5588235294117609,1.0,0.0,0.0,1.0,0.0,0.0,0.0,1.0,0.0,0.0,0.0,0.0,1.0,0.0,MEDIUM
0.0012615748926064416,0.5639686684073107,0.0025389644675344993,0.015187693271225586,0.04295214760738037,0.882352941176471,1.0,0.0,0.0,0.0,0.0,1.0,1.0,0.0,0.0,0.0,0.0,0.0,1.0,0.0,LONG
0.0008843951778790176,0.34738903394255877,0.0017632603041542543,0.010549183857204368,0.01295064753237662,0.970588235294116,1.0,0.0,0.0,0.0,0.0,1.0,1.0,0.0,0.0,0.0,0.0,0.0,1.0,0.0,MEDIUM
0.0019307647090583205,0.5738250652741514,0.0038850393392825715,0.023251262379144322,0.007350367518375919,0.941176470588232,0.5,0.0,0.0,0.0,1.0,0.0,1.0,0.0,0.0,0.0,0.0,0.0,1.0,0.0,MEDIUM
0.0008843951778790176,0.34738903394255877,0.0017632603041542543,0.010549183857204368,0.01295064753237662,0.970588235294116,1.0,0.0,0.0,0.0,0.0,1.0,1.0,0.0,0.0,0.0,0.0,0.0,1.0,0.0,MEDIUM
0.0008843951778790176,0.34738903394255877,0.0017632603041542543,0.010549183857204368,0.01295064753237662,0.970588235294116,1.0,0.0,0.0,0.0,0.0,1.0,1.0,0.0,0.0,0.0,0.0,0.0,1.0,0.0,MEDIUM
0.0008843951778790176,0.34738903394255877,0.0017632603041542543,0.010549183857204368,0.01295064753237662,0.970588235294116,0.5,0.0,0.0,0.0,0.0,1.0,1.0,0.0,0.0,0.0,0.0,0.0,1.0,0.0,MEDIUM
0.0009208964405945756,0.637467362924282,0.0018414825727304136,0.010979762790151486,0.01295064753237662,0.970588235294116,1.0,0.0,0.0,0.0,0.0,1.0,1.0,0.0,0.0,0.0,0.0,0.0,1.0,0.0,MEDIUM
0.10283318238540314,0.005287206266318538,0.11671088397682014,0.6999451990448977,0.1250062503125156,0.588235294117645,1.0,0.0,0.0,1.0,0.0,0.0,1.0,0.0,0.0,0.0,0.0,1.0,0.0,0.0,LONG
0.0009353448570861497,0.4569190600522194,0.0018708159234464732,0.011155908717266216,0.014450722536126805,1.0,1.0,0.0,0.0,0.0,0.0,1.0,1.0,0.0,0.0,0.0,0.0,0.0,1.0,0.0,MEDIUM
0.0011672799639245853,0.643798955613577,0.002372742146810161,0.013856812933025405,0.0022001100055002746,0.29411764705882604,0.5,0.0,0.0,1.0,0.0,0.0,0.0,1.0,0.0,0.0,0.0,0.0,1.0,0.0,SHORT
0.0009208964405945756,0.637402088772846,0.0018414825727304136,0.010979762790151486,0.01295064753237662,0.970588235294116,1.0,0.0,0.0,0.0,0.0,1.0,1.0,0.0,0.0,0.0,0.0,0.0,1.0,0.0,MEDIUM
0.0008843951778790176,0.34738903394255877,0.0017632603041542543,0.010549183857204368,0.01295064753237662,0.970588235294116,1.0,0.0,0.0,0.0,0.0,1.0,1.0,0.0,0.0,0.0,0.0,0.0,1.0,0.0,MEDIUM
0.0009353448570861497,0.4569190600522194,0.0018708159234464732,0.011155908717266216,0.01295064753237662,0.941176470588232,1.0,0.0,0.0,0.0,0.0,1.0,1.0,0.0,0.0,0.0,0.0,0.0,1.0,0.0,MEDIUM
0.002301860879999817,0.339490861618799,0.0046085953236120435,0.027654910557012566,0.03495174758737937,0.617647058823529,1.0,0.0,0.0,1.0,0.0,0.0,1.0,0.0,0.0,0.0,0.0,0.0,1.0,0.0,LONG
0.0008843951778790176,0.34738903394255877,0.0017632603041542543,0.010549183857204368,0.01295064753237662,0.970588235294116,1.0,0.0,0.0,0.0,0.0,1.0,1.0,0.0,0.0,0.0,0.0,0.0,1.0,0.0,MEDIUM
0.00028668700091177054,0.34614882506527417,0.0005149632681263811,0.0029749089912709907,0.01295064753237662,0.941176470588232,1.0,0.0,0.0,0.0,0.0,1.0,1.0,0.0,0.0,0.0,0.0,0.0,1.0,0.0,MEDIUM
0.0009148128968086491,0.28067885117493474,0.001825186266777047,0.010921047481113243,0.014450722536126805,1.0,1.0,0.0,0.0,0.0,0.0,1.0,1.0,0.0,0.0,0.0,0.0,0.0,1.0,0.0,MEDIUM
0.05786134539091713,0.3605744125326371,0.07572893376529409,0.45424120248952915,0.03610180509025451,0.794117647058826,1.0,0.0,0.0,1.0,0.0,0.0,0.0,0.0,1.0,0.0,0.0,0.0,0.0,1.0,LONG
0.0008843951778790176,0.34738903394255877,0.0017632603041542543,0.010549183857204368,0.01295064753237662,0.970588235294116,1.0,0.0,0.0,0.0,0.0,1.0,1.0,0.0,0.0,0.0,0.0,0.0,1.0,0.0,MEDIUM
0.0008843951778790176,0.34738903394255877,0.0017632603041542543,0.010549183857204368,0.01295064753237662,0.970588235294116,1.0,0.0,0.0,0.0,0.0,1.0,1.0,0.0,0.0,0.0,0.0,0.0,1.0,0.0,MEDIUM
0.0,0.6359660574412533,0.0,0.0,0.00015000750037501875,0.823529411764703,0.0,0.0,0.0,0.0,0.0,1.0,0.0,1.0,0.0,0.0,0.0,0.0,1.0,0.0,SHORT
0.00033079269335973584,0.34595300261096606,0.0006453337157533131,0.003307629075821036,0.01295064753237662,0.911764705882355,1.0,0.0,0.0,0.0,0.0,1.0,1.0,0.0,0.0,0.0,0.0,0.0,1.0,0.0,MEDIUM
0.0019505362263625807,0.5738250652741514,0.003920891212379978,0.023486123615297297,0.007350367518375919,0.941176470588232,1.0,0.0,0.0,0.0,1.0,0.0,1.0,0.0,0.0,0.0,0.0,0.0,1.0,0.0,MEDIUM
0.0008958018224776302,0.34634464751958227,0.0017860751324889675,0.01068618624496027,0.01295064753237662,0.941176470588232,1.0,0.0,0.0,0.0,0.0,1.0,1.0,0.0,0.0,0.0,0.0,0.0,1.0,0.0,MEDIUM
0.0008843951778790176,0.34738903394255877,0.0017632603041542543,0.010549183857204368,0.01295064753237662,0.970588235294116,1.0,0.0,0.0,0.0,0.0,1.0,1.0,0.0,0.0,0.0,0.0,0.0,1.0,0.0,MEDIUM
0.0008843951778790176,0.34738903394255877,0.0017632603041542543,0.010549183857204368,0.01295064753237662,0.970588235294116,1.0,0.0,0.0,0.0,0.0,1.0,1.0,0.0,0.0,0.0,0.0,0.0,1.0,0.0,MEDIUM
0.0019832352742119343,0.5736292428198434,0.003989335697384118,0.023877559008885586,0.007350367518375919,0.911764705882355,1.0,0.0,0.0,0.0,1.0,0.0,1.0,0.0,0.0,0.0,0.0,0.0,1.0,0.0,MEDIUM
0.0002912496587512154,0.6354438642297651,0.0005442966188424408,0.002896621912553333,5.000250012500625e-05,0.970588235294116,0.0,0.0,0.0,0.0,0.0,1.0,1.0,0.0,0.0,0.0,0.0,0.0,1.0,0.0,SHORT
0.0008136739813676269,0.6363577023498694,0.001649186162480689,0.009472736524836576,0.04995249762488124,0.911764705882355,1.0,0.0,1.0,0.0,0.0,0.0,0.0,1.0,0.0,0.0,0.0,0.0,1.0,0.0,LONG
0.0008843951778790176,0.34738903394255877,0.0017632603041542543,0.010549183857204368,0.01295064753237662,0.970588235294116,1.0,0.0,0.0,0.0,0.0,1.0,1.0,0.0,0.0,0.0,0.0,0.0,1.0,0.0,MEDIUM
0.0008843951778790176,0.34738903394255877,0.0017632603041542543,0.010549183857204368,0.01295064753237662,0.941176470588232,1.0,0.0,0.0,0.0,0.0,1.0,1.0,0.0,0.0,0.0,0.0,0.0,1.0,0.0,MEDIUM
0.00028820788685825216,0.6352480417754569,0.0005377780964610943,0.0028574783731945045,0.00015000750037501875,0.941176470588232,0.0,0.0,0.0,0.0,0.0,1.0,0.0,1.0,0.0,0.0,0.0,0.0,1.0,0.0,SHORT
0.0009148128968086491,0.28067885117493474,0.001825186266777047,0.010921047481113243,0.014450722536126805,1.0,1.0,0.0,0.0,0.0,0.0,1.0,1.0,0.0,0.0,0.0,0.0,0.0,1.0,0.0,MEDIUM
0.0008843951778790176,0.34738903394255877,0.0017632603041542543,0.010549183857204368,0.01295064753237662,0.970588235294116,1.0,0.0,0.0,0.0,0.0,1.0,1.0,0.0,0.0,0.0,0.0,0.0,1.0,0.0,MEDIUM
0.001015191369276431,0.6389686684073108,0.0020337789829801382,0.012154068970916351,0.08995449772488624,0.970588235294116,1.0,0.0,0.0,1.0,0.0,0.0,0.0,1.0,0.0,0.0,0.0,0.0,1.0,0.0,MEDIUM
0.0019436922396034138,0.5737597911227155,0.003911113428807958,0.02340783653657964,0.007350367518375919,1.0,0.5,0.0,0.0,0.0,1.0,0.0,1.0,0.0,0.0,0.0,0.0,0.0,1.0,0.0,MEDIUM
0.0009208964405945756,0.637402088772846,0.0018414825727304136,0.010979762790151486,0.01295064753237662,0.970588235294116,1.0,0.0,0.0,0.0,0.0,1.0,1.0,0.0,0.0,0.0,0.0,0.0,1.0,0.0,MEDIUM
0.0008958018224776302,0.34627937336814624,0.0017860751324889675,0.01068618624496027,0.01295064753237662,0.941176470588232,1.0,0.0,0.0,0.0,0.0,1.0,1.0,0.0,0.0,0.0,0.0,0.0,1.0,0.0,MEDIUM
0.000290489215777975,0.34725848563968675,0.0005182225293170544,0.003033624300309234,0.01295064753237662,0.970588235294116,1.0,0.0,0.0,0.0,0.0,1.0,1.0,0.0,0.0,0.0,0.0,0.0,1.0,0.0,MEDIUM
0.05786134539091713,0.3738903394255875,0.07571589672053139,0.4543194895682468,0.035701785089254465,0.852941176470587,1.0,0.0,0.0,1.0,0.0,0.0,0.0,0.0,1.0,0.0,0.0,0.0,0.0,1.0,LONG
0.0003391575660653843,0.34614882506527417,0.0006485929769439863,0.0035033467726151802,0.01295064753237662,0.911764705882355,1.0,0.0,0.0,0.0,0.0,1.0,1.0,0.0,0.0,0.0,0.0,0.0,1.0,0.0,MEDIUM
0.0011300182582357878,0.6425587467362924,0.002284742094661982,0.01348494930911653,0.0,0.588235294117645,0.0,0.0,0.0,1.0,0.0,0.0,0.0,0.0,0.0,1.0,0.0,0.0,1.0,0.0,SHORT
0.0008349663846183679,0.34732375979112273,0.0016687417296247288,0.009864171918424864,0.01295064753237662,0.970588235294116,1.0,0.0,0.0,0.0,0.0,1.0,1.0,0.0,0.0,0.0,0.0,0.0,1.0,0.0,MEDIUM
0.0019178371785132271,0.5739556135770236,0.003858965249757185,0.023094688221709007,0.007350367518375919,0.941176470588232,0.5,0.0,0.0,0.0,1.0,0.0,1.0,0.0,0.0,0.0,0.0,0.0,1.0,0.0,MEDIUM
0.0008843951778790176,0.34738903394255877,0.0017632603041542543,0.010549183857204368,0.01295064753237662,0.970588235294116,1.0,0.0,0.0,0.0,0.0,1.0,1.0,0.0,0.0,0.0,0.0,0.0,1.0,0.0,MEDIUM
0.0008958018224776302,0.34634464751958227,0.0017860751324889675,0.01068618624496027,0.01295064753237662,0.941176470588232,1.0,0.0,0.0,0.0,0.0,1.0,1.0,0.0,0.0,0.0,0.0,0.0,1.0,0.0,MEDIUM
0.001963463756907674,0.5737597911227155,0.003946965301905365,0.02364269777273261,0.007350367518375919,0.941176470588232,1.0,0.0,0.0,0.0,1.0,0.0,1.0,0.0,0.0,0.0,0.0,0.0,1.0,0.0,MEDIUM
0.10283470327134961,0.0001305483028720627,0.11663918023062533,0.7003953497475242,0.10295514775738787,0.617647058823529,1.0,0.0,0.0,1.0,0.0,0.0,1.0,0.0,0.0,0.0,0.0,1.0,0.0,0.0,LONG
0.0008843951778790176,0.34738903394255877,0.0017632603041542543,0.010529612087524955,0.01295064753237662,0.941176470588232,1.0,0.0,0.0,0.0,0.0,1.0,1.0,0.0,0.0,0.0,0.0,0.0,1.0,0.0,MEDIUM
0.0008958018224776302,0.34627937336814624,0.0017860751324889675,0.01068618624496027,0.01295064753237662,0.941176470588232,1.0,0.0,0.0,0.0,0.0,1.0,1.0,0.0,0.0,0.0,0.0,0.0,1.0,0.0,MEDIUM
0.0008843951778790176,0.34738903394255877,0.0017632603041542543,0.010549183857204368,0.01295064753237662,0.970588235294116,1.0,0.0,0.0,0.0,0.0,1.0,1.0,0.0,0.0,0.0,0.0,0.0,1.0,0.0,MEDIUM
0.0024364592862634333,0.5385770234986946,0.004928002920298027,0.028907503816495088,0.013950697534876743,0.735294117647058,1.0,1.0,0.0,0.0,0.0,0.0,1.0,0.0,0.0,0.0,0.0,0.0,1.0,0.0,MEDIUM
0.0012615748926064416,0.5639033942558748,0.0025389644675344993,0.015187693271225586,0.04295214760738037,0.852941176470587,1.0,0.0,0.0,0.0,0.0,1.0,1.0,0.0,0.0,0.0,0.0,0.0,1.0,0.0,LONG
0.0009201359976213344,0.24125326370757183,0.0018642974010651266,0.01082318863271617,0.03135156757837892,0.882352941176471,1.0,0.0,0.0,1.0,0.0,0.0,0.0,1.0,0.0,0.0,0.0,0.0,1.0,0.0,MEDIUM
0.0007178581667392891,0.34732375979112273,0.001421037879133558,0.008435432731827612,0.01295064753237662,0.970588235294116,1.0,0.0,0.0,0.0,0.0,1.0,1.0,0.0,0.0,0.0,0.0,0.0,1.0,0.0,MEDIUM
0.10408411107638421,0.04255874673629243,0.11770169937878483,0.7065996007358986,0.06945347267363368,0.6764705882352899,1.0,0.0,1.0,0.0,0.0,0.0,0.0,1.0,0.0,0.0,0.0,1.0,0.0,0.0,SHORT
0.0019376086958174873,0.5737597911227155,0.0038948171228545916,0.023329549457861982,0.007350367518375919,0.970588235294116,1.0,0.0,0.0,0.0,1.0,0.0,1.0,0.0,0.0,0.0,0.0,0.0,1.0,0.0,MEDIUM
0.001970307743666841,0.5736945169712794,0.003960002346668058,0.02372098485145027,0.007350367518375919,0.941176470588232,1.0,0.0,0.0,0.0,1.0,0.0,1.0,0.0,0.0,0.0,0.0,0.0,1.0,0.0,MEDIUM
0.0008958018224776302,0.34634464751958227,0.0017893343936796408,0.01068618624496027,0.01295064753237662,0.941176470588232,1.0,0.0,0.0,0.0,0.0,1.0,1.0,0.0,0.0,0.0,0.0,0.0,1.0,0.0,MEDIUM
0.0009353448570861497,0.4569190600522194,0.0018708159234464732,0.011155908717266216,0.014450722536126805,1.0,1.0,0.0,0.0,0.0,0.0,1.0,1.0,0.0,0.0,0.0,0.0,0.0,1.0,0.0,MEDIUM
0.00033307402227945784,0.2806135770234987,0.0006192596262279267,0.0035033467726151802,0.014450722536126805,1.0,1.0,0.0,0.0,0.0,0.0,1.0,1.0,0.0,0.0,0.0,0.0,0.0,1.0,0.0,MEDIUM
0.00027375947036667805,0.6351827676240209,0.0004954077009823413,0.002740047755118018,0.00015000750037501875,0.882352941176471,0.5,0.0,0.0,0.0,0.0,1.0,0.0,1.0,0.0,0.0,0.0,0.0,1.0,0.0,SHORT
0.001963463756907674,0.5737597911227155,0.003946965301905365,0.02364269777273261,0.007350367518375919,0.941176470588232,1.0,0.0,0.0,0.0,1.0,0.0,1.0,0.0,0.0,0.0,0.0,0.0,1.0,0.0,MEDIUM
0.0008843951778790176,0.34738903394255877,0.0017632603041542543,0.010549183857204368,0.01295064753237662,0.970588235294116,1.0,0.0,0.0,0.0,0.0,1.0,1.0,0.0,0.0,0.0,0.0,0.0,1.0,0.0,MEDIUM
0.0008843951778790176,0.34738903394255877,0.0017632603041542543,0.010549183857204368,0.01295064753237662,0.970588235294116,1.0,0.0,0.0,0.0,0.0,1.0,1.0,0.0,0.0,0.0,0.0,0.0,1.0,0.0,MEDIUM
0.000292770544697697,0.3460835509138382,0.000534518835270421,0.0029944807609504054,0.01295064753237662,0.941176470588232,1.0,0.0,0.0,0.0,0.0,1.0,1.0,0.0,0.0,0.0,0.0,0.0,1.0,0.0,MEDIUM
0.000787058477304199,0.6347911227154047,0.0015644453715231831,0.009296590597721846,0.002050102505125256,1.0,0.5,0.0,0.0,1.0,0.0,0.0,0.0,1.0,0.0,0.0,0.0,0.0,1.0,0.0,SHORT
0.0008843951778790176,0.34738903394255877,0.0017632603041542543,0.010549183857204368,0.01295064753237662,0.970588235294116,1.0,0.0,0.0,0.0,0.0,1.0,1.0,0.0,0.0,0.0,0.0,0.0,1.0,0.0,MEDIUM
0.0008843951778790176,0.34738903394255877,0.001760001042963581,0.010549183857204368,0.01295064753237662,0.970588235294116,1.0,0.0,0.0,0.0,0.0,1.0,1.0,0.0,0.0,0.0,0.0,0.0,1.0,0.0,MEDIUM
0.10283166149945666,0.006788511749347259,0.11670110619324812,0.7000039143539359,0.15460773038651932,0.647058823529413,1.0,0.0,0.0,1.0,0.0,0.0,0.0,0.0,1.0,0.0,0.0,1.0,0.0,0.0,LONG
0.10283546371432285,0.0001305483028720627,0.11665873579776936,0.7002974908991272,0.32021601080054,0.794117647058826,1.0,0.0,0.0,1.0,0.0,0.0,1.0,0.0,0.0,0.0,0.0,1.0,0.0,0.0,LONG
0.00028364522901880816,0.3460835509138382,0.0005084447457450346,0.002916193682232748,0.01295064753237662,0.941176470588232,1.0,0.0,0.0,0.0,0.0,1.0,1.0,0.0,0.0,0.0,0.0,0.0,1.0,0.0,MEDIUM
0.0009148128968086491,0.2807441253263708,0.001825186266777047,0.010921047481113243,0.014450722536126805,1.0,1.0,0.0,0.0,0.0,0.0,1.0,1.0,0.0,0.0,0.0,0.0,0.0,1.0,0.0,MEDIUM
0.0008958018224776302,0.34627937336814624,0.0017860751324889675,0.01068618624496027,0.01295064753237662,0.941176470588232,1.0,0.0,0.0,0.0,0.0,1.0,1.0,0.0,0.0,0.0,0.0,0.0,1.0,0.0,MEDIUM
0.0008874369497719817,0.28067885117493474,0.0017762973489169477,0.010529612087524955,0.01295064753237662,0.970588235294116,1.0,0.0,0.0,0.0,0.0,1.0,1.0,0.0,0.0,0.0,0.0,0.0,1.0,0.0,MEDIUM
0.0009148128968086491,0.2807441253263708,0.001825186266777047,0.010921047481113243,0.014450722536126805,1.0,1.0,0.0,0.0,0.0,0.0,1.0,1.0,0.0,0.0,0.0,0.0,0.0,1.0,0.0,MEDIUM
0.00033079269335973584,0.34712793733681463,0.0006160003650372534,0.0034837750029357655,0.01295064753237662,0.970588235294116,1.0,0.0,0.0,0.0,0.0,1.0,1.0,0.0,0.0,0.0,0.0,0.0,1.0,0.0,MEDIUM
0.0008958018224776302,0.34627937336814624,0.0017860751324889675,0.01068618624496027,0.01295064753237662,0.970588235294116,1.0,0.0,0.0,0.0,0.0,1.0,1.0,0.0,0.0,0.0,0.0,0.0,1.0,0.0,MEDIUM
0.0008843951778790176,0.34738903394255877,0.0017632603041542543,0.010549183857204368,0.01295064753237662,0.970588235294116,1.0,0.0,0.0,0.0,0.0,1.0,1.0,0.0,0.0,0.0,0.0,0.0,1.0,0.0,MEDIUM
0.0008843951778790176,0.34738903394255877,0.0017632603041542543,0.010549183857204368,0.01295064753237662,0.970588235294116,1.0,0.0,0.0,0.0,0.0,1.0,1.0,0.0,0.0,0.0,0.0,0.0,1.0,0.0,MEDIUM
0.0010098682684637457,0.6389033942558747,0.0032201500563852187,0.005245234274083063,0.8999949997499875,0.705882352941174,1.0,0.0,0.0,0.0,0.0,1.0,0.0,1.0,0.0,0.0,0.0,0.0,1.0,0.0,MEDIUM
0.0008843951778790176,0.34738903394255877,0.0017632603041542543,0.010549183857204368,0.01295064753237662,0.970588235294116,1.0,0.0,0.0,0.0,0.0,1.0,1.0,0.0,0.0,0.0,0.0,0.0,1.0,0.0,MEDIUM
0.0009148128968086491,0.28067885117493474,0.001825186266777047,0.010921047481113243,0.014450722536126805,1.0,1.0,0.0,0.0,0.0,0.0,1.0,1.0,0.0,0.0,0.0,0.0,0.0,1.0,0.0,MEDIUM
0.0009353448570861497,0.4569190600522194,0.0018708159234464732,0.011155908717266216,0.014450722536126805,1.0,1.0,0.0,0.0,0.0,0.0,1.0,1.0,0.0,0.0,0.0,0.0,0.0,1.0,0.0,MEDIUM
0.10283622415729611,0.001566579634464752,0.11668480988729475,0.7001604885113712,0.2249612480624031,0.529411764705884,1.0,0.0,0.0,1.0,0.0,0.0,1.0,0.0,0.0,0.0,0.0,1.0,0.0,0.0,LONG
0.0009353448570861497,0.4569190600522194,0.0018708159234464732,0.011155908717266216,0.014450722536126805,1.0,1.0,0.0,0.0,0.0,0.0,1.0,1.0,0.0,0.0,0.0,0.0,0.0,1.0,0.0,MEDIUM
0.04822653291995653,0.3589425587467363,0.06702018786381503,0.38757975496144365,0.11080554027701385,0.41176470588235503,1.0,0.0,0.0,0.0,0.0,1.0,0.0,0.0,1.0,0.0,0.0,0.0,0.0,1.0,LONG
0.0008843951778790176,0.34738903394255877,0.0017632603041542543,0.010549183857204368,0.01295064753237662,0.970588235294116,1.0,0.0,0.0,0.0,0.0,1.0,1.0,0.0,0.0,0.0,0.0,0.0,1.0,0.0,MEDIUM
0.0019109931917540603,0.5739556135770236,0.0038426689438038186,0.02301640114299135,0.007350367518375919,0.970588235294116,0.5,0.0,0.0,0.0,1.0,0.0,1.0,0.0,0.0,0.0,0.0,0.0,1.0,0.0,MEDIUM
0.0019505362263625807,0.5738250652741514,0.003920891212379978,0.02350569538497671,0.007350367518375919,0.941176470588232,1.0,0.0,0.0,0.0,1.0,0.0,1.0,0.0,0.0,0.0,0.0,0.0,1.0,0.0,MEDIUM
0.10283546371432285,0.0001305483028720627,0.11666525432015071,0.7002583473597683,0.3537176858842942,0.852941176470587,1.0,0.0,0.0,1.0,0.0,0.0,1.0,0.0,0.0,0.0,0.0,1.0,0.0,0.0,LONG
0.0009475119446580018,0.32630548302872064,0.0019034085353532063,0.011273339335342702,0.004950247512375619,0.970588235294116,0.5,0.0,1.0,0.0,0.0,0.0,0.0,0.0,1.0,0.0,0.0,0.0,1.0,0.0,MEDIUM
0.0008843951778790176,0.34738903394255877,0.0017632603041542543,0.010549183857204368,0.01295064753237662,0.970588235294116,1.0,0.0,0.0,0.0,0.0,1.0,1.0,0.0,0.0,0.0,0.0,0.0,1.0,0.0,MEDIUM
0.0002851661149652898,0.34732375979112273,0.000501926223363688,0.0029944807609504054,0.01295064753237662,0.970588235294116,1.0,0.0,0.0,0.0,0.0,1.0,1.0,0.0,0.0,0.0,0.0,0.0,1.0,0.0,MEDIUM
0.0003110211760554765,0.34614882506527417,0.0005703707083678272,0.0032489137667827926,0.01295064753237662,0.941176470588232,1.0,0.0,0.0,0.0,0.0,1.0,1.0,0.0,0.0,0.0,0.0,0.0,1.0,0.0,MEDIUM
0.0002775616852328817,0.34634464751958227,0.0005540744024144607,0.002505186518965045,0.01295064753237662,0.941176470588232,1.0,0.0,0.0,0.0,0.0,1.0,1.0,0.0,0.0,0.0,0.0,0.0,1.0,0.0,MEDIUM
0.00038554458743307075,0.6352480417754569,0.0007365930290921654,0.00416878694171527,5.000250012500625e-05,0.970588235294116,0.0,0.0,0.0,0.0,0.0,1.0,1.0,0.0,0.0,0.0,0.0,0.0,1.0,0.0,SHORT
0.10283546371432285,6.527415143603134e-05,0.11667503210372274,0.7001996320507301,0.27366368318415923,0.705882352941174,1.0,0.0,0.0,1.0,0.0,0.0,1.0,0.0,0.0,0.0,0.0,1.0,0.0,0.0,LONG
0.0008843951778790176,0.34738903394255877,0.0017632603041542543,0.010549183857204368,0.01295064753237662,0.970588235294116,1.0,0.0,0.0,0.0,0.0,1.0,1.0,0.0,0.0,0.0,0.0,0.0,1.0,0.0,MEDIUM
0.00029885408848362265,0.6347258485639686,0.0005540744024144607,0.003033624300309234,0.00015000750037501875,0.882352941176471,0.0,0.0,0.0,0.0,0.0,1.0,0.0,1.0,0.0,0.0,0.0,0.0,1.0,0.0,SHORT
0.0002783221282061229,0.6354438642297651,0.0005410373576517675,0.0025834735976827026,5.000250012500625e-05,0.970588235294116,0.0,0.0,0.0,0.0,0.0,1.0,1.0,0.0,0.0,0.0,0.0,0.0,1.0,0.0,SHORT
0.001963463756907674,0.5737597911227155,0.003946965301905365,0.023662269542412025,0.007350367518375919,1.0,1.0,0.0,0.0,0.0,1.0,0.0,1.0,0.0,0.0,0.0,0.0,0.0,1.0,0.0,MEDIUM
0.0008843951778790176,0.34738903394255877,0.0017632603041542543,0.010549183857204368,0.01295064753237662,0.941176470588232,1.0,0.0,0.0,0.0,0.0,1.0,1.0,0.0,0.0,0.0,0.0,0.0,1.0,0.0,MEDIUM
0.0008646236605747582,0.34732375979112273,0.0017241491698661749,0.010275179081692567,0.01295064753237662,0.970588235294116,1.0,0.0,0.0,0.0,0.0,1.0,1.0,0.0,0.0,0.0,0.0,0.0,1.0,0.0,MEDIUM
0.0008843951778790176,0.34738903394255877,0.0017632603041542543,0.010549183857204368,0.01295064753237662,0.970588235294116,1.0,0.0,0.0,0.0,0.0,1.0,1.0,0.0,0.0,0.0,0.0,0.0,1.0,0.0,MEDIUM
0.0008843951778790176,0.34738903394255877,0.0017632603041542543,0.010549183857204368,0.01295064753237662,0.941176470588232,1.0,0.0,0.0,0.0,0.0,1.0,1.0,0.0,0.0,0.0,0.0,0.0,1.0,0.0,MEDIUM
0.10283318238540314,0.0001305483028720627,0.11667177284253206,0.7001996320507301,0.3069653482674134,0.823529411764703,1.0,0.0,0.0,1.0,0.0,0.0,1.0,0.0,0.0,0.0,0.0,1.0,0.0,0.0,LONG
0.0008843951778790176,0.34738903394255877,0.0017632603041542543,0.010549183857204368,0.01295064753237662,0.970588235294116,1.0,0.0,0.0,0.0,0.0,1.0,1.0,0.0,0.0,0.0,0.0,0.0,1.0,0.0,MEDIUM
0.0009353448570861497,0.4569190600522194,0.0018708159234464732,0.011155908717266216,0.014450722536126805,1.0,1.0,0.0,0.0,0.0,0.0,1.0,1.0,0.0,0.0,0.0,0.0,0.0,1.0,0.0,MEDIUM
0.036218377929511505,0.20469973890339427,0.10374880222151243,0.008357145653109955,0.01745087254362718,0.794117647058826,1.0,0.0,0.0,1.0,0.0,0.0,0.0,0.0,0.0,1.0,1.0,0.0,0.0,0.0,SHORT
0.0008843951778790176,0.34738903394255877,0.0017632603041542543,0.010529612087524955,0.01295064753237662,0.970588235294116,1.0,0.0,0.0,0.0,0.0,1.0,1.0,0.0,0.0,0.0,0.0,0.0,1.0,0.0,MEDIUM
0.0013406609618234807,0.6445169712793734,0.0027019275270681645,0.016146709985516892,0.11465573278663933,0.823529411764703,1.0,0.0,0.0,0.0,0.0,1.0,0.0,1.0,0.0,0.0,0.0,0.0,1.0,0.0,MEDIUM
0.0008843951778790176,0.34738903394255877,0.0017632603041542543,0.010549183857204368,0.01295064753237662,0.970588235294116,1.0,0.0,0.0,0.0,0.0,1.0,1.0,0.0,0.0,0.0,0.0,0.0,1.0,0.0,MEDIUM
0.0019376086958174873,0.5737597911227155,0.0038948171228545916,0.023329549457861982,0.007350367518375919,0.970588235294116,1.0,0.0,0.0,0.0,1.0,0.0,1.0,0.0,0.0,0.0,0.0,0.0,1.0,0.0,MEDIUM
0.0019376086958174873,0.5737597911227155,0.0038948171228545916,0.023329549457861982,0.007350367518375919,0.970588235294116,1.0,0.0,0.0,0.0,1.0,0.0,1.0,0.0,0.0,0.0,0.0,0.0,1.0,0.0,MEDIUM
0.0008843951778790176,0.34738903394255877,0.0017632603041542543,0.010549183857204368,0.01295064753237662,0.970588235294116,1.0,0.0,0.0,0.0,0.0,1.0,1.0,0.0,0.0,0.0,0.0,0.0,1.0,0.0,MEDIUM
0.0008958018224776302,0.34634464751958227,0.0017860751324889675,0.01068618624496027,0.01295064753237662,0.941176470588232,1.0,0.0,0.0,0.0,0.0,1.0,1.0,0.0,0.0,0.0,0.0,0.0,1.0,0.0,MEDIUM
0.0008958018224776302,0.34627937336814624,0.0017860751324889675,0.01068618624496027,0.01295064753237662,0.911764705882355,1.0,0.0,0.0,0.0,0.0,1.0,1.0,0.0,0.0,0.0,0.0,0.0,1.0,0.0,MEDIUM
0.0008843951778790176,0.34738903394255877,0.0017632603041542543,0.010549183857204368,0.01295064753237662,0.970588235294116,1.0,0.0,0.0,0.0,0.0,1.0,1.0,0.0,0.0,0.0,0.0,0.0,1.0,0.0,MEDIUM
0.001963463756907674,0.5737597911227155,0.003946965301905365,0.02364269777273261,0.007350367518375919,0.941176470588232,1.0,0.0,0.0,0.0,1.0,0.0,1.0,0.0,0.0,0.0,0.0,0.0,1.0,0.0,MEDIUM
0.0008843951778790176,0.34738903394255877,0.0017632603041542543,0.010549183857204368,0.01295064753237662,0.970588235294116,1.0,0.0,0.0,0.0,0.0,1.0,1.0,0.0,0.0,0.0,0.0,0.0,1.0,0.0,MEDIUM
0.0006372512115757666,0.6356396866840731,0.0012613340807905665,0.007378557169139234,0.00025001250062503126,1.0,0.5,0.0,0.0,0.0,0.0,1.0,0.0,1.0,0.0,0.0,0.0,0.0,1.0,0.0,SHORT
0.00033079269335973584,0.34614882506527417,0.0006029633202745602,0.003562062081653423,0.01295064753237662,0.941176470588232,1.0,0.0,0.0,0.0,0.0,1.0,1.0,0.0,0.0,0.0,0.0,0.0,1.0,0.0,MEDIUM
0.0006661480445589157,0.34732375979112273,0.001320000782222686,0.007750420793048108,0.01295064753237662,0.941176470588232,1.0,0.0,0.0,0.0,0.0,1.0,1.0,0.0,0.0,0.0,0.0,0.0,1.0,0.0,MEDIUM
0.10283318238540314,6.527415143603134e-05,0.11666525432015071,0.7002387755900888,0.1449572478623931,0.6764705882352899,1.0,0.0,0.0,1.0,0.0,0.0,1.0,0.0,0.0,0.0,0.0,1.0,0.0,0.0,LONG
0.0008843951778790176,0.34738903394255877,0.0017632603041542543,0.010549183857204368,0.01295064753237662,0.970588235294116,1.0,0.0,0.0,0.0,0.0,1.0,1.0,0.0,0.0,0.0,0.0,0.0,1.0,0.0,MEDIUM
0.0002798430141526037,0.3460835509138382,0.0005084447457450346,0.0028183348338356755,0.01295064753237662,0.941176470588232,1.0,0.0,0.0,0.0,0.0,1.0,1.0,0.0,0.0,0.0,0.0,0.0,1.0,0.0,MEDIUM
0.0008958018224776302,0.34627937336814624,0.0017860751324889675,0.01068618624496027,0.01295064753237662,0.941176470588232,1.0,0.0,0.0,0.0,0.0,1.0,1.0,0.0,0.0,0.0,0.0,0.0,1.0,0.0,MEDIUM
0.10280960865323267,0.3542428198433421,0.11729103246875999,0.6962461345754883,0.20996049802490122,0.617647058823529,1.0,0.0,1.0,0.0,0.0,0.0,0.0,0.0,1.0,0.0,0.0,1.0,0.0,0.0,LONG
0.0009148128968086491,0.28067885117493474,0.001825186266777047,0.010921047481113243,0.014450722536126805,1.0,1.0,0.0,0.0,0.0,0.0,1.0,1.0,0.0,0.0,0.0,0.0,0.0,1.0,0.0,MEDIUM
0.0008843951778790176,0.34738903394255877,0.0017632603041542543,0.010549183857204368,0.01295064753237662,0.970588235294116,1.0,0.0,0.0,0.0,0.0,1.0,1.0,0.0,0.0,0.0,0.0,0.0,1.0,0.0,MEDIUM
0.0008843951778790176,0.34738903394255877,0.0017632603041542543,0.010549183857204368,0.01295064753237662,0.970588235294116,1.0,0.0,0.0,0.0,0.0,1.0,1.0,0.0,0.0,0.0,0.0,0.0,1.0,0.0,MEDIUM
0.0009208964405945756,0.637402088772846,0.0018382233115397403,0.0109993345598309,0.01295064753237662,0.970588235294116,1.0,0.0,0.0,0.0,0.0,1.0,1.0,0.0,0.0,0.0,0.0,0.0,1.0,0.0,MEDIUM
0.0009353448570861497,0.4569190600522194,0.0018708159234464732,0.011155908717266216,0.014450722536126805,1.0,1.0,0.0,0.0,0.0,0.0,1.0,1.0,0.0,0.0,0.0,0.0,0.0,1.0,0.0,MEDIUM
0.0008958018224776302,0.34634464751958227,0.0017860751324889675,0.01068618624496027,0.01295064753237662,0.941176470588232,1.0,0.0,0.0,0.0,0.0,1.0,1.0,0.0,0.0,0.0,0.0,0.0,1.0,0.0,MEDIUM
0.0009148128968086491,0.28067885117493474,0.001825186266777047,0.010921047481113243,0.014450722536126805,1.0,1.0,0.0,0.0,0.0,0.0,1.0,1.0,0.0,0.0,0.0,0.0,0.0,1.0,0.0,MEDIUM
0.0008958018224776302,0.34627937336814624,0.0017893343936796408,0.010666614475280856,0.01295064753237662,0.941176470588232,1.0,0.0,0.0,0.0,0.0,1.0,1.0,0.0,0.0,0.0,0.0,0.0,1.0,0.0,MEDIUM
0.1028377450432426,0.05313315926892951,0.1167043654544388,0.7000430578932948,0.1387069353467673,0.32352941176470296,1.0,0.0,0.0,0.0,0.0,1.0,1.0,0.0,0.0,0.0,0.0,1.0,0.0,0.0,LONG
0.0008843951778790176,0.34738903394255877,0.0017632603041542543,0.010549183857204368,0.01295064753237662,0.941176470588232,1.0,0.0,0.0,0.0,0.0,1.0,1.0,0.0,0.0,0.0,0.0,0.0,1.0,0.0,MEDIUM
0.0008843951778790176,0.34738903394255877,0.0017632603041542543,0.010549183857204368,0.01295064753237662,0.941176470588232,1.0,0.0,0.0,0.0,0.0,1.0,1.0,0.0,0.0,0.0,0.0,0.0,1.0,0.0,MEDIUM
0.0006874404478096575,0.5234334203655353,0.001844741833921087,0.0051278036560065765,0.004600230011500575,0.705882352941174,0.5,0.0,0.0,1.0,0.0,0.0,0.0,0.0,0.0,1.0,0.0,0.0,1.0,0.0,SHORT
0.0010646201625370815,0.5653394255874674,0.0021348160798910104,0.012760793830978197,0.04295214760738037,0.882352941176471,1.0,0.0,0.0,0.0,0.0,1.0,1.0,0.0,0.0,0.0,0.0,0.0,1.0,0.0,LONG
0.0002593110538751031,0.34614882506527417,0.0004954077009823413,0.002368184131209144,0.01295064753237662,0.911764705882355,1.0,0.0,0.0,0.0,0.0,1.0,1.0,0.0,0.0,0.0,0.0,0.0,1.0,0.0,MEDIUM
0.0008958018224776302,0.34627937336814624,0.0017860751324889675,0.01068618624496027,0.01295064753237662,0.941176470588232,1.0,0.0,0.0,0.0,0.0,1.0,1.0,0.0,0.0,0.0,0.0,0.0,1.0,0.0,MEDIUM
0.0008958018224776302,0.34627937336814624,0.0017860751324889675,0.01068618624496027,0.01295064753237662,0.941176470588232,1.0,0.0,0.0,0.0,0.0,1.0,1.0,0.0,0.0,0.0,0.0,0.0,1.0,0.0,MEDIUM
0.00027604079928640005,0.3462140992167102,0.00048562991741032144,0.0028574783731945045,0.01295064753237662,0.911764705882355,1.0,0.0,0.0,0.0,0.0,1.0,1.0,0.0,0.0,0.0,0.0,0.0,1.0,0.0,MEDIUM
0.0008843951778790176,0.34738903394255877,0.0017632603041542543,0.010549183857204368,0.01295064753237662,0.970588235294116,1.0,0.0,0.0,0.0,0.0,1.0,1.0,0.0,0.0,0.0,0.0,0.0,1.0,0.0,MEDIUM
0.10283470327134961,0.0001305483028720627,0.11666525432015071,0.7002583473597683,0.14995749787489374,0.735294117647058,1.0,0.0,0.0,1.0,0.0,0.0,1.0,0.0,0.0,0.0,0.0,1.0,0.0,0.0,LONG
0.000558925585331967,0.3462140992167102,0.0011016302824475748,0.006380396915489099,0.01295064753237662,0.941176470588232,1.0,0.0,0.0,0.0,0.0,1.0,1.0,0.0,0.0,0.0,0.0,0.0,1.0,0.0,MEDIUM
0.0008843951778790176,0.34738903394255877,0.001760001042963581,0.010549183857204368,0.01295064753237662,0.941176470588232,1.0,0.0,0.0,0.0,0.0,1.0,1.0,0.0,0.0,0.0,0.0,0.0,1.0,0.0,MEDIUM
0.0019505362263625807,0.5738250652741514,0.003920891212379978,0.023486123615297297,0.007350367518375919,1.0,0.5,0.0,0.0,0.0,1.0,0.0,1.0,0.0,0.0,0.0,0.0,0.0,1.0,0.0,MEDIUM
0.0008843951778790176,0.34738903394255877,0.0017632603041542543,0.010549183857204368,0.01295064753237662,0.970588235294116,1.0,0.0,0.0,0.0,0.0,1.0,1.0,0.0,0.0,0.0,0.0,0.0,1.0,0.0,MEDIUM
0.0008843951778790176,0.34738903394255877,0.0017632603041542543,0.010549183857204368,0.01295064753237662,0.970588235294116,1.0,0.0,0.0,0.0,0.0,1.0,1.0,0.0,0.0,0.0,0.0,0.0,1.0,0.0,MEDIUM
0.0008958018224776302,0.34634464751958227,0.0017860751324889675,0.01068618624496027,0.01295064753237662,0.941176470588232,1.0,0.0,0.0,0.0,0.0,1.0,1.0,0.0,0.0,0.0,0.0,0.0,1.0,0.0,MEDIUM
0.0019376086958174873,0.5737597911227155,0.0038980763840452647,0.023329549457861982,0.007350367518375919,0.941176470588232,1.0,0.0,0.0,0.0,1.0,0.0,1.0,0.0,0.0,0.0,0.0,0.0,1.0,0.0,MEDIUM
0.001963463756907674,0.5737597911227155,0.003946965301905365,0.02364269777273261,0.007350367518375919,0.941176470588232,1.0,0.0,0.0,0.0,1.0,0.0,1.0,0.0,0.0,0.0,0.0,0.0,1.0,0.0,MEDIUM
0.0019832352742119343,0.5736292428198434,0.003989335697384118,0.023877559008885586,0.007350367518375919,0.911764705882355,1.0,0.0,0.0,0.0,1.0,0.0,1.0,0.0,0.0,0.0,0.0,0.0,1.0,0.0,MEDIUM
0.0012615748926064416,0.5639033942558748,0.0025389644675344993,0.015207265040905,0.04295214760738037,0.823529411764703,1.0,0.0,0.0,0.0,0.0,1.0,1.0,0.0,0.0,0.0,0.0,0.0,1.0,0.0,LONG
0.0009140524538354079,0.28067885117493474,0.001825186266777047,0.010901475711433828,0.014450722536126805,1.0,1.0,0.0,0.0,0.0,0.0,1.0,1.0,0.0,0.0,0.0,0.0,0.0,1.0,0.0,MEDIUM
0.10351149751753391,0.029830287206266324,0.11722258798375584,0.7037225505930247,0.112055602780139,0.617647058823529,1.0,0.0,0.0,0.0,1.0,0.0,1.0,0.0,0.0,0.0,0.0,1.0,0.0,0.0,LONG
0.0008958018224776302,0.34627937336814624,0.0017860751324889675,0.01068618624496027,0.01295064753237662,0.941176470588232,1.0,0.0,0.0,0.0,0.0,1.0,1.0,0.0,0.0,0.0,0.0,0.0,1.0,0.0,MEDIUM
0.0008843951778790176,0.34738903394255877,0.0017632603041542543,0.010529612087524955,0.01295064753237662,0.970588235294116,1.0,0.0,0.0,0.0,0.0,1.0,1.0,0.0,0.0,0.0,0.0,0.0,1.0,0.0,MEDIUM
0.0008843951778790176,0.34738903394255877,0.001760001042963581,0.010549183857204368,0.01295064753237662,0.970588235294116,1.0,0.0,0.0,0.0,0.0,1.0,1.0,0.0,0.0,0.0,0.0,0.0,1.0,0.0,MEDIUM
0.00029657275956390065,0.3462140992167102,0.0005312595740797477,0.0030923396093474774,0.01295064753237662,0.941176470588232,1.0,0.0,0.0,0.0,0.0,1.0,1.0,0.0,0.0,0.0,0.0,0.0,1.0,0.0,MEDIUM
0.0007748913897323469,0.34719321148825066,0.0015383712819977968,0.009159588209965945,0.01295064753237662,0.970588235294116,1.0,0.0,0.0,0.0,0.0,1.0,1.0,0.0,0.0,0.0,0.0,0.0,1.0,0.0,MEDIUM
0.0007916211351436438,0.6004569190600523,0.0015807416774765498,0.009335734137080675,0.07570378518925946,0.852941176470587,1.0,0.0,0.0,0.0,0.0,1.0,0.0,1.0,0.0,0.0,0.0,0.0,1.0,0.0,SHORT
0.0008843951778790176,0.34738903394255877,0.0017632603041542543,0.010549183857204368,0.01295064753237662,0.970588235294116,1.0,0.0,0.0,0.0,0.0,1.0,1.0,0.0,0.0,0.0,0.0,0.0,1.0,0.0,MEDIUM
0.0004593075558374255,0.34627937336814624,0.0008897783050538105,0.005108231886327162,0.01295064753237662,0.941176470588232,1.0,0.0,0.0,0.0,0.0,1.0,1.0,0.0,0.0,0.0,0.0,0.0,1.0,0.0,MEDIUM
0.0002996145314568639,0.6354438642297651,0.000557333663605134,0.003033624300309234,0.00025001250062503126,0.970588235294116,0.0,0.0,0.0,0.0,0.0,1.0,0.0,1.0,0.0,0.0,0.0,0.0,1.0,0.0,SHORT
0.0008958018224776302,0.34634464751958227,0.0017860751324889675,0.01068618624496027,0.01295064753237662,0.941176470588232,1.0,0.0,0.0,0.0,0.0,1.0,1.0,0.0,0.0,0.0,0.0,0.0,1.0,0.0,MEDIUM
0.0008015068937957731,0.6362271540469975,0.0016002972446205895,0.009433592985477747,0.004700235011750587,0.823529411764703,0.5,0.0,1.0,0.0,0.0,0.0,0.0,1.0,0.0,0.0,0.0,0.0,1.0,0.0,SHORT
0.0008843951778790176,0.34738903394255877,0.0017632603041542543,0.010549183857204368,0.01295064753237662,0.970588235294116,1.0,0.0,0.0,0.0,0.0,1.0,1.0,0.0,0.0,0.0,0.0,0.0,1.0,0.0,MEDIUM
0.0009148128968086491,0.2807441253263708,0.001825186266777047,0.010921047481113243,0.014450722536126805,1.0,1.0,0.0,0.0,0.0,0.0,1.0,1.0,0.0,0.0,0.0,0.0,0.0,1.0,0.0,MEDIUM
0.0008843951778790176,0.34738903394255877,0.0017632603041542543,0.010549183857204368,0.01295064753237662,0.941176470588232,1.0,0.0,0.0,0.0,0.0,1.0,1.0,0.0,0.0,0.0,0.0,0.0,1.0,0.0,MEDIUM
0.0008958018224776302,0.34627937336814624,0.0017860751324889675,0.01068618624496027,0.01295064753237662,0.911764705882355,1.0,0.0,0.0,0.0,0.0,1.0,1.0,0.0,0.0,0.0,0.0,0.0,1.0,0.0,MEDIUM
0.0008843951778790176,0.34738903394255877,0.0017632603041542543,0.010549183857204368,0.01295064753237662,0.970588235294116,1.0,0.0,0.0,0.0,0.0,1.0,1.0,0.0,0.0,0.0,0.0,0.0,1.0,0.0,MEDIUM
0.0009208964405945756,0.637402088772846,0.0018382233115397403,0.0109993345598309,0.01295064753237662,0.970588235294116,1.0,0.0,0.0,0.0,0.0,1.0,1.0,0.0,0.0,0.0,0.0,0.0,1.0,0.0,MEDIUM
0.0008843951778790176,0.34738903394255877,0.0017632603041542543,0.010549183857204368,0.01295064753237662,0.970588235294116,1.0,0.0,0.0,0.0,0.0,1.0,1.0,0.0,0.0,0.0,0.0,0.0,1.0,0.0,MEDIUM
0.0009345844141129085,0.637467362924282,0.001900149274162533,0.010979762790151486,0.01295064753237662,0.970588235294116,1.0,0.0,0.0,0.0,0.0,1.0,1.0,0.0,0.0,0.0,0.0,0.0,1.0,0.0,MEDIUM
0.0021756273464418486,0.43107049608355097,0.004380447040264913,0.026069597212979998,0.027601380069003447,0.794117647058826,1.0,0.0,0.0,0.0,0.0,1.0,0.0,1.0,0.0,0.0,0.0,0.0,1.0,0.0,MEDIUM
0.0008843951778790176,0.34738903394255877,0.0017632603041542543,0.010549183857204368,0.01295064753237662,0.970588235294116,1.0,0.0,0.0,0.0,0.0,1.0,1.0,0.0,0.0,0.0,0.0,0.0,1.0,0.0,MEDIUM
0.00028364522901880816,0.34725848563968675,0.000501926223363688,0.0029749089912709907,0.01295064753237662,0.970588235294116,1.0,0.0,0.0,0.0,0.0,1.0,1.0,0.0,0.0,0.0,0.0,0.0,1.0,0.0,MEDIUM
0.0008958018224776302,0.34634464751958227,0.0017893343936796408,0.010666614475280856,0.01295064753237662,0.941176470588232,1.0,0.0,0.0,0.0,0.0,1.0,1.0,0.0,0.0,0.0,0.0,0.0,1.0,0.0,MEDIUM
0.0008843951778790176,0.34738903394255877,0.0017632603041542543,0.010529612087524955,0.01295064753237662,0.970588235294116,1.0,0.0,0.0,0.0,0.0,1.0,1.0,0.0,0.0,0.0,0.0,0.0,1.0,0.0,MEDIUM
0.0009148128968086491,0.28067885117493474,0.001825186266777047,0.010921047481113243,0.014450722536126805,1.0,1.0,0.0,0.0,0.0,0.0,1.0,1.0,0.0,0.0,0.0,0.0,0.0,1.0,0.0,MEDIUM
0.0003056980752427904,0.6356396866840731,0.000557333663605134,0.0031901984577445493,0.00025001250062503126,1.0,0.5,0.0,0.0,0.0,0.0,1.0,0.0,1.0,0.0,0.0,0.0,0.0,1.0,0.0,SHORT
0.0009802109925073554,0.6392950391644909,0.003089779608758287,0.0050495165772889185,0.8999949997499875,0.647058823529413,1.0,0.0,0.0,0.0,0.0,1.0,0.0,1.0,0.0,0.0,0.0,0.0,1.0,0.0,MEDIUM
0.00030493763226954913,0.34614882506527417,0.0005475558800331141,0.0032293419971033783,0.01295064753237662,0.941176470588232,1.0,0.0,0.0,0.0,0.0,1.0,1.0,0.0,0.0,0.0,0.0,0.0,1.0,0.0,MEDIUM
0.0012615748926064416,0.5639033942558748,0.0025389644675344993,0.015187693271225586,0.04295214760738037,0.852941176470587,1.0,0.0,0.0,0.0,0.0,1.0,1.0,0.0,0.0,0.0,0.0,0.0,1.0,0.0,LONG
0.0008958018224776302,0.34627937336814624,0.0017860751324889675,0.01068618624496027,0.01295064753237662,0.941176470588232,1.0,0.0,0.0,0.0,0.0,1.0,1.0,0.0,0.0,0.0,0.0,0.0,1.0,0.0,MEDIUM
0.0008843951778790176,0.34738903394255877,0.0017632603041542543,0.010549183857204368,0.01295064753237662,0.970588235294116,1.0,0.0,0.0,0.0,0.0,1.0,1.0,0.0,0.0,0.0,0.0,0.0,1.0,0.0,MEDIUM
0.0009208964405945756,0.637402088772846,0.001844741833921087,0.010979762790151486,0.01295064753237662,0.970588235294116,1.0,0.0,0.0,0.0,0.0,1.0,1.0,0.0,0.0,0.0,0.0,0.0,1.0,0.0,MEDIUM
0.00026387371171454795,0.6407310704960836,0.00048562991741032144,0.002544330058323874,0.20996049802490122,0.588235294117645,1.0,0.0,0.0,1.0,0.0,0.0,0.0,1.0,0.0,0.0,0.0,0.0,1.0,0.0,MEDIUM
0.0009148128968086491,0.28067885117493474,0.001825186266777047,0.010921047481113243,0.01295064753237662,0.970588235294116,1.0,0.0,0.0,0.0,0.0,1.0,1.0,0.0,0.0,0.0,0.0,0.0,1.0,0.0,MEDIUM
0.0008958018224776302,0.34738903394255877,0.0017860751324889675,0.01068618624496027,0.079953997699885,0.647058823529413,1.0,0.0,0.0,1.0,0.0,0.0,0.0,1.0,0.0,0.0,0.0,0.0,1.0,0.0,MEDIUM
0.04822425159103681,0.35691906005221935,0.06667796543879434,0.3895956472384233,0.10295514775738787,0.5,1.0,0.0,0.0,0.0,0.0,1.0,0.0,0.0,1.0,0.0,0.0,0.0,0.0,1.0,LONG
0.00030493763226954913,0.635313315926893,0.0005703707083678272,0.0030923396093474774,0.00015000750037501875,0.911764705882355,0.5,0.0,0.0,0.0,0.0,1.0,0.0,1.0,0.0,0.0,0.0,0.0,1.0,0.0,SHORT
0.10283470327134961,6.527415143603134e-05,0.11664895801419735,0.7003366344384859,0.2999649982499125,0.823529411764703,1.0,0.0,0.0,1.0,0.0,0.0,1.0,0.0,0.0,0.0,0.0,1.0,0.0,0.0,LONG
0.10283394282837638,0.000587467362924282,0.11667829136491341,0.7001604885113712,0.16780839041952095,0.911764705882355,1.0,0.0,0.0,1.0,0.0,0.0,1.0,0.0,0.0,0.0,0.0,1.0,0.0,0.0,LONG
0.0019832352742119343,0.5736292428198434,0.003986076436193444,0.023877559008885586,0.007350367518375919,0.911764705882355,1.0,0.0,0.0,0.0,1.0,0.0,1.0,0.0,0.0,0.0,0.0,0.0,1.0,0.0,MEDIUM
0.0008843951778790176,0.34738903394255877,0.0017632603041542543,0.010549183857204368,0.01295064753237662,0.970588235294116,1.0,0.0,0.0,0.0,0.0,1.0,1.0,0.0,0.0,0.0,0.0,0.0,1.0,0.0,MEDIUM
0.0008843951778790176,0.34738903394255877,0.0017632603041542543,0.010549183857204368,0.01295064753237662,0.970588235294116,1.0,0.0,0.0,0.0,0.0,1.0,1.0,0.0,0.0,0.0,0.0,0.0,1.0,0.0,MEDIUM
0.0002631132687413067,0.34614882506527417,0.00046607435026628166,0.002642188906720946,0.01295064753237662,0.941176470588232,1.0,0.0,0.0,0.0,0.0,1.0,1.0,0.0,0.0,0.0,0.0,0.0,1.0,0.0,MEDIUM
0.0019307647090583205,0.5738250652741514,0.0038850393392825715,0.023251262379144322,0.007350367518375919,0.941176470588232,1.0,0.0,0.0,0.0,1.0,0.0,1.0,0.0,0.0,0.0,0.0,0.0,1.0,0.0,MEDIUM
0.0008958018224776302,0.34627937336814624,0.0017860751324889675,0.01068618624496027,0.01295064753237662,0.941176470588232,1.0,0.0,0.0,0.0,0.0,1.0,1.0,0.0,0.0,0.0,0.0,0.0,1.0,0.0,MEDIUM
0.0009353448570861497,0.4568537859007833,0.0018740751846371465,0.0111363369475868,0.014450722536126805,1.0,1.0,0.0,0.0,0.0,0.0,1.0,1.0,0.0,0.0,0.0,0.0,0.0,1.0,0.0,MEDIUM
0.0008843951778790176,0.34738903394255877,0.0017632603041542543,0.010549183857204368,0.01295064753237662,0.970588235294116,1.0,0.0,0.0,0.0,0.0,1.0,1.0,0.0,0.0,0.0,0.0,0.0,1.0,0.0,MEDIUM
0.0019376086958174873,0.5737597911227155,0.0038980763840452647,0.023329549457861982,0.007350367518375919,0.941176470588232,0.5,0.0,0.0,0.0,1.0,0.0,1.0,0.0,0.0,0.0,0.0,0.0,1.0,0.0,MEDIUM
0.10283242194242989,0.0001305483028720627,0.11665547653657869,0.7002779191294477,0.18470923546177306,0.970588235294116,1.0,0.0,0.0,0.0,0.0,1.0,1.0,0.0,0.0,0.0,0.0,1.0,0.0,0.0,LONG
0.0019109931917540603,0.5739556135770236,0.0038426689438038186,0.02301640114299135,0.007350367518375919,0.970588235294116,1.0,0.0,0.0,0.0,1.0,0.0,1.0,0.0,0.0,0.0,0.0,0.0,1.0,0.0,MEDIUM
0.04501138002909455,0.4286553524804178,0.06252240742068588,0.3733510784045094,0.07070353517675884,0.617647058823529,1.0,1.0,0.0,0.0,0.0,0.0,0.0,0.0,1.0,0.0,0.0,0.0,0.0,1.0,MEDIUM
0.0008843951778790176,0.34738903394255877,0.0017632603041542543,0.010549183857204368,0.01295064753237662,0.970588235294116,1.0,0.0,0.0,0.0,0.0,1.0,1.0,0.0,0.0,0.0,0.0,0.0,1.0,0.0,MEDIUM
0.0009148128968086491,0.28067885117493474,0.001825186266777047,0.010921047481113243,0.014450722536126805,1.0,1.0,0.0,0.0,0.0,0.0,1.0,1.0,0.0,0.0,0.0,0.0,0.0,1.0,0.0,MEDIUM
0.0008958018224776302,0.34627937336814624,0.0017860751324889675,0.01068618624496027,0.01295064753237662,0.941176470588232,1.0,0.0,0.0,0.0,0.0,1.0,1.0,0.0,0.0,0.0,0.0,0.0,1.0,0.0,MEDIUM
0.0019573802131217476,0.5738250652741514,0.0039339282571426715,0.023564410694014954,0.007350367518375919,0.941176470588232,1.0,0.0,0.0,0.0,1.0,0.0,1.0,0.0,0.0,0.0,0.0,0.0,1.0,0.0,MEDIUM
0.0008843951778790176,0.34738903394255877,0.0017632603041542543,0.010549183857204368,0.01295064753237662,0.970588235294116,1.0,0.0,0.0,0.0,0.0,1.0,1.0,0.0,0.0,0.0,0.0,0.0,1.0,0.0,MEDIUM
0.0007695682889196616,0.6364229765013055,0.0015318527596164502,0.009061729361568873,5.000250012500625e-05,0.852941176470587,0.0,0.0,0.0,0.0,0.0,1.0,1.0,0.0,0.0,0.0,0.0,0.0,1.0,0.0,SHORT
0.0008843951778790176,0.34738903394255877,0.0017632603041542543,0.010549183857204368,0.01295064753237662,0.970588235294116,1.0,0.0,0.0,0.0,0.0,1.0,1.0,0.0,0.0,0.0,0.0,0.0,1.0,0.0,MEDIUM
0.00029809364551038314,0.3460835509138382,0.0005377780964610943,0.0030923396093474774,0.01295064753237662,0.911764705882355,1.0,0.0,0.0,0.0,0.0,1.0,1.0,0.0,0.0,0.0,0.0,0.0,1.0,0.0,MEDIUM
0.0008843951778790176,0.34738903394255877,0.0017632603041542543,0.010549183857204368,0.01295064753237662,0.970588235294116,1.0,0.0,0.0,0.0,0.0,1.0,1.0,0.0,0.0,0.0,0.0,0.0,1.0,0.0,MEDIUM
0.0008843951778790176,0.34738903394255877,0.0017632603041542543,0.010549183857204368,0.01295064753237662,0.970588235294116,1.0,0.0,0.0,0.0,0.0,1.0,1.0,0.0,0.0,0.0,0.0,0.0,1.0,0.0,MEDIUM
0.001339140075877,0.6443211488250653,0.0027247423554028773,0.01597056405840216,0.040802040102005104,0.41176470588235503,1.0,0.0,0.0,0.0,0.0,1.0,0.0,1.0,0.0,0.0,0.0,0.0,1.0,0.0,SHORT
0.0019109931917540603,0.5739556135770236,0.0038426689438038186,0.02301640114299135,0.007350367518375919,1.0,0.5,0.0,0.0,0.0,1.0,0.0,1.0,0.0,0.0,0.0,0.0,0.0,1.0,0.0,MEDIUM
0.10283470327134961,6.527415143603134e-05,0.11667829136491341,0.7001604885113712,0.232061603080154,0.5588235294117609,1.0,0.0,0.0,0.0,0.0,1.0,1.0,0.0,0.0,0.0,0.0,1.0,0.0,0.0,LONG
0.0008843951778790176,0.34738903394255877,0.0017632603041542543,0.010549183857204368,0.01295064753237662,0.970588235294116,1.0,0.0,0.0,0.0,0.0,1.0,1.0,0.0,0.0,0.0,0.0,0.0,1.0,0.0,MEDIUM
0.10283470327134961,0.022650130548302876,0.1168379951632564,0.6992210435667593,0.17255862793139656,0.823529411764703,1.0,0.0,0.0,0.0,0.0,1.0,1.0,0.0,0.0,0.0,0.0,1.0,0.0,0.0,LONG
0.001017472698196153,0.6383159268929505,0.002043556766552158,0.012173640740595765,0.09895494774738736,0.882352941176471,1.0,0.0,0.0,1.0,0.0,0.0,0.0,1.0,0.0,0.0,0.0,0.0,1.0,0.0,MEDIUM
0.0010243166849553198,0.6385117493472585,0.0020500752889335045,0.012271499588992837,0.04995249762488124,0.882352941176471,1.0,0.0,1.0,0.0,0.0,0.0,0.0,1.0,0.0,0.0,0.0,0.0,1.0,0.0,LONG
0.10283470327134961,0.000391644908616188,0.11669784693205745,0.7000626296629742,0.26596329816490827,0.617647058823529,1.0,0.0,0.0,1.0,0.0,0.0,1.0,0.0,0.0,0.0,0.0,1.0,0.0,0.0,LONG
0.0008843951778790176,0.34738903394255877,0.0017632603041542543,0.010549183857204368,0.01295064753237662,0.970588235294116,1.0,0.0,0.0,0.0,0.0,1.0,1.0,0.0,0.0,0.0,0.0,0.0,1.0,0.0,MEDIUM
0.00033079269335973584,0.635509138381201,0.0006257781486092733,0.003425059693897522,0.00025001250062503126,0.970588235294116,0.0,0.0,0.0,0.0,0.0,1.0,0.0,1.0,0.0,0.0,0.0,0.0,1.0,0.0,SHORT
0.0002707176984737148,0.6345300261096606,0.0004888891786009947,0.0027204759854386035,0.02795139756987849,0.794117647058826,1.0,0.0,1.0,0.0,0.0,0.0,0.0,1.0,0.0,0.0,0.0,0.0,1.0,0.0,LONG
0.0003269904784935322,0.34614882506527417,0.0005997040590838869,0.0034837750029357655,0.01295064753237662,0.941176470588232,1.0,0.0,0.0,0.0,0.0,1.0,1.0,0.0,0.0,0.0,0.0,0.0,1.0,0.0,MEDIUM
0.0003269904784935322,0.34725848563968675,0.0006029633202745602,0.0034837750029357655,0.01295064753237662,0.970588235294116,1.0,0.0,0.0,0.0,0.0,1.0,1.0,0.0,0.0,0.0,0.0,0.0,1.0,0.0,MEDIUM
0.0008958018224776302,0.34627937336814624,0.0017860751324889675,0.01068618624496027,0.01295064753237662,0.941176470588232,1.0,0.0,0.0,0.0,0.0,1.0,1.0,0.0,0.0,0.0,0.0,0.0,1.0,0.0,MEDIUM
0.001963463756907674,0.5737597911227155,0.003946965301905365,0.02364269777273261,0.007350367518375919,0.941176470588232,1.0,0.0,0.0,0.0,1.0,0.0,1.0,0.0,0.0,0.0,0.0,0.0,1.0,0.0,MEDIUM
0.0009353448570861497,0.4569190600522194,0.0018708159234464732,0.011155908717266216,0.014450722536126805,1.0,1.0,0.0,0.0,0.0,0.0,1.0,1.0,0.0,0.0,0.0,0.0,0.0,1.0,0.0,MEDIUM
0.0008958018224776302,0.34627937336814624,0.0017860751324889675,0.01068618624496027,0.01295064753237662,0.941176470588232,1.0,0.0,0.0,0.0,0.0,1.0,1.0,0.0,0.0,0.0,0.0,0.0,1.0,0.0,MEDIUM
0.0003064585182160316,0.6361618798955614,0.000567111447177154,0.003170626688065135,5.000250012500625e-05,0.970588235294116,0.0,0.0,0.0,0.0,0.0,1.0,1.0,0.0,0.0,0.0,0.0,0.0,1.0,0.0,SHORT
0.002301860879999817,0.3392950391644909,0.0046085953236120435,0.027654910557012566,0.03495174758737937,0.705882352941174,1.0,0.0,0.0,1.0,0.0,0.0,1.0,0.0,0.0,0.0,0.0,0.0,1.0,0.0,LONG
0.0008843951778790176,0.34738903394255877,0.0017632603041542543,0.010549183857204368,0.01295064753237662,0.970588235294116,1.0,0.0,0.0,0.0,0.0,1.0,1.0,0.0,0.0,0.0,0.0,0.0,1.0,0.0,MEDIUM
0.0008843951778790176,0.34738903394255877,0.0017632603041542543,0.010549183857204368,0.01295064753237662,0.970588235294116,1.0,0.0,0.0,0.0,0.0,1.0,1.0,0.0,0.0,0.0,0.0,0.0,1.0,0.0,MEDIUM
0.00028820788685825216,0.34719321148825066,0.0005149632681263811,0.0029944807609504054,0.01295064753237662,0.970588235294116,1.0,0.0,0.0,0.0,0.0,1.0,1.0,0.0,0.0,0.0,0.0,0.0,1.0,0.0,MEDIUM
0.000302656303349828,0.6351174934725848,0.0005605929247958073,0.0030923396093474774,0.00015000750037501875,0.882352941176471,0.5,0.0,0.0,0.0,0.0,1.0,0.0,1.0,0.0,0.0,0.0,0.0,1.0,0.0,SHORT
0.0019178371785132271,0.5739556135770236,0.003858965249757185,0.023094688221709007,0.007350367518375919,0.941176470588232,1.0,0.0,0.0,0.0,1.0,0.0,1.0,0.0,0.0,0.0,0.0,0.0,1.0,0.0,MEDIUM
0.0008843951778790176,0.34738903394255877,0.0017632603041542543,0.010549183857204368,0.01295064753237662,0.970588235294116,1.0,0.0,0.0,0.0,0.0,1.0,1.0,0.0,0.0,0.0,0.0,0.0,1.0,0.0,MEDIUM
0.000295051873617419,0.3460835509138382,0.0005280003128890743,0.0030923396093474774,0.01295064753237662,0.941176470588232,1.0,0.0,0.0,0.0,0.0,1.0,1.0,0.0,0.0,0.0,0.0,0.0,1.0,0.0,MEDIUM
0.0008958018224776302,0.34627937336814624,0.0017860751324889675,0.01068618624496027,0.01295064753237662,0.941176470588232,1.0,0.0,0.0,0.0,0.0,1.0,1.0,0.0,0.0,0.0,0.0,0.0,1.0,0.0,MEDIUM
0.0008843951778790176,0.34738903394255877,0.0017632603041542543,0.010549183857204368,0.01295064753237662,0.941176470588232,1.0,0.0,0.0,0.0,0.0,1.0,1.0,0.0,0.0,0.0,0.0,0.0,1.0,0.0,MEDIUM
0.0019505362263625807,0.5738250652741514,0.003920891212379978,0.02350569538497671,0.007350367518375919,0.941176470588232,1.0,0.0,0.0,0.0,1.0,0.0,1.0,0.0,0.0,0.0,0.0,0.0,1.0,0.0,MEDIUM
0.0008958018224776302,0.34634464751958227,0.0017860751324889675,0.01068618624496027,0.01295064753237662,0.941176470588232,1.0,0.0,0.0,0.0,0.0,1.0,1.0,0.0,0.0,0.0,0.0,0.0,1.0,0.0,MEDIUM
0.0019832352742119343,0.5736292428198434,0.003986076436193444,0.023877559008885586,0.007350367518375919,0.911764705882355,1.0,0.0,0.0,0.0,1.0,0.0,1.0,0.0,0.0,0.0,0.0,0.0,1.0,0.0,MEDIUM
0.0008843951778790176,0.34738903394255877,0.0017632603041542543,0.010549183857204368,0.01295064753237662,0.970588235294116,1.0,0.0,0.0,0.0,0.0,1.0,1.0,0.0,0.0,0.0,0.0,0.0,1.0,0.0,MEDIUM
0.001970307743666841,0.5736945169712794,0.003960002346668058,0.02372098485145027,0.007350367518375919,0.911764705882355,1.0,0.0,0.0,0.0,1.0,0.0,1.0,0.0,0.0,0.0,0.0,0.0,1.0,0.0,MEDIUM
0.0008843951778790176,0.34738903394255877,0.0017632603041542543,0.010549183857204368,0.01295064753237662,0.970588235294116,1.0,0.0,0.0,0.0,0.0,1.0,1.0,0.0,0.0,0.0,0.0,0.0,1.0,0.0,MEDIUM
0.10283242194242989,0.0002610966057441254,0.11668806914848542,0.700101773202333,0.15995799789989498,0.617647058823529,1.0,0.0,0.0,1.0,0.0,0.0,1.0,0.0,0.0,0.0,0.0,1.0,0.0,0.0,LONG
0.0008843951778790176,0.34738903394255877,0.0017632603041542543,0.010549183857204368,0.01295064753237662,0.970588235294116,1.0,0.0,0.0,0.0,0.0,1.0,1.0,0.0,0.0,0.0,0.0,0.0,1.0,0.0,MEDIUM
0.0008843951778790176,0.34738903394255877,0.0017632603041542543,0.010549183857204368,0.01295064753237662,0.970588235294116,1.0,0.0,0.0,0.0,0.0,1.0,1.0,0.0,0.0,0.0,0.0,0.0,1.0,0.0,MEDIUM
0.0008843951778790176,0.34738903394255877,0.0017632603041542543,0.010549183857204368,0.01295064753237662,0.970588235294116,1.0,0.0,0.0,0.0,0.0,1.0,1.0,0.0,0.0,0.0,0.0,0.0,1.0,0.0,MEDIUM
0.0012380011604359777,0.293668407310705,0.0024965940720557463,0.014874544956354954,0.0022001100055002746,0.264705882352942,0.5,0.0,0.0,1.0,0.0,0.0,1.0,0.0,0.0,0.0,0.0,0.0,1.0,0.0,MEDIUM
0.10283622415729611,0.025065274151436032,0.11677280993944293,0.6996124789603476,0.3799689984499225,0.882352941176471,1.0,0.0,1.0,0.0,0.0,0.0,0.0,0.0,0.0,1.0,0.0,1.0,0.0,0.0,LONG
0.0009353448570861497,0.4569190600522194,0.0018708159234464732,0.011155908717266216,0.014450722536126805,1.0,1.0,0.0,0.0,0.0,0.0,1.0,1.0,0.0,0.0,0.0,0.0,0.0,1.0,0.0,MEDIUM
0.0003155838338949196,0.635509138381201,0.0005997040590838869,0.0031901984577445493,0.0,0.970588235294116,0.0,0.0,0.0,0.0,0.0,1.0,0.0,0.0,0.0,1.0,0.0,0.0,1.0,0.0,SHORT
0.00045398445502474113,0.3462140992167102,0.0008832597826724639,0.005029944807609504,0.01295064753237662,0.911764705882355,1.0,0.0,0.0,0.0,0.0,1.0,1.0,0.0,0.0,0.0,0.0,0.0,1.0,0.0,MEDIUM
0.0008843951778790176,0.34738903394255877,0.0017632603041542543,0.010549183857204368,0.01295064753237662,0.970588235294116,1.0,0.0,0.0,0.0,0.0,1.0,1.0,0.0,0.0,0.0,0.0,0.0,1.0,0.0,MEDIUM
0.0009148128968086491,0.28067885117493474,0.001825186266777047,0.010921047481113243,0.014450722536126805,1.0,1.0,0.0,0.0,0.0,0.0,1.0,1.0,0.0,0.0,0.0,0.0,0.0,1.0,0.0,MEDIUM
0.0009148128968086491,0.2807441253263708,0.001825186266777047,0.010921047481113243,0.014450722536126805,1.0,1.0,0.0,0.0,0.0,0.0,1.0,1.0,0.0,0.0,0.0,0.0,0.0,1.0,0.0,MEDIUM
0.0009148128968086491,0.28067885117493474,0.001825186266777047,0.010921047481113243,0.014450722536126805,1.0,1.0,0.0,0.0,0.0,0.0,1.0,1.0,0.0,0.0,0.0,0.0,0.0,1.0,0.0,MEDIUM
0.0009148128968086491,0.28067885117493474,0.001825186266777047,0.010921047481113243,0.014450722536126805,1.0,1.0,0.0,0.0,0.0,0.0,1.0,1.0,0.0,0.0,0.0,0.0,0.0,1.0,0.0,MEDIUM
0.10283622415729611,0.0001305483028720627,0.11667177284253206,0.7002387755900888,0.33696684834241714,0.647058823529413,1.0,0.0,0.0,0.0,0.0,1.0,1.0,0.0,0.0,0.0,0.0,1.0,0.0,0.0,LONG
0.0009475119446580018,0.3263707571801567,0.0019066677965438796,0.011234195795983873,0.004950247512375619,0.970588235294116,0.5,0.0,1.0,0.0,0.0,0.0,0.0,0.0,1.0,0.0,0.0,0.0,1.0,0.0,MEDIUM
0.0008843951778790176,0.34738903394255877,0.0017632603041542543,0.010549183857204368,0.01295064753237662,0.970588235294116,1.0,0.0,0.0,0.0,0.0,1.0,1.0,0.0,0.0,0.0,0.0,0.0,1.0,0.0,MEDIUM
0.0009353448570861497,0.4569190600522194,0.0018708159234464732,0.011155908717266216,0.014450722536126805,1.0,1.0,0.0,0.0,0.0,0.0,1.0,1.0,0.0,0.0,0.0,0.0,0.0,1.0,0.0,MEDIUM
0.0003201464917343645,0.29308093994778067,0.0005931855367025402,0.0033467726151798645,0.00020001000050002502,0.970588235294116,0.0,0.0,0.0,1.0,0.0,0.0,0.0,0.0,0.0,1.0,0.0,0.0,1.0,0.0,MEDIUM
0.0008843951778790176,0.34738903394255877,0.0017632603041542543,0.010549183857204368,0.01295064753237662,0.970588235294116,1.0,0.0,0.0,0.0,0.0,1.0,1.0,0.0,0.0,0.0,0.0,0.0,1.0,0.0,MEDIUM
0.0008843951778790176,0.34738903394255877,0.0017632603041542543,0.010549183857204368,0.01295064753237662,0.970588235294116,1.0,0.0,0.0,0.0,0.0,1.0,1.0,0.0,0.0,0.0,0.0,0.0,1.0,0.0,MEDIUM
0.0002806034571258449,0.3460835509138382,0.0004986669621730147,0.002916193682232748,0.01295064753237662,0.941176470588232,1.0,0.0,0.0,0.0,0.0,1.0,1.0,0.0,0.0,0.0,0.0,0.0,1.0,0.0,MEDIUM
0.0005642486861446531,0.6351827676240209,0.001104889543638248,0.006458683994206757,0.00015000750037501875,0.941176470588232,0.0,0.0,0.0,0.0,0.0,1.0,0.0,1.0,0.0,0.0,0.0,0.0,1.0,0.0,SHORT
0.0005923850761545609,0.6352480417754569,0.0011635562450703675,0.00683054761811563,0.00015000750037501875,0.941176470588232,0.0,0.0,0.0,0.0,0.0,1.0,0.0,1.0,0.0,0.0,0.0,0.0,1.0,0.0,SHORT
0.0008958018224776302,0.34634464751958227,0.0017860751324889675,0.01068618624496027,0.01295064753237662,0.911764705882355,1.0,0.0,0.0,0.0,0.0,1.0,1.0,0.0,0.0,0.0,0.0,0.0,1.0,0.0,MEDIUM
0.0008843951778790176,0.34738903394255877,0.0017632603041542543,0.010549183857204368,0.01295064753237662,0.970588235294116,1.0,0.0,0.0,0.0,0.0,1.0,1.0,0.0,0.0,0.0,0.0,0.0,1.0,0.0,MEDIUM
0.0008342059416451275,0.6361618798955614,0.0016589639460527089,0.009922887227463107,0.035551777588879445,0.852941176470587,1.0,0.0,0.0,1.0,0.0,0.0,0.0,1.0,0.0,0.0,0.0,0.0,1.0,0.0,MEDIUM
0.0009148128968086491,0.28067885117493474,0.001825186266777047,0.010921047481113243,0.014450722536126805,1.0,1.0,0.0,0.0,0.0,0.0,1.0,1.0,0.0,0.0,0.0,0.0,0.0,1.0,0.0,MEDIUM
0.0002851661149652898,0.6353785900783291,0.0005312595740797477,0.0028183348338356755,0.00025001250062503126,0.970588235294116,0.5,0.0,0.0,0.0,0.0,1.0,0.0,1.0,0.0,0.0,0.0,0.0,1.0,0.0,SHORT
0.0008958018224776302,0.34627937336814624,0.0017860751324889675,0.01068618624496027,0.01295064753237662,0.941176470588232,1.0,0.0,0.0,0.0,0.0,1.0,1.0,0.0,0.0,0.0,0.0,0.0,1.0,0.0,MEDIUM
0.0009148128968086491,0.28067885117493474,0.001825186266777047,0.010921047481113243,0.01295064753237662,0.970588235294116,1.0,0.0,0.0,0.0,0.0,1.0,1.0,0.0,0.0,0.0,0.0,0.0,1.0,0.0,MEDIUM
0.00029657275956390065,0.3462140992167102,0.0005410373576517675,0.003072767839668063,0.01295064753237662,0.911764705882355,1.0,0.0,0.0,0.0,0.0,1.0,1.0,0.0,0.0,0.0,0.0,0.0,1.0,0.0,MEDIUM
0.0019505362263625807,0.5738250652741514,0.003920891212379978,0.02350569538497671,0.007350367518375919,0.941176470588232,1.0,0.0,0.0,0.0,1.0,0.0,1.0,0.0,0.0,0.0,0.0,0.0,1.0,0.0,MEDIUM
0.0012615748926064416,0.5639686684073107,0.0025389644675344993,0.015187693271225586,0.04295214760738037,0.823529411764703,1.0,0.0,0.0,0.0,0.0,1.0,1.0,0.0,0.0,0.0,0.0,0.0,1.0,0.0,LONG
0.0008843951778790176,0.34738903394255877,0.0017632603041542543,0.010549183857204368,0.01295064753237662,0.970588235294116,1.0,0.0,0.0,0.0,0.0,1.0,1.0,0.0,0.0,0.0,0.0,0.0,1.0,0.0,MEDIUM
0.0019109931917540603,0.5739556135770236,0.0038426689438038186,0.023035972912670764,0.007350367518375919,0.970588235294116,1.0,0.0,0.0,0.0,1.0,0.0,1.0,0.0,0.0,0.0,0.0,0.0,1.0,0.0,MEDIUM
0.0008958018224776302,0.34634464751958227,0.0017893343936796408,0.01068618624496027,0.01295064753237662,0.941176470588232,1.0,0.0,0.0,0.0,0.0,1.0,1.0,0.0,0.0,0.0,0.0,0.0,1.0,0.0,MEDIUM
0.10283242194242989,0.000195822454308094,0.116642439491816,0.7003562062081654,0.17495874793739685,0.735294117647058,1.0,0.0,0.0,1.0,0.0,0.0,0.0,1.0,0.0,0.0,0.0,1.0,0.0,0.0,LONG
0.0007239417105252147,0.34732375979112273,0.0014275564015149046,0.0085528633499041,0.01295064753237662,0.970588235294116,1.0,0.0,0.0,0.0,0.0,1.0,1.0,0.0,0.0,0.0,0.0,0.0,1.0,0.0,MEDIUM
0.00027604079928640005,0.34614882506527417,0.000492148439791668,0.0028183348338356755,0.01295064753237662,0.941176470588232,1.0,0.0,0.0,0.0,0.0,1.0,1.0,0.0,0.0,0.0,0.0,0.0,1.0,0.0,MEDIUM
0.0008958018224776302,0.34627937336814624,0.0017860751324889675,0.01068618624496027,0.01295064753237662,0.941176470588232,1.0,0.0,0.0,0.0,0.0,1.0,1.0,0.0,0.0,0.0,0.0,0.0,1.0,0.0,MEDIUM
0.0008958018224776302,0.34627937336814624,0.0017860751324889675,0.01068618624496027,0.01295064753237662,0.941176470588232,1.0,0.0,0.0,0.0,0.0,1.0,1.0,0.0,0.0,0.0,0.0,0.0,1.0,0.0,MEDIUM
0.0008958018224776302,0.34627937336814624,0.0017860751324889675,0.01068618624496027,0.01295064753237662,0.941176470588232,1.0,0.0,0.0,0.0,0.0,1.0,1.0,0.0,0.0,0.0,0.0,0.0,1.0,0.0,MEDIUM
0.0003498037676907548,0.34614882506527417,0.0006420744545626398,0.0038164950874858107,0.01295064753237662,0.941176470588232,1.0,0.0,0.0,0.0,0.0,1.0,1.0,0.0,0.0,0.0,0.0,0.0,1.0,0.0,MEDIUM
0.00026767592658075157,0.6352480417754569,0.0004954077009823413,0.002603045367362117,0.00015000750037501875,0.911764705882355,0.5,0.0,0.0,0.0,0.0,1.0,0.0,1.0,0.0,0.0,0.0,0.0,1.0,0.0,SHORT
0.0009353448570861497,0.4569190600522194,0.0018708159234464732,0.011155908717266216,0.014450722536126805,1.0,1.0,0.0,0.0,0.0,0.0,1.0,1.0,0.0,0.0,0.0,0.0,0.0,1.0,0.0,MEDIUM
0.0008843951778790176,0.34738903394255877,0.0017632603041542543,0.010549183857204368,0.01295064753237662,0.970588235294116,1.0,0.0,0.0,0.0,0.0,1.0,1.0,0.0,0.0,0.0,0.0,0.0,1.0,0.0,MEDIUM
0.0008843951778790176,0.34738903394255877,0.0017632603041542543,0.010549183857204368,0.01295064753237662,0.970588235294116,1.0,0.0,0.0,0.0,0.0,1.0,1.0,0.0,0.0,0.0,0.0,0.0,1.0,0.0,MEDIUM
0.0008843951778790176,0.34738903394255877,0.0017632603041542543,0.010549183857204368,0.01295064753237662,0.970588235294116,1.0,0.0,0.0,0.0,0.0,1.0,1.0,0.0,0.0,0.0,0.0,0.0,1.0,0.0,MEDIUM
0.10283166149945666,0.000195822454308094,0.11667503210372274,0.7001604885113712,0.23196159807990396,0.5,1.0,0.0,0.0,0.0,0.0,1.0,1.0,0.0,0.0,0.0,0.0,1.0,0.0,0.0,LONG
0.0008843951778790176,0.34738903394255877,0.0017632603041542543,0.010549183857204368,0.01295064753237662,0.970588235294116,1.0,0.0,0.0,0.0,0.0,1.0,1.0,0.0,0.0,0.0,0.0,0.0,1.0,0.0,MEDIUM
0.0008958018224776302,0.34627937336814624,0.0017860751324889675,0.010705758014639685,0.01295064753237662,0.941176470588232,1.0,0.0,0.0,0.0,0.0,1.0,1.0,0.0,0.0,0.0,0.0,0.0,1.0,0.0,MEDIUM
0.0008843951778790176,0.34738903394255877,0.0017632603041542543,0.010549183857204368,0.01295064753237662,0.970588235294116,1.0,0.0,0.0,0.0,0.0,1.0,1.0,0.0,0.0,0.0,0.0,0.0,1.0,0.0,MEDIUM
0.0009353448570861497,0.4569190600522194,0.0018708159234464732,0.011155908717266216,0.014450722536126805,1.0,1.0,0.0,0.0,0.0,0.0,1.0,1.0,0.0,0.0,0.0,0.0,0.0,1.0,0.0,MEDIUM
0.10283318238540314,0.00097911227154047,0.11678584698420563,0.6995146201119505,0.10995549777488874,0.794117647058826,1.0,0.0,0.0,1.0,0.0,0.0,0.0,1.0,0.0,0.0,0.0,1.0,0.0,0.0,LONG
0.0019109931917540603,0.5739556135770236,0.0038426689438038186,0.02301640114299135,0.007350367518375919,0.970588235294116,1.0,0.0,0.0,0.0,1.0,0.0,1.0,0.0,0.0,0.0,0.0,0.0,1.0,0.0,MEDIUM
0.0009148128968086491,0.2807441253263708,0.001825186266777047,0.010921047481113243,0.014450722536126805,1.0,1.0,0.0,0.0,0.0,0.0,1.0,1.0,0.0,0.0,0.0,0.0,0.0,1.0,0.0,MEDIUM
0.0008958018224776302,0.34627937336814624,0.0017860751324889675,0.01068618624496027,0.01295064753237662,0.941176470588232,1.0,0.0,0.0,0.0,0.0,1.0,1.0,0.0,0.0,0.0,0.0,0.0,1.0,0.0,MEDIUM
0.0008843951778790176,0.34738903394255877,0.0017632603041542543,0.010549183857204368,0.01295064753237662,0.970588235294116,1.0,0.0,0.0,0.0,0.0,1.0,1.0,0.0,0.0,0.0,0.0,0.0,1.0,0.0,MEDIUM
0.002301860879999817,0.33942558746736295,0.0046085953236120435,0.027654910557012566,0.03495174758737937,0.617647058823529,1.0,0.0,0.0,1.0,0.0,0.0,1.0,0.0,0.0,0.0,0.0,0.0,1.0,0.0,LONG
0.10283318238540314,0.18942558746736293,0.11690643964826054,0.6987904646338122,0.0712035601780089,0.852941176470587,1.0,0.0,0.0,1.0,0.0,0.0,0.0,0.0,1.0,0.0,0.0,1.0,0.0,0.0,LONG
0.0008843951778790176,0.34738903394255877,0.0017632603041542543,0.010549183857204368,0.01295064753237662,0.941176470588232,1.0,0.0,0.0,0.0,0.0,1.0,1.0,0.0,0.0,0.0,0.0,0.0,1.0,0.0,MEDIUM
0.10283394282837638,0.02056135770234987,0.11672718028277351,0.69986691196618,0.2499624981249062,0.470588235294116,1.0,0.0,0.0,1.0,0.0,0.0,1.0,0.0,0.0,0.0,0.0,1.0,0.0,0.0,LONG
0.04822425159103681,0.3605091383812011,0.0669256692892855,0.3881081927427878,0.11080554027701385,0.470588235294116,1.0,0.0,0.0,0.0,0.0,1.0,0.0,0.0,1.0,0.0,0.0,0.0,0.0,1.0,LONG
0.0008958018224776302,0.34627937336814624,0.0017893343936796408,0.01068618624496027,0.01295064753237662,0.941176470588232,1.0,0.0,0.0,0.0,0.0,1.0,1.0,0.0,0.0,0.0,0.0,0.0,1.0,0.0,MEDIUM
0.0019178371785132271,0.5739556135770236,0.003855705988566512,0.023094688221709007,0.007350367518375919,0.970588235294116,1.0,0.0,0.0,0.0,1.0,0.0,1.0,0.0,0.0,0.0,0.0,0.0,1.0,0.0,MEDIUM
0.10283318238540314,0.0001305483028720627,0.11663918023062533,0.7003953497475242,0.29496474823741187,0.735294117647058,1.0,0.0,0.0,0.0,0.0,1.0,1.0,0.0,0.0,0.0,0.0,1.0,0.0,0.0,LONG
0.000921656883567816,0.637467362924282,0.0018382233115397403,0.011018906329510315,0.01295064753237662,0.970588235294116,1.0,0.0,0.0,0.0,0.0,1.0,1.0,0.0,0.0,0.0,0.0,0.0,1.0,0.0,MEDIUM
0.0009208964405945756,0.637402088772846,0.001844741833921087,0.010960191020472071,0.01295064753237662,0.970588235294116,1.0,0.0,0.0,0.0,0.0,1.0,1.0,0.0,0.0,0.0,0.0,0.0,1.0,0.0,MEDIUM
0.0008843951778790176,0.34738903394255877,0.0017632603041542543,0.010549183857204368,0.01295064753237662,0.970588235294116,1.0,0.0,0.0,0.0,0.0,1.0,1.0,0.0,0.0,0.0,0.0,0.0,1.0,0.0,MEDIUM
0.000319386048761125,0.34725848563968675,0.0005834077531305204,0.0033859161545386936,0.01295064753237662,0.970588235294116,1.0,0.0,0.0,0.0,0.0,1.0,1.0,0.0,0.0,0.0,0.0,0.0,1.0,0.0,MEDIUM
0.0008958018224776302,0.34627937336814624,0.0017860751324889675,0.01068618624496027,0.01295064753237662,0.941176470588232,1.0,0.0,0.0,0.0,0.0,1.0,1.0,0.0,0.0,0.0,0.0,0.0,1.0,0.0,MEDIUM
0.0008843951778790176,0.34738903394255877,0.0017632603041542543,0.010549183857204368,0.01295064753237662,0.970588235294116,1.0,0.0,0.0,0.0,0.0,1.0,1.0,0.0,0.0,0.0,0.0,0.0,1.0,0.0,MEDIUM
0.0008958018224776302,0.34634464751958227,0.0017860751324889675,0.01068618624496027,0.01295064753237662,0.941176470588232,1.0,0.0,0.0,0.0,0.0,1.0,1.0,0.0,0.0,0.0,0.0,0.0,1.0,0.0,MEDIUM
0.0008843951778790176,0.34738903394255877,0.0017632603041542543,0.010549183857204368,0.01295064753237662,0.970588235294116,1.0,0.0,0.0,0.0,0.0,1.0,1.0,0.0,0.0,0.0,0.0,0.0,1.0,0.0,MEDIUM
0.001970307743666841,0.5736292428198434,0.003960002346668058,0.02372098485145027,0.007350367518375919,0.911764705882355,1.0,0.0,0.0,0.0,1.0,0.0,1.0,0.0,0.0,0.0,0.0,0.0,1.0,0.0,MEDIUM
0.0008843951778790176,0.34738903394255877,0.0017632603041542543,0.010549183857204368,0.01295064753237662,0.970588235294116,1.0,0.0,0.0,0.0,0.0,1.0,1.0,0.0,0.0,0.0,0.0,0.0,1.0,0.0,MEDIUM
0.0008843951778790176,0.34738903394255877,0.0017632603041542543,0.010549183857204368,0.01295064753237662,0.970588235294116,1.0,0.0,0.0,0.0,0.0,1.0,1.0,0.0,0.0,0.0,0.0,0.0,1.0,0.0,MEDIUM
0.0008958018224776302,0.34627937336814624,0.0017860751324889675,0.01068618624496027,0.01295064753237662,0.941176470588232,1.0,0.0,0.0,0.0,0.0,1.0,1.0,0.0,0.0,0.0,0.0,0.0,1.0,0.0,MEDIUM
0.10283622415729611,0.0001305483028720627,0.11668155062610408,0.7001800602810506,0.2976148807440372,0.647058823529413,1.0,0.0,0.0,1.0,0.0,0.0,1.0,0.0,0.0,0.0,0.0,1.0,0.0,0.0,LONG
0.0008767907481466103,0.1566579634464752,0.0017469639982008879,0.010451325008807296,0.013950697534876743,0.882352941176471,1.0,0.0,0.0,1.0,0.0,0.0,0.0,1.0,0.0,0.0,0.0,0.0,1.0,0.0,MEDIUM
0.001970307743666841,0.5736945169712794,0.00396326160785873,0.02372098485145027,0.007350367518375919,0.911764705882355,1.0,0.0,0.0,0.0,1.0,0.0,1.0,0.0,0.0,0.0,0.0,0.0,1.0,0.0,MEDIUM
0.0008958018224776302,0.34627937336814624,0.0017860751324889675,0.010705758014639685,0.01295064753237662,0.941176470588232,1.0,0.0,0.0,0.0,0.0,1.0,1.0,0.0,0.0,0.0,0.0,0.0,1.0,0.0,MEDIUM
0.00029353098767093827,0.6345300261096606,0.0005410373576517675,0.0029944807609504054,0.00015000750037501875,0.823529411764703,0.0,0.0,0.0,0.0,0.0,1.0,0.0,1.0,0.0,0.0,0.0,0.0,1.0,0.0,SHORT
0.0008068299946084592,0.6353785900783291,0.0016198528117646292,0.009472736524836576,0.00025001250062503126,0.970588235294116,0.5,0.0,0.0,1.0,0.0,0.0,0.0,1.0,0.0,0.0,0.0,0.0,1.0,0.0,SHORT
0.0006752733602378054,0.6355744125326371,0.001342815610557399,0.00784827964144518,0.00025001250062503126,1.0,0.5,0.0,0.0,0.0,0.0,1.0,0.0,1.0,0.0,0.0,0.0,0.0,1.0,0.0,SHORT
0.10283470327134961,0.000587467362924282,0.11667829136491341,0.7001800602810506,0.1738086904345217,0.823529411764703,1.0,0.0,0.0,1.0,0.0,0.0,1.0,0.0,0.0,0.0,0.0,1.0,0.0,0.0,LONG
0.0008958018224776302,0.34634464751958227,0.0017860751324889675,0.01068618624496027,0.01295064753237662,0.941176470588232,1.0,0.0,0.0,0.0,0.0,1.0,1.0,0.0,0.0,0.0,0.0,0.0,1.0,0.0,MEDIUM
0.0002752803563131597,0.3460835509138382,0.0004888891786009947,0.0028183348338356755,0.01295064753237662,0.911764705882355,1.0,0.0,0.0,0.0,0.0,1.0,1.0,0.0,0.0,0.0,0.0,0.0,1.0,0.0,MEDIUM
0.0009148128968086491,0.28067885117493474,0.0018317047891583938,0.010881903941754414,0.014450722536126805,1.0,1.0,0.0,0.0,0.0,0.0,1.0,1.0,0.0,0.0,0.0,0.0,0.0,1.0,0.0,MEDIUM
0.0019178371785132271,0.5739556135770236,0.003855705988566512,0.023094688221709007,0.007350367518375919,0.970588235294116,1.0,0.0,0.0,0.0,1.0,0.0,1.0,0.0,0.0,0.0,0.0,0.0,1.0,0.0,MEDIUM
0.0008843951778790176,0.34738903394255877,0.0017632603041542543,0.010549183857204368,0.01295064753237662,0.970588235294116,1.0,0.0,0.0,0.0,0.0,1.0,1.0,0.0,0.0,0.0,0.0,0.0,1.0,0.0,MEDIUM
0.10442402908542284,0.02245430809399478,0.11887177414623654,0.7029788233452069,0.15995799789989498,0.5,1.0,0.0,0.0,0.0,0.0,1.0,0.0,1.0,0.0,0.0,0.0,1.0,0.0,0.0,MEDIUM
0.000295051873617419,0.6345300261096606,0.0005410373576517675,0.0030140525306298197,0.00015000750037501875,0.823529411764703,0.0,0.0,0.0,0.0,0.0,1.0,0.0,1.0,0.0,0.0,0.0,0.0,1.0,0.0,SHORT
0.001970307743666841,0.5736945169712794,0.003960002346668058,0.02372098485145027,0.007350367518375919,0.941176470588232,0.5,0.0,0.0,0.0,1.0,0.0,1.0,0.0,0.0,0.0,0.0,0.0,1.0,0.0,MEDIUM
0.0019376086958174873,0.5737597911227155,0.0038948171228545916,0.023329549457861982,0.007350367518375919,0.941176470588232,1.0,0.0,0.0,0.0,1.0,0.0,1.0,0.0,0.0,0.0,0.0,0.0,1.0,0.0,MEDIUM
0.0019832352742119343,0.5736292428198434,0.003986076436193444,0.023877559008885586,0.007350367518375919,0.970588235294116,1.0,0.0,0.0,0.0,1.0,0.0,1.0,0.0,0.0,0.0,0.0,0.0,1.0,0.0,MEDIUM
0.0009353448570861497,0.4569190600522194,0.0018708159234464732,0.011155908717266216,0.014450722536126805,1.0,1.0,0.0,0.0,0.0,0.0,1.0,1.0,0.0,0.0,0.0,0.0,0.0,1.0,0.0,MEDIUM
0.0008843951778790176,0.34738903394255877,0.0017632603041542543,0.010549183857204368,0.01295064753237662,0.970588235294116,1.0,0.0,0.0,0.0,0.0,1.0,1.0,0.0,0.0,0.0,0.0,0.0,1.0,0.0,MEDIUM
0.0008843951778790176,0.34738903394255877,0.0017632603041542543,0.010549183857204368,0.01295064753237662,0.970588235294116,1.0,0.0,0.0,0.0,0.0,1.0,1.0,0.0,0.0,0.0,0.0,0.0,1.0,0.0,MEDIUM
0.10283546371432285,0.0004569190600522194,0.11667829136491341,0.7001800602810506,0.16345817290864542,0.735294117647058,1.0,0.0,0.0,1.0,0.0,0.0,1.0,0.0,0.0,0.0,0.0,1.0,0.0,0.0,LONG
0.0008958018224776302,0.34634464751958227,0.0017860751324889675,0.01068618624496027,0.01295064753237662,0.941176470588232,1.0,0.0,0.0,0.0,0.0,1.0,1.0,0.0,0.0,0.0,0.0,0.0,1.0,0.0,MEDIUM
0.0008843951778790176,0.34738903394255877,0.0017632603041542543,0.010549183857204368,0.01295064753237662,0.970588235294116,1.0,0.0,0.0,0.0,0.0,1.0,1.0,0.0,0.0,0.0,0.0,0.0,1.0,0.0,MEDIUM
0.0008843951778790176,0.34738903394255877,0.0017632603041542543,0.010529612087524955,0.01295064753237662,0.970588235294116,1.0,0.0,0.0,0.0,0.0,1.0,1.0,0.0,0.0,0.0,0.0,0.0,1.0,0.0,MEDIUM
0.0008767907481466103,0.1566579634464752,0.0017502232593915612,0.010451325008807296,0.013950697534876743,0.882352941176471,1.0,0.0,0.0,1.0,0.0,0.0,0.0,1.0,0.0,0.0,0.0,0.0,1.0,0.0,MEDIUM
0.0008843951778790176,0.34738903394255877,0.0017632603041542543,0.010549183857204368,0.01295064753237662,0.970588235294116,1.0,0.0,0.0,0.0,0.0,1.0,1.0,0.0,0.0,0.0,0.0,0.0,1.0,0.0,MEDIUM
0.10283470327134961,0.0001305483028720627,0.116642439491816,0.7003757779778448,0.29946497324866245,0.705882352941174,1.0,0.0,0.0,0.0,0.0,1.0,1.0,0.0,0.0,0.0,0.0,1.0,0.0,0.0,LONG
0.10283090105648342,0.0003263707571801567,0.11665873579776936,0.7002387755900888,0.200310015500775,0.882352941176471,1.0,0.0,0.0,1.0,0.0,0.0,1.0,0.0,0.0,0.0,0.0,1.0,0.0,0.0,LONG
0.0008958018224776302,0.34627937336814624,0.0017860751324889675,0.01068618624496027,0.01295064753237662,0.941176470588232,1.0,0.0,0.0,0.0,0.0,1.0,1.0,0.0,0.0,0.0,0.0,0.0,1.0,0.0,MEDIUM
0.0008958018224776302,0.34627937336814624,0.0017860751324889675,0.01068618624496027,0.01295064753237662,0.911764705882355,1.0,0.0,0.0,0.0,0.0,1.0,1.0,0.0,0.0,0.0,0.0,0.0,1.0,0.0,MEDIUM
0.0008843951778790176,0.34738903394255877,0.001760001042963581,0.010549183857204368,0.01295064753237662,0.970588235294116,1.0,0.0,0.0,0.0,0.0,1.0,1.0,0.0,0.0,0.0,0.0,0.0,1.0,0.0,MEDIUM
0.0008843951778790176,0.34738903394255877,0.0017632603041542543,0.010529612087524955,0.01295064753237662,0.970588235294116,1.0,0.0,0.0,0.0,0.0,1.0,1.0,0.0,0.0,0.0,0.0,0.0,1.0,0.0,MEDIUM
0.0008958018224776302,0.34627937336814624,0.0017860751324889675,0.01068618624496027,0.01295064753237662,0.911764705882355,1.0,0.0,0.0,0.0,0.0,1.0,1.0,0.0,0.0,0.0,0.0,0.0,1.0,0.0,MEDIUM
0.0003011354174033455,0.6354438642297651,0.0005605929247958073,0.0030531960699886483,0.00025001250062503126,0.970588235294116,0.0,0.0,0.0,0.0,0.0,1.0,0.0,1.0,0.0,0.0,0.0,0.0,1.0,0.0,SHORT
0.00028972877280473465,0.4568537859007833,0.0005508151412237874,0.0028183348338356755,0.014450722536126805,1.0,1.0,0.0,0.0,0.0,0.0,1.0,1.0,0.0,0.0,0.0,0.0,0.0,1.0,0.0,MEDIUM
0.0019573802131217476,0.5738250652741514,0.0039339282571426715,0.023564410694014954,0.007350367518375919,0.941176470588232,1.0,0.0,0.0,0.0,1.0,0.0,1.0,0.0,0.0,0.0,0.0,0.0,1.0,0.0,MEDIUM
0.0002600714968483443,0.34614882506527417,0.00045629656669426174,0.002603045367362117,0.01295064753237662,0.911764705882355,1.0,0.0,0.0,0.0,0.0,1.0,1.0,0.0,0.0,0.0,0.0,0.0,1.0,0.0,MEDIUM
0.0008958018224776302,0.34627937336814624,0.0017860751324889675,0.01068618624496027,0.01295064753237662,0.941176470588232,1.0,0.0,0.0,0.0,0.0,1.0,1.0,0.0,0.0,0.0,0.0,0.0,1.0,0.0,MEDIUM
0.000295051873617419,0.34614882506527417,0.0005312595740797477,0.0030923396093474774,0.01295064753237662,0.941176470588232,1.0,0.0,0.0,0.0,0.0,1.0,1.0,0.0,0.0,0.0,0.0,0.0,1.0,0.0,MEDIUM
0.10283546371432285,0.17545691906005223,0.11693251373778593,0.6986534622460563,0.0712035601780089,0.764705882352942,1.0,0.0,0.0,1.0,0.0,0.0,0.0,0.0,1.0,0.0,0.0,1.0,0.0,0.0,LONG
0.001022795799008839,0.6400783289817233,0.0020598530725055245,0.01219321251027518,0.04995249762488124,0.735294117647058,1.0,0.0,1.0,0.0,0.0,0.0,0.0,1.0,0.0,0.0,0.0,0.0,1.0,0.0,LONG
0.0009201359976213344,0.637402088772846,0.0018480010951117602,0.010921047481113243,0.01295064753237662,0.970588235294116,1.0,0.0,0.0,0.0,0.0,1.0,1.0,0.0,0.0,0.0,0.0,0.0,1.0,0.0,MEDIUM
0.10284078681513556,0.024020887728459533,0.11665547653657869,0.7003757779778448,0.09995499774988749,0.6764705882352899,1.0,0.0,0.0,1.0,0.0,0.0,0.0,1.0,0.0,0.0,0.0,1.0,0.0,0.0,MEDIUM
0.0008958018224776302,0.34627937336814624,0.0017860751324889675,0.01068618624496027,0.01295064753237662,0.941176470588232,1.0,0.0,0.0,0.0,0.0,1.0,1.0,0.0,0.0,0.0,0.0,0.0,1.0,0.0,MEDIUM
0.0019376086958174873,0.5737597911227155,0.0038948171228545916,0.023329549457861982,0.007350367518375919,0.941176470588232,0.5,0.0,0.0,0.0,1.0,0.0,1.0,0.0,0.0,0.0,0.0,0.0,1.0,0.0,MEDIUM
0.0019573802131217476,0.5738250652741514,0.0039339282571426715,0.023564410694014954,0.007350367518375919,0.941176470588232,1.0,0.0,0.0,0.0,1.0,0.0,1.0,0.0,0.0,0.0,0.0,0.0,1.0,0.0,MEDIUM
0.0008843951778790176,0.34738903394255877,0.0017632603041542543,0.010549183857204368,0.01295064753237662,0.970588235294116,1.0,0.0,0.0,0.0,0.0,1.0,1.0,0.0,0.0,0.0,0.0,0.0,1.0,0.0,MEDIUM
0.00028136390009908616,0.6327676240208877,0.000534518835270421,0.0027204759854386035,0.032201610080504026,0.794117647058826,1.0,1.0,0.0,0.0,0.0,0.0,0.0,0.0,0.0,1.0,0.0,0.0,1.0,0.0,SHORT
0.0009208964405945756,0.637402088772846,0.0018382233115397403,0.0109993345598309,0.01295064753237662,0.970588235294116,1.0,0.0,0.0,0.0,0.0,1.0,1.0,0.0,0.0,0.0,0.0,0.0,1.0,0.0,MEDIUM
0.0008843951778790176,0.34738903394255877,0.0017632603041542543,0.010549183857204368,0.01295064753237662,0.970588235294116,1.0,0.0,0.0,0.0,0.0,1.0,1.0,0.0,0.0,0.0,0.0,0.0,1.0,0.0,MEDIUM
0.0008843951778790176,0.34738903394255877,0.0017632603041542543,0.010549183857204368,0.01295064753237662,0.970588235294116,1.0,0.0,0.0,0.0,0.0,1.0,1.0,0.0,0.0,0.0,0.0,0.0,1.0,0.0,MEDIUM
0.0019573802131217476,0.5738250652741514,0.0039339282571426715,0.023564410694014954,0.007350367518375919,0.941176470588232,1.0,0.0,0.0,0.0,1.0,0.0,1.0,0.0,0.0,0.0,0.0,0.0,1.0,0.0,MEDIUM
0.0009208964405945756,0.637467362924282,0.0018382233115397403,0.0109993345598309,0.01295064753237662,0.970588235294116,1.0,0.0,0.0,0.0,0.0,1.0,1.0,0.0,0.0,0.0,0.0,0.0,1.0,0.0,MEDIUM
0.0008958018224776302,0.34634464751958227,0.0017860751324889675,0.01068618624496027,0.01295064753237662,0.941176470588232,1.0,0.0,0.0,0.0,0.0,1.0,1.0,0.0,0.0,0.0,0.0,0.0,1.0,0.0,MEDIUM
0.0008843951778790176,0.34738903394255877,0.001760001042963581,0.010549183857204368,0.01295064753237662,0.970588235294116,1.0,0.0,0.0,0.0,0.0,1.0,1.0,0.0,0.0,0.0,0.0,0.0,1.0,0.0,MEDIUM
0.0008843951778790176,0.34738903394255877,0.0017632603041542543,0.010549183857204368,0.01295064753237662,0.970588235294116,1.0,0.0,0.0,0.0,0.0,1.0,1.0,0.0,0.0,0.0,0.0,0.0,1.0,0.0,MEDIUM
0.0008843951778790176,0.34738903394255877,0.0017632603041542543,0.010549183857204368,0.01295064753237662,0.970588235294116,1.0,0.0,0.0,0.0,0.0,1.0,1.0,0.0,0.0,0.0,0.0,0.0,1.0,0.0,MEDIUM
0.0008843951778790176,0.34738903394255877,0.0017632603041542543,0.010549183857204368,0.01295064753237662,0.970588235294116,1.0,0.0,0.0,0.0,0.0,1.0,1.0,0.0,0.0,0.0,0.0,0.0,1.0,0.0,MEDIUM
0.0008958018224776302,0.34627937336814624,0.0017860751324889675,0.01068618624496027,0.01295064753237662,0.911764705882355,1.0,0.0,0.0,0.0,0.0,1.0,1.0,0.0,0.0,0.0,0.0,0.0,1.0,0.0,MEDIUM
0.0008843951778790176,0.34738903394255877,0.0017632603041542543,0.010549183857204368,0.01295064753237662,0.970588235294116,1.0,0.0,0.0,0.0,0.0,1.0,1.0,0.0,0.0,0.0,0.0,0.0,1.0,0.0,MEDIUM
0.0008958018224776302,0.34627937336814624,0.0017860751324889675,0.01068618624496027,0.01295064753237662,0.911764705882355,1.0,0.0,0.0,0.0,0.0,1.0,1.0,0.0,0.0,0.0,0.0,0.0,1.0,0.0,MEDIUM
0.000863863217601517,0.34738903394255877,0.0017274084310568481,0.010236035542333738,0.01295064753237662,0.970588235294116,1.0,0.0,0.0,0.0,0.0,1.0,1.0,0.0,0.0,0.0,0.0,0.0,1.0,0.0,MEDIUM
0.0009208964405945756,0.637402088772846,0.0018414825727304136,0.010979762790151486,0.01295064753237662,0.970588235294116,1.0,0.0,0.0,0.0,0.0,1.0,1.0,0.0,0.0,0.0,0.0,0.0,1.0,0.0,MEDIUM
0.0008843951778790176,0.34738903394255877,0.0017632603041542543,0.010549183857204368,0.01295064753237662,0.970588235294116,1.0,0.0,0.0,0.0,0.0,1.0,1.0,0.0,0.0,0.0,0.0,0.0,1.0,0.0,MEDIUM
0.10283394282837638,0.000391644908616188,0.11668480988729475,0.7001213449720124,0.15815790789539474,0.764705882352942,1.0,0.0,0.0,1.0,0.0,0.0,1.0,0.0,0.0,0.0,0.0,1.0,0.0,0.0,LONG
0.0009148128968086491,0.2806135770234987,0.001825186266777047,0.010921047481113243,0.014450722536126805,1.0,1.0,0.0,0.0,0.0,0.0,1.0,1.0,0.0,0.0,0.0,0.0,0.0,1.0,0.0,MEDIUM
0.0019109931917540603,0.5739556135770236,0.0038426689438038186,0.02301640114299135,0.007350367518375919,0.970588235294116,0.5,0.0,0.0,0.0,1.0,0.0,1.0,0.0,0.0,0.0,0.0,0.0,1.0,0.0,MEDIUM
0.00032623003552029097,0.6355744125326371,0.0006127411038465801,0.0033859161545386936,5.000250012500625e-05,0.970588235294116,0.0,0.0,0.0,1.0,0.0,0.0,1.0,0.0,0.0,0.0,0.0,0.0,1.0,0.0,SHORT
0.10283090105648342,0.07232375979112272,0.11715740275994238,0.6972442948291385,0.22676133806690332,0.352941176470587,1.0,0.0,0.0,0.0,0.0,1.0,1.0,0.0,0.0,0.0,0.0,1.0,0.0,0.0,LONG
0.0003034167463230675,0.39601827676240214,0.0005540744024144607,0.0031510549183857207,0.00020001000050002502,0.941176470588232,0.5,0.0,0.0,1.0,0.0,0.0,0.0,1.0,0.0,0.0,0.0,0.0,1.0,0.0,MEDIUM
0.0009148128968086491,0.28067885117493474,0.0018284455279677203,0.010901475711433828,0.01295064753237662,0.970588235294116,1.0,0.0,0.0,0.0,0.0,1.0,1.0,0.0,0.0,0.0,0.0,0.0,1.0,0.0,MEDIUM
0.0008958018224776302,0.34738903394255877,0.0017860751324889675,0.01068618624496027,0.9999999999999999,0.970588235294116,1.0,0.0,0.0,0.0,0.0,1.0,0.0,1.0,0.0,0.0,0.0,0.0,1.0,0.0,MEDIUM
0.002301860879999817,0.339490861618799,0.0046085953236120435,0.027654910557012566,0.03495174758737937,0.617647058823529,1.0,0.0,0.0,1.0,0.0,0.0,1.0,0.0,0.0,0.0,0.0,0.0,1.0,0.0,LONG
0.0019763912874527674,0.5736292428198434,0.003973039391430751,0.023799271930167926,0.007350367518375919,0.911764705882355,1.0,0.0,0.0,0.0,1.0,0.0,1.0,0.0,0.0,0.0,0.0,0.0,1.0,0.0,MEDIUM
0.0008843951778790176,0.34738903394255877,0.0017632603041542543,0.010549183857204368,0.01295064753237662,0.970588235294116,1.0,0.0,0.0,0.0,0.0,1.0,1.0,0.0,0.0,0.0,0.0,0.0,1.0,0.0,MEDIUM
0.10283318238540314,0.000783289817232376,0.1166913284096761,0.7000822014326535,0.13245662283114154,0.705882352941174,1.0,0.0,0.0,1.0,0.0,0.0,1.0,0.0,0.0,0.0,0.0,1.0,0.0,0.0,MEDIUM
0.0019109931917540603,0.5739556135770236,0.0038426689438038186,0.02301640114299135,0.007350367518375919,0.970588235294116,1.0,0.0,0.0,0.0,1.0,0.0,1.0,0.0,0.0,0.0,0.0,0.0,1.0,0.0,MEDIUM
0.0008843951778790176,0.34738903394255877,0.0017632603041542543,0.010549183857204368,0.01295064753237662,0.970588235294116,1.0,0.0,0.0,0.0,0.0,1.0,1.0,0.0,0.0,0.0,0.0,0.0,1.0,0.0,MEDIUM
0.0008843951778790176,0.34738903394255877,0.0017632603041542543,0.010529612087524955,0.01295064753237662,0.970588235294116,1.0,0.0,0.0,0.0,0.0,1.0,1.0,0.0,0.0,0.0,0.0,0.0,1.0,0.0,MEDIUM
0.00092621954140726,0.2610313315926893,0.001890371490590513,0.01082318863271617,0.01570078503925196,0.41176470588235503,1.0,0.0,0.0,0.0,0.0,1.0,0.0,0.0,0.0,1.0,0.0,0.0,1.0,0.0,MEDIUM
0.0008843951778790176,0.34738903394255877,0.0017632603041542543,0.010529612087524955,0.01295064753237662,0.970588235294116,1.0,0.0,0.0,0.0,0.0,1.0,1.0,0.0,0.0,0.0,0.0,0.0,1.0,0.0,MEDIUM
0.10283394282837638,6.527415143603134e-05,0.116642439491816,0.7003953497475242,0.3208660433021651,0.823529411764703,1.0,0.0,0.0,0.0,0.0,1.0,1.0,0.0,0.0,0.0,0.0,1.0,0.0,0.0,LONG
0.0019505362263625807,0.5738250652741514,0.003920891212379978,0.02350569538497671,0.007335366768338417,0.882352941176471,1.0,0.0,0.0,0.0,1.0,0.0,1.0,0.0,0.0,0.0,0.0,0.0,1.0,0.0,MEDIUM
0.0008958018224776302,0.34738903394255877,0.0017860751324889675,0.01068618624496027,0.038451922596129805,0.5,1.0,0.0,0.0,1.0,0.0,0.0,0.0,1.0,0.0,0.0,0.0,0.0,1.0,0.0,LONG
0.0002798430141526037,0.34614882506527417,0.0005182225293170544,0.002779191294476847,0.01295064753237662,0.941176470588232,1.0,0.0,0.0,0.0,0.0,1.0,1.0,0.0,0.0,0.0,0.0,0.0,1.0,0.0,MEDIUM
0.0008843951778790176,0.34738903394255877,0.0017632603041542543,0.010549183857204368,0.01295064753237662,0.970588235294116,1.0,0.0,0.0,0.0,0.0,1.0,1.0,0.0,0.0,0.0,0.0,0.0,1.0,0.0,MEDIUM
0.0002570297249553811,0.6344647519582246,0.00046933361145695495,0.002466042979606216,0.00015000750037501875,0.823529411764703,0.0,0.0,0.0,0.0,0.0,1.0,0.0,1.0,0.0,0.0,0.0,0.0,1.0,0.0,SHORT
0.0008843951778790176,0.34738903394255877,0.0017632603041542543,0.010549183857204368,0.01295064753237662,0.970588235294116,1.0,0.0,0.0,0.0,0.0,1.0,1.0,0.0,0.0,0.0,0.0,0.0,1.0,0.0,MEDIUM
0.00029657275956390065,0.3462140992167102,0.000534518835270421,0.0030923396093474774,0.01295064753237662,0.941176470588232,1.0,0.0,0.0,0.0,0.0,1.0,1.0,0.0,0.0,0.0,0.0,0.0,1.0,0.0,MEDIUM
0.0006882008907828988,0.6351174934725848,0.0013688897000827852,0.008004853798880496,0.03495174758737937,0.794117647058826,1.0,0.0,1.0,0.0,0.0,0.0,0.0,0.0,0.0,1.0,0.0,0.0,1.0,0.0,SHORT
0.0019178371785132271,0.5739556135770236,0.003858965249757185,0.023094688221709007,0.007350367518375919,1.0,1.0,0.0,0.0,0.0,1.0,0.0,1.0,0.0,0.0,0.0,0.0,0.0,1.0,0.0,MEDIUM
0.0008524565730029052,0.34627937336814624,0.0017208899086755016,0.01002074607586018,0.01295064753237662,0.911764705882355,1.0,0.0,0.0,0.0,0.0,1.0,1.0,0.0,0.0,0.0,0.0,0.0,1.0,0.0,MEDIUM
0.0008843951778790176,0.34738903394255877,0.0017632603041542543,0.010529612087524955,0.01295064753237662,0.970588235294116,1.0,0.0,0.0,0.0,0.0,1.0,1.0,0.0,0.0,0.0,0.0,0.0,1.0,0.0,MEDIUM
0.00027604079928640005,0.6356396866840731,0.0005084447457450346,0.002740047755118018,5.000250012500625e-05,1.0,0.0,0.0,0.0,0.0,0.0,1.0,1.0,0.0,0.0,0.0,0.0,0.0,1.0,0.0,SHORT
0.0008843951778790176,0.34738903394255877,0.0017632603041542543,0.010549183857204368,0.01295064753237662,0.970588235294116,1.0,0.0,0.0,0.0,0.0,1.0,1.0,0.0,0.0,0.0,0.0,0.0,1.0,0.0,MEDIUM
0.00035056421066399605,0.3462140992167102,0.0006453337157533131,0.0037969233178063964,0.01295064753237662,0.941176470588232,1.0,0.0,0.0,0.0,0.0,1.0,1.0,0.0,0.0,0.0,0.0,0.0,1.0,0.0,MEDIUM
0.0009475119446580018,0.32630548302872064,0.001900149274162533,0.011292911105022117,0.004950247512375619,0.970588235294116,0.5,0.0,1.0,0.0,0.0,0.0,0.0,0.0,1.0,0.0,0.0,0.0,1.0,0.0,MEDIUM
0.0008843951778790176,0.34738903394255877,0.0017632603041542543,0.010549183857204368,0.01295064753237662,0.970588235294116,1.0,0.0,0.0,0.0,0.0,1.0,1.0,0.0,0.0,0.0,0.0,0.0,1.0,0.0,MEDIUM
0.0008843951778790176,0.34738903394255877,0.0017632603041542543,0.010549183857204368,0.01295064753237662,0.970588235294116,1.0,0.0,0.0,0.0,0.0,1.0,1.0,0.0,0.0,0.0,0.0,0.0,1.0,0.0,MEDIUM
0.0003239487066005681,0.6354438642297651,0.0006192596262279267,0.0032880573061416216,0.00025001250062503126,0.970588235294116,0.5,0.0,0.0,0.0,0.0,1.0,0.0,1.0,0.0,0.0,0.0,0.0,1.0,0.0,SHORT
0.0008958018224776302,0.34627937336814624,0.0017860751324889675,0.01068618624496027,0.01295064753237662,0.941176470588232,1.0,0.0,0.0,0.0,0.0,1.0,1.0,0.0,0.0,0.0,0.0,0.0,1.0,0.0,MEDIUM
0.0011551128763527332,0.6412532637075719,0.002349927318475448,0.013719810545269504,0.006450322516125807,0.588235294117645,0.5,0.0,0.0,1.0,0.0,0.0,0.0,0.0,0.0,1.0,0.0,0.0,1.0,0.0,SHORT
0.0008958018224776302,0.34634464751958227,0.0017860751324889675,0.01068618624496027,0.01295064753237662,0.970588235294116,1.0,0.0,0.0,0.0,0.0,1.0,1.0,0.0,0.0,0.0,0.0,0.0,1.0,0.0,MEDIUM
0.0002912496587512154,0.6354438642297651,0.0005442966188424408,0.002896621912553333,0.00025001250062503126,0.970588235294116,0.0,0.0,0.0,0.0,0.0,1.0,0.0,1.0,0.0,0.0,0.0,0.0,1.0,0.0,SHORT
0.10283546371432285,0.0005221932114882507,0.11668155062610408,0.7001604885113712,0.17595879793989697,0.911764705882355,1.0,0.0,0.0,1.0,0.0,0.0,1.0,0.0,0.0,0.0,0.0,1.0,0.0,0.0,LONG
0.0008958018224776302,0.34738903394255877,0.0017860751324889675,0.01068618624496027,0.7249862493124656,0.32352941176470296,1.0,0.0,0.0,0.0,0.0,1.0,0.0,1.0,0.0,0.0,0.0,0.0,1.0,0.0,LONG
0.0019109931917540603,0.5739556135770236,0.0038426689438038186,0.02301640114299135,0.007350367518375919,0.970588235294116,1.0,0.0,0.0,0.0,1.0,0.0,1.0,0.0,0.0,0.0,0.0,0.0,1.0,0.0,MEDIUM
0.0009148128968086491,0.28067885117493474,0.001825186266777047,0.010921047481113243,0.014450722536126805,1.0,1.0,0.0,0.0,0.0,0.0,1.0,1.0,0.0,0.0,0.0,0.0,0.0,1.0,0.0,MEDIUM
0.0009353448570861497,0.4569190600522194,0.0018708159234464732,0.011155908717266216,0.014450722536126805,1.0,1.0,0.0,0.0,0.0,0.0,1.0,1.0,0.0,0.0,0.0,0.0,0.0,1.0,0.0,MEDIUM
0.0019307647090583205,0.5738250652741514,0.0038817800780918984,0.023251262379144322,0.007350367518375919,1.0,1.0,0.0,0.0,0.0,1.0,0.0,1.0,0.0,0.0,0.0,0.0,0.0,1.0,0.0,MEDIUM
0.0008843951778790176,0.34738903394255877,0.0017632603041542543,0.010549183857204368,0.01295064753237662,0.970588235294116,1.0,0.0,0.0,0.0,0.0,1.0,1.0,0.0,0.0,0.0,0.0,0.0,1.0,0.0,MEDIUM
0.0008843951778790176,0.34738903394255877,0.0017632603041542543,0.010549183857204368,0.01295064753237662,0.970588235294116,1.0,0.0,0.0,0.0,0.0,1.0,1.0,0.0,0.0,0.0,0.0,0.0,1.0,0.0,MEDIUM
0.0009345844141129085,0.4569190600522194,0.0018708159234464732,0.011155908717266216,0.014450722536126805,1.0,1.0,0.0,0.0,0.0,0.0,1.0,1.0,0.0,0.0,0.0,0.0,0.0,1.0,0.0,MEDIUM
0.0009208964405945756,0.637467362924282,0.0018382233115397403,0.0109993345598309,0.01295064753237662,0.970588235294116,1.0,0.0,0.0,0.0,0.0,1.0,1.0,0.0,0.0,0.0,0.0,0.0,1.0,0.0,MEDIUM
0.0009148128968086491,0.28067885117493474,0.001825186266777047,0.010921047481113243,0.014450722536126805,1.0,1.0,0.0,0.0,0.0,0.0,1.0,1.0,0.0,0.0,0.0,0.0,0.0,1.0,0.0,MEDIUM
0.0008843951778790176,0.34738903394255877,0.0017632603041542543,0.010549183857204368,0.01295064753237662,0.941176470588232,1.0,0.0,0.0,0.0,0.0,1.0,1.0,0.0,0.0,0.0,0.0,0.0,1.0,0.0,MEDIUM
0.0008958018224776302,0.34634464751958227,0.0017860751324889675,0.01068618624496027,0.01295064753237662,0.911764705882355,1.0,0.0,0.0,0.0,0.0,1.0,1.0,0.0,0.0,0.0,0.0,0.0,1.0,0.0,MEDIUM
0.0008843951778790176,0.34738903394255877,0.0017632603041542543,0.010549183857204368,0.01295064753237662,0.970588235294116,1.0,0.0,0.0,0.0,0.0,1.0,1.0,0.0,0.0,0.0,0.0,0.0,1.0,0.0,MEDIUM
0.0008843951778790176,0.34738903394255877,0.0017632603041542543,0.010549183857204368,0.01295064753237662,0.970588235294116,1.0,0.0,0.0,0.0,0.0,1.0,1.0,0.0,0.0,0.0,0.0,0.0,1.0,0.0,MEDIUM
0.00028820788685825216,0.3460835509138382,0.0005182225293170544,0.0029749089912709907,0.01295064753237662,0.941176470588232,1.0,0.0,0.0,0.0,0.0,1.0,1.0,0.0,0.0,0.0,0.0,0.0,1.0,0.0,MEDIUM
0.00036805439904853427,0.34732375979112273,0.0006877041112320659,0.00399264101460054,0.01295064753237662,0.970588235294116,1.0,0.0,0.0,0.0,0.0,1.0,1.0,0.0,0.0,0.0,0.0,0.0,1.0,0.0,MEDIUM
0.0008843951778790176,0.34738903394255877,0.0017632603041542543,0.010549183857204368,0.01295064753237662,0.970588235294116,1.0,0.0,0.0,0.0,0.0,1.0,1.0,0.0,0.0,0.0,0.0,0.0,1.0,0.0,MEDIUM
0.00029353098767093827,0.34614882506527417,0.0005214817905077277,0.0030923396093474774,0.01295064753237662,0.941176470588232,1.0,0.0,0.0,0.0,0.0,1.0,1.0,0.0,0.0,0.0,0.0,0.0,1.0,0.0,MEDIUM
0.0008843951778790176,0.34738903394255877,0.0017632603041542543,0.010549183857204368,0.01295064753237662,0.970588235294116,1.0,0.0,0.0,0.0,0.0,1.0,1.0,0.0,0.0,0.0,0.0,0.0,1.0,0.0,MEDIUM
0.0008958018224776302,0.34634464751958227,0.0017860751324889675,0.01068618624496027,0.01295064753237662,0.941176470588232,1.0,0.0,0.0,0.0,0.0,1.0,1.0,0.0,0.0,0.0,0.0,0.0,1.0,0.0,MEDIUM
0.0008843951778790176,0.34738903394255877,0.0017632603041542543,0.010549183857204368,0.01295064753237662,0.970588235294116,1.0,0.0,0.0,0.0,0.0,1.0,1.0,0.0,0.0,0.0,0.0,0.0,1.0,0.0,MEDIUM
0.0003391575660653843,0.3460835509138382,0.0006388151933719665,0.003562062081653423,0.01295064753237662,0.941176470588232,1.0,0.0,0.0,0.0,0.0,1.0,1.0,0.0,0.0,0.0,0.0,0.0,1.0,0.0,MEDIUM
0.0008843951778790176,0.34738903394255877,0.0017632603041542543,0.010549183857204368,0.01295064753237662,0.970588235294116,1.0,0.0,0.0,0.0,0.0,1.0,1.0,0.0,0.0,0.0,0.0,0.0,1.0,0.0,MEDIUM
0.0009345844141129085,0.4569190600522194,0.0018708159234464732,0.011155908717266216,0.01295064753237662,0.941176470588232,1.0,0.0,0.0,0.0,0.0,1.0,1.0,0.0,0.0,0.0,0.0,0.0,1.0,0.0,MEDIUM
0.0008836347349057781,0.34738903394255877,0.001760001042963581,0.010549183857204368,0.01295064753237662,0.970588235294116,1.0,0.0,0.0,0.0,0.0,1.0,1.0,0.0,0.0,0.0,0.0,0.0,1.0,0.0,MEDIUM
0.0002874474438850118,0.34614882506527417,0.0005214817905077277,0.0029553372215915764,0.01295064753237662,0.911764705882355,1.0,0.0,0.0,0.0,0.0,1.0,1.0,0.0,0.0,0.0,0.0,0.0,1.0,0.0,MEDIUM
0.0008524565730029052,0.6362924281984335,0.0017045936027221351,0.010118604924257252,0.004700235011750587,0.882352941176471,0.5,0.0,1.0,0.0,0.0,0.0,0.0,1.0,0.0,0.0,0.0,0.0,1.0,0.0,SHORT
0.0008843951778790176,0.34738903394255877,0.0017632603041542543,0.010549183857204368,0.01295064753237662,0.970588235294116,1.0,0.0,0.0,0.0,0.0,1.0,1.0,0.0,0.0,0.0,0.0,0.0,1.0,0.0,MEDIUM
0.0008843951778790176,0.34738903394255877,0.001760001042963581,0.010549183857204368,0.01295064753237662,0.970588235294116,1.0,0.0,0.0,0.0,0.0,1.0,1.0,0.0,0.0,0.0,0.0,0.0,1.0,0.0,MEDIUM
0.0019573802131217476,0.5738250652741514,0.0039339282571426715,0.023564410694014954,0.007350367518375919,0.941176470588232,1.0,0.0,0.0,0.0,1.0,0.0,1.0,0.0,0.0,0.0,0.0,0.0,1.0,0.0,MEDIUM
0.0008843951778790176,0.34738903394255877,0.0017632603041542543,0.010549183857204368,0.01295064753237662,0.970588235294116,1.0,0.0,0.0,0.0,0.0,1.0,1.0,0.0,0.0,0.0,0.0,0.0,1.0,0.0,MEDIUM
0.05242645946116531,0.36677545691906005,0.07032507871115776,0.42038204094414217,0.039951997599879996,0.882352941176471,1.0,0.0,1.0,0.0,0.0,0.0,0.0,0.0,1.0,0.0,0.0,0.0,0.0,1.0,LONG
0.10283394282837638,0.0001305483028720627,0.11667177284253206,0.7001996320507301,0.2605130256512826,0.852941176470587,1.0,0.0,0.0,0.0,0.0,1.0,0.0,1.0,0.0,0.0,0.0,1.0,0.0,0.0,LONG
0.0005992290629137286,0.6353785900783291,0.001179852551023734,0.006908834696833288,0.00015000750037501875,0.941176470588232,0.0,0.0,0.0,0.0,0.0,1.0,0.0,1.0,0.0,0.0,0.0,0.0,1.0,0.0,SHORT
0.0019178371785132271,0.5739556135770236,0.003855705988566512,0.023094688221709007,0.007350367518375919,0.941176470588232,1.0,0.0,0.0,0.0,1.0,0.0,1.0,0.0,0.0,0.0,0.0,0.0,1.0,0.0,MEDIUM
0.0008958018224776302,0.34627937336814624,0.0017860751324889675,0.01068618624496027,0.01295064753237662,0.941176470588232,1.0,0.0,0.0,0.0,0.0,1.0,1.0,0.0,0.0,0.0,0.0,0.0,1.0,0.0,MEDIUM
0.00026767592658075157,0.4567885117493473,0.00047259287264762824,0.0027204759854386035,0.014450722536126805,1.0,1.0,0.0,0.0,0.0,0.0,1.0,1.0,0.0,0.0,0.0,0.0,0.0,1.0,0.0,MEDIUM
0.0008843951778790176,0.34738903394255877,0.0017632603041542543,0.010549183857204368,0.01295064753237662,0.970588235294116,1.0,0.0,0.0,0.0,0.0,1.0,1.0,0.0,0.0,0.0,0.0,0.0,1.0,0.0,MEDIUM
0.00029581231659066027,0.34614882506527417,0.0005377780964610943,0.0030531960699886483,0.01295064753237662,0.941176470588232,1.0,0.0,0.0,0.0,0.0,1.0,1.0,0.0,0.0,0.0,0.0,0.0,1.0,0.0,MEDIUM
0.0008843951778790176,0.34738903394255877,0.0017632603041542543,0.010549183857204368,0.01295064753237662,0.970588235294116,1.0,0.0,0.0,0.0,0.0,1.0,1.0,0.0,0.0,0.0,0.0,0.0,1.0,0.0,MEDIUM
0.0019436922396034138,0.5737597911227155,0.003907854167617284,0.02340783653657964,0.007350367518375919,1.0,1.0,0.0,0.0,0.0,1.0,0.0,1.0,0.0,0.0,0.0,0.0,0.0,1.0,0.0,MEDIUM
0.0006516996280673416,0.34627937336814624,0.0012939266926972994,0.007535131326574549,0.01295064753237662,0.941176470588232,1.0,0.0,0.0,0.0,0.0,1.0,1.0,0.0,0.0,0.0,0.0,0.0,1.0,0.0,MEDIUM
0.0008958018224776302,0.34627937336814624,0.0017860751324889675,0.01068618624496027,0.01295064753237662,0.941176470588232,1.0,0.0,0.0,0.0,0.0,1.0,1.0,0.0,0.0,0.0,0.0,0.0,1.0,0.0,MEDIUM
0.0008958018224776302,0.34627937336814624,0.0017860751324889675,0.01068618624496027,0.01295064753237662,0.941176470588232,1.0,0.0,0.0,0.0,0.0,1.0,1.0,0.0,0.0,0.0,0.0,0.0,1.0,0.0,MEDIUM
0.0008843951778790176,0.34738903394255877,0.0017632603041542543,0.010549183857204368,0.01295064753237662,0.970588235294116,1.0,0.0,0.0,0.0,0.0,1.0,1.0,0.0,0.0,0.0,0.0,0.0,1.0,0.0,MEDIUM
0.10283470327134961,0.0,0.11663918023062533,0.7003953497475242,0.29496474823741187,0.529411764705884,1.0,0.0,0.0,0.0,0.0,1.0,1.0,0.0,0.0,0.0,0.0,1.0,0.0,0.0,LONG
0.0009634812470960584,0.6381201044386424,0.0019262233636879193,0.01152777234117509,0.07145357267863393,0.882352941176471,1.0,0.0,0.0,1.0,0.0,0.0,0.0,1.0,0.0,0.0,0.0,0.0,1.0,0.0,MEDIUM
0.10496014138155757,0.03257180156657964,0.11857844063907594,0.7101225192781931,0.2024601230061503,0.382352941176471,1.0,0.0,0.0,1.0,0.0,0.0,1.0,0.0,0.0,0.0,0.0,1.0,0.0,0.0,LONG
0.001963463756907674,0.5737597911227155,0.003946965301905365,0.02364269777273261,0.007350367518375919,0.941176470588232,1.0,0.0,0.0,0.0,1.0,0.0,1.0,0.0,0.0,0.0,0.0,0.0,1.0,0.0,MEDIUM
0.0009353448570861497,0.4569190600522194,0.0018708159234464732,0.011155908717266216,0.014450722536126805,1.0,1.0,0.0,0.0,0.0,0.0,1.0,1.0,0.0,0.0,0.0,0.0,0.0,1.0,0.0,MEDIUM
0.00033003225038649546,0.34614882506527417,0.0006257781486092733,0.0033859161545386936,0.01295064753237662,0.911764705882355,1.0,0.0,0.0,0.0,0.0,1.0,1.0,0.0,0.0,0.0,0.0,0.0,1.0,0.0,MEDIUM
0.0019307647090583205,0.5738250652741514,0.0038850393392825715,0.023251262379144322,0.007350367518375919,0.941176470588232,1.0,0.0,0.0,0.0,1.0,0.0,1.0,0.0,0.0,0.0,0.0,0.0,1.0,0.0,MEDIUM
0.000662345829692712,0.6355744125326371,0.0013134822598413391,0.007691705484009864,0.00025001250062503126,1.0,0.5,0.0,0.0,0.0,0.0,1.0,0.0,1.0,0.0,0.0,0.0,0.0,1.0,0.0,SHORT
0.0022995795510800943,0.339490861618799,0.004605336062421371,0.02761576701765374,0.03495174758737937,0.647058823529413,1.0,0.0,0.0,1.0,0.0,0.0,1.0,0.0,0.0,0.0,0.0,0.0,1.0,0.0,LONG
0.0008843951778790176,0.34738903394255877,0.0017632603041542543,0.010549183857204368,0.01295064753237662,0.970588235294116,1.0,0.0,0.0,0.0,0.0,1.0,1.0,0.0,0.0,0.0,0.0,0.0,1.0,0.0,MEDIUM
0.0008843951778790176,0.34738903394255877,0.001760001042963581,0.010549183857204368,0.01295064753237662,0.970588235294116,1.0,0.0,0.0,0.0,0.0,1.0,1.0,0.0,0.0,0.0,0.0,0.0,1.0,0.0,MEDIUM
0.0009353448570861497,0.4569190600522194,0.0018740751846371465,0.0111363369475868,0.014450722536126805,1.0,1.0,0.0,0.0,0.0,0.0,1.0,1.0,0.0,0.0,0.0,0.0,0.0,1.0,0.0,MEDIUM
0.0012326780596232916,0.6425587467362924,0.0024770385049117066,0.014835401416996125,0.03285164258212911,0.588235294117645,1.0,0.0,0.0,1.0,0.0,0.0,0.0,1.0,0.0,0.0,0.0,0.0,1.0,0.0,SHORT
0.0011368622449949546,0.3067885117493473,0.002281482833471309,0.013680667005910675,0.008550427521376068,0.764705882352942,0.5,0.0,0.0,1.0,0.0,0.0,1.0,0.0,0.0,0.0,0.0,0.0,1.0,0.0,MEDIUM
0.0008843951778790176,0.34738903394255877,0.0017632603041542543,0.010549183857204368,0.01295064753237662,0.970588235294116,1.0,0.0,0.0,0.0,0.0,1.0,1.0,0.0,0.0,0.0,0.0,0.0,1.0,0.0,MEDIUM
0.0002874474438850118,0.6362924281984335,0.0005312595740797477,0.0028770501428739188,5.000250012500625e-05,0.852941176470587,0.0,0.0,0.0,0.0,0.0,1.0,1.0,0.0,0.0,0.0,0.0,0.0,1.0,0.0,SHORT
0.0008843951778790176,0.34738903394255877,0.0017632603041542543,0.010549183857204368,0.01295064753237662,0.970588235294116,1.0,0.0,0.0,0.0,0.0,1.0,1.0,0.0,0.0,0.0,0.0,0.0,1.0,0.0,MEDIUM
0.0019239207222991536,0.5738903394255875,0.0038687430333292053,0.023172975300426665,0.007350367518375919,0.970588235294116,1.0,0.0,0.0,0.0,1.0,0.0,1.0,0.0,0.0,0.0,0.0,0.0,1.0,0.0,MEDIUM
0.10283242194242989,0.05267624020887729,0.11669458767086677,0.7000626296629742,0.18690934546727334,0.352941176470587,1.0,0.0,0.0,0.0,0.0,1.0,1.0,0.0,0.0,0.0,0.0,1.0,0.0,0.0,LONG
0.0009148128968086491,0.28067885117493474,0.001825186266777047,0.010921047481113243,0.014450722536126805,1.0,1.0,0.0,0.0,0.0,0.0,1.0,1.0,0.0,0.0,0.0,0.0,0.0,1.0,0.0,MEDIUM
0.0008843951778790176,0.34738903394255877,0.0017632603041542543,0.010549183857204368,0.01295064753237662,0.941176470588232,1.0,0.0,0.0,0.0,0.0,1.0,1.0,0.0,0.0,0.0,0.0,0.0,1.0,0.0,MEDIUM
0.10283242194242989,0.2388381201044387,0.12698733451101304,0.638235409245704,0.2049602480124006,0.941176470588232,1.0,0.0,0.0,1.0,0.0,0.0,0.0,0.0,1.0,0.0,0.0,1.0,0.0,0.0,LONG
0.0010760268071356924,0.6399477806788513,0.0021576309082257236,0.012897796218734098,0.005800290014500725,0.794117647058826,0.5,0.0,0.0,1.0,0.0,0.0,0.0,1.0,0.0,0.0,0.0,0.0,1.0,0.0,MEDIUM
0.0008843951778790176,0.34738903394255877,0.0017632603041542543,0.010549183857204368,0.01295064753237662,0.970588235294116,1.0,0.0,0.0,0.0,0.0,1.0,1.0,0.0,0.0,0.0,0.0,0.0,1.0,0.0,MEDIUM
0.0009353448570861497,0.4569190600522194,0.0018708159234464732,0.011155908717266216,0.014450722536126805,1.0,1.0,0.0,0.0,0.0,0.0,1.0,1.0,0.0,0.0,0.0,0.0,0.0,1.0,0.0,MEDIUM
0.0008843951778790176,0.34738903394255877,0.001760001042963581,0.010549183857204368,0.01295064753237662,0.970588235294116,1.0,0.0,0.0,0.0,0.0,1.0,1.0,0.0,0.0,0.0,0.0,0.0,1.0,0.0,MEDIUM
0.0008843951778790176,0.34738903394255877,0.0017632603041542543,0.010549183857204368,0.01295064753237662,0.970588235294116,1.0,0.0,0.0,0.0,0.0,1.0,1.0,0.0,0.0,0.0,0.0,0.0,1.0,0.0,MEDIUM
0.0008836347349057781,0.34738903394255877,0.001760001042963581,0.010549183857204368,0.01295064753237662,0.970588235294116,1.0,0.0,0.0,0.0,0.0,1.0,1.0,0.0,0.0,0.0,0.0,0.0,1.0,0.0,MEDIUM
0.0008958018224776302,0.34627937336814624,0.0017860751324889675,0.01068618624496027,0.01295064753237662,0.941176470588232,1.0,0.0,0.0,0.0,0.0,1.0,1.0,0.0,0.0,0.0,0.0,0.0,1.0,0.0,MEDIUM
0.0013315356461445918,0.6443211488250653,0.0027019275270681645,0.015931420519043334,0.0026001300065003246,0.41176470588235503,0.5,0.0,0.0,1.0,0.0,0.0,0.0,0.0,0.0,1.0,0.0,0.0,1.0,0.0,SHORT
0.0007748913897323469,0.6357049608355092,0.0015677046327138564,0.008983442282851216,0.00015000750037501875,0.852941176470587,0.0,0.0,0.0,0.0,0.0,1.0,0.0,1.0,0.0,0.0,0.0,0.0,1.0,0.0,SHORT
0.10283394282837638,0.0021540469973890344,0.11667177284253206,0.7002192038204095,0.20296014800740034,0.41176470588235503,1.0,0.0,0.0,0.0,0.0,1.0,1.0,0.0,0.0,0.0,0.0,1.0,0.0,0.0,LONG
0.0006410534264419702,0.6406657963446476,0.0012580748195998932,0.0074959877872157205,0.038451922596129805,0.529411764705884,1.0,0.0,0.0,1.0,0.0,0.0,0.0,1.0,0.0,0.0,0.0,0.0,1.0,0.0,LONG
0.0008843951778790176,0.34738903394255877,0.0017632603041542543,0.010549183857204368,0.01295064753237662,0.970588235294116,1.0,0.0,0.0,0.0,0.0,1.0,1.0,0.0,0.0,0.0,0.0,0.0,1.0,0.0,MEDIUM
0.0009148128968086491,0.28067885117493474,0.001825186266777047,0.010921047481113243,0.01295064753237662,0.970588235294116,1.0,0.0,0.0,0.0,0.0,1.0,1.0,0.0,0.0,0.0,0.0,0.0,1.0,0.0,MEDIUM
0.0008843951778790176,0.34738903394255877,0.0017632603041542543,0.010549183857204368,0.01295064753237662,0.970588235294116,1.0,0.0,0.0,0.0,0.0,1.0,1.0,0.0,0.0,0.0,0.0,0.0,1.0,0.0,MEDIUM
0.10421186549588866,0.03701044386422977,0.11796569953522935,0.7063060241907073,0.22436121806090303,0.29411764705882604,1.0,0.0,0.0,0.0,0.0,1.0,1.0,0.0,0.0,0.0,0.0,1.0,0.0,0.0,LONG
0.0008958018224776302,0.34627937336814624,0.0017860751324889675,0.01068618624496027,0.01295064753237662,0.941176470588232,1.0,0.0,0.0,0.0,0.0,1.0,1.0,0.0,0.0,0.0,0.0,0.0,1.0,0.0,MEDIUM
0.0012615748926064416,0.5639686684073107,0.0025389644675344993,0.015187693271225586,0.04295214760738037,0.823529411764703,1.0,0.0,0.0,0.0,0.0,1.0,1.0,0.0,0.0,0.0,0.0,0.0,1.0,0.0,LONG
0.0013315356461445918,0.6427545691906006,0.002688890482305471,0.015990135828081575,0.13885694284714234,0.735294117647058,1.0,1.0,0.0,0.0,0.0,0.0,0.0,1.0,0.0,0.0,0.0,0.0,1.0,0.0,MEDIUM
0.0019832352742119343,0.5736292428198434,0.003986076436193444,0.023877559008885586,0.007350367518375919,0.911764705882355,1.0,0.0,0.0,0.0,1.0,0.0,1.0,0.0,0.0,0.0,0.0,0.0,1.0,0.0,MEDIUM
0.0008843951778790176,0.34738903394255877,0.0017632603041542543,0.010549183857204368,0.01295064753237662,0.970588235294116,1.0,0.0,0.0,0.0,0.0,1.0,1.0,0.0,0.0,0.0,0.0,0.0,1.0,0.0,MEDIUM
0.0008843951778790176,0.34738903394255877,0.0017632603041542543,0.010549183857204368,0.01295064753237662,0.970588235294116,1.0,0.0,0.0,0.0,0.0,1.0,1.0,0.0,0.0,0.0,0.0,0.0,1.0,0.0,MEDIUM
0.10283546371432285,0.0002610966057441254,0.11667177284253206,0.7002192038204095,0.3069653482674134,0.705882352941174,1.0,0.0,0.0,1.0,0.0,0.0,1.0,0.0,0.0,0.0,0.0,1.0,0.0,0.0,LONG
0.00028592655793853016,0.3460835509138382,0.000501926223363688,0.0030140525306298197,0.01295064753237662,0.911764705882355,1.0,0.0,0.0,0.0,0.0,1.0,1.0,0.0,0.0,0.0,0.0,0.0,1.0,0.0,MEDIUM
0.0009353448570861497,0.4569190600522194,0.0018708159234464732,0.011155908717266216,0.014450722536126805,1.0,1.0,0.0,0.0,0.0,0.0,1.0,1.0,0.0,0.0,0.0,0.0,0.0,1.0,0.0,MEDIUM
0.0019239207222991536,0.5739556135770236,0.0038687430333292053,0.02319254707010608,0.007350367518375919,1.0,1.0,0.0,0.0,0.0,1.0,0.0,1.0,0.0,0.0,0.0,0.0,0.0,1.0,0.0,MEDIUM
0.0008843951778790176,0.34738903394255877,0.001760001042963581,0.010549183857204368,0.01295064753237662,0.970588235294116,1.0,0.0,0.0,0.0,0.0,1.0,1.0,0.0,0.0,0.0,0.0,0.0,1.0,0.0,MEDIUM
0.0009148128968086491,0.28067885117493474,0.001825186266777047,0.010921047481113243,0.014450722536126805,1.0,1.0,0.0,0.0,0.0,0.0,1.0,1.0,0.0,0.0,0.0,0.0,0.0,1.0,0.0,MEDIUM
0.0009353448570861497,0.4569190600522194,0.0018708159234464732,0.011155908717266216,0.014450722536126805,1.0,1.0,0.0,0.0,0.0,0.0,1.0,1.0,0.0,0.0,0.0,0.0,0.0,1.0,0.0,MEDIUM
0.0009208964405945756,0.637402088772846,0.0018414825727304136,0.010979762790151486,0.01295064753237662,0.970588235294116,1.0,0.0,0.0,0.0,0.0,1.0,1.0,0.0,0.0,0.0,0.0,0.0,1.0,0.0,MEDIUM
0.00039543034608520173,0.3460835509138382,0.0007594078574268786,0.004266645790112342,0.01295064753237662,0.911764705882355,1.0,0.0,0.0,0.0,0.0,1.0,1.0,0.0,0.0,0.0,0.0,0.0,1.0,0.0,MEDIUM
0.0011414249028343986,0.6409268929503917,0.0022912606170433286,0.013739382314948919,0.13895694784739235,0.705882352941174,1.0,0.0,0.0,0.0,0.0,1.0,0.0,1.0,0.0,0.0,0.0,0.0,1.0,0.0,MEDIUM
0.0009208964405945756,0.637467362924282,0.0018382233115397403,0.0109993345598309,0.01295064753237662,0.970588235294116,1.0,0.0,0.0,0.0,0.0,1.0,1.0,0.0,0.0,0.0,0.0,0.0,1.0,0.0,MEDIUM
0.00031862560578788373,0.34732375979112273,0.0006062225814652335,0.0032489137667827926,0.01295064753237662,0.970588235294116,1.0,0.0,0.0,0.0,0.0,1.0,1.0,0.0,0.0,0.0,0.0,0.0,1.0,0.0,MEDIUM
0.0008843951778790176,0.34738903394255877,0.0017632603041542543,0.010549183857204368,0.01295064753237662,0.970588235294116,1.0,0.0,0.0,0.0,0.0,1.0,1.0,0.0,0.0,0.0,0.0,0.0,1.0,0.0,MEDIUM
0.0008843951778790176,0.34738903394255877,0.0017632603041542543,0.010549183857204368,0.01295064753237662,0.970588235294116,1.0,0.0,0.0,0.0,0.0,1.0,1.0,0.0,0.0,0.0,0.0,0.0,1.0,0.0,MEDIUM
0.0008965622654508697,0.34634464751958227,0.0017958529160609874,0.010666614475280856,0.01295064753237662,0.911764705882355,1.0,0.0,0.0,0.0,0.0,1.0,1.0,0.0,0.0,0.0,0.0,0.0,1.0,0.0,MEDIUM
0.0008843951778790176,0.34738903394255877,0.0017632603041542543,0.010549183857204368,0.01295064753237662,0.970588235294116,1.0,0.0,0.0,0.0,0.0,1.0,1.0,0.0,0.0,0.0,0.0,0.0,1.0,0.0,MEDIUM
0.0008958018224776302,0.34627937336814624,0.0017860751324889675,0.010705758014639685,0.01295064753237662,0.941176470588232,1.0,0.0,0.0,0.0,0.0,1.0,1.0,0.0,0.0,0.0,0.0,0.0,1.0,0.0,MEDIUM
0.0008958018224776302,0.34634464751958227,0.0017893343936796408,0.01068618624496027,0.01295064753237662,0.941176470588232,1.0,0.0,0.0,0.0,0.0,1.0,1.0,0.0,0.0,0.0,0.0,0.0,1.0,0.0,MEDIUM
0.10283242194242989,0.07317232375979113,0.11666199505896004,0.7002387755900888,0.05775288764438222,0.32352941176470296,1.0,0.0,0.0,0.0,0.0,1.0,1.0,0.0,0.0,0.0,0.0,1.0,0.0,0.0,LONG
0.0008843951778790176,0.34738903394255877,0.001760001042963581,0.010549183857204368,0.01295064753237662,0.970588235294116,1.0,0.0,0.0,0.0,0.0,1.0,1.0,0.0,0.0,0.0,0.0,0.0,1.0,0.0,MEDIUM
0.0008958018224776302,0.34738903394255877,0.0017860751324889675,0.01068618624496027,0.07495374768738437,1.0,1.0,0.0,0.0,1.0,0.0,0.0,0.0,1.0,0.0,0.0,0.0,0.0,1.0,0.0,MEDIUM
0.0008958018224776302,0.34627937336814624,0.0017860751324889675,0.01068618624496027,0.01295064753237662,0.941176470588232,1.0,0.0,0.0,0.0,0.0,1.0,1.0,0.0,0.0,0.0,0.0,0.0,1.0,0.0,MEDIUM
0.0012448451471951446,0.29379895561357705,0.00250963111681844,0.014952832035072612,0.0022001100055002746,0.264705882352942,0.5,0.0,0.0,1.0,0.0,0.0,1.0,0.0,0.0,0.0,0.0,0.0,1.0,0.0,MEDIUM
0.0008843951778790176,0.34738903394255877,0.0017632603041542543,0.010549183857204368,0.01295064753237662,0.970588235294116,1.0,0.0,0.0,0.0,0.0,1.0,1.0,0.0,0.0,0.0,0.0,0.0,1.0,0.0,MEDIUM
0.1028286197275637,0.0001305483028720627,0.11665547653657869,0.7002583473597683,0.23511175558777936,0.470588235294116,1.0,0.0,0.0,0.0,0.0,1.0,1.0,0.0,0.0,0.0,0.0,1.0,0.0,0.0,LONG
0.0008843951778790176,0.34738903394255877,0.0017632603041542543,0.010549183857204368,0.01295064753237662,0.970588235294116,1.0,0.0,0.0,0.0,0.0,1.0,1.0,0.0,0.0,0.0,0.0,0.0,1.0,0.0,MEDIUM
0.0008843951778790176,0.34738903394255877,0.001760001042963581,0.010549183857204368,0.01295064753237662,0.970588235294116,1.0,0.0,0.0,0.0,0.0,1.0,1.0,0.0,0.0,0.0,0.0,0.0,1.0,0.0,MEDIUM
0.0008843951778790176,0.34738903394255877,0.0017632603041542543,0.010549183857204368,0.01295064753237662,0.970588235294116,1.0,0.0,0.0,0.0,0.0,1.0,1.0,0.0,0.0,0.0,0.0,0.0,1.0,0.0,MEDIUM
0.0009208964405945756,0.637467362924282,0.0018414825727304136,0.010979762790151486,0.01295064753237662,0.970588235294116,1.0,0.0,0.0,0.0,0.0,1.0,1.0,0.0,0.0,0.0,0.0,0.0,1.0,0.0,MEDIUM
0.045012140472067794,0.42454308093994786,0.06252566668187655,0.37333150663482995,0.07070353517675884,0.647058823529413,1.0,1.0,0.0,0.0,0.0,0.0,0.0,0.0,1.0,0.0,0.0,0.0,0.0,1.0,MEDIUM
0.0019763912874527674,0.5736292428198434,0.003973039391430751,0.023799271930167926,0.007350367518375919,1.0,0.5,0.0,0.0,0.0,1.0,0.0,1.0,0.0,0.0,0.0,0.0,0.0,1.0,0.0,MEDIUM
0.0019109931917540603,0.5739556135770236,0.0038426689438038186,0.02301640114299135,0.007350367518375919,0.970588235294116,1.0,0.0,0.0,0.0,1.0,0.0,1.0,0.0,0.0,0.0,0.0,0.0,1.0,0.0,MEDIUM
0.0019307647090583205,0.5738250652741514,0.0038817800780918984,0.023251262379144322,0.007350367518375919,0.941176470588232,1.0,0.0,0.0,0.0,1.0,0.0,1.0,0.0,0.0,0.0,0.0,0.0,1.0,0.0,MEDIUM
0.00040303477581760897,0.6352480417754569,0.000775704163380245,0.0043645046385094146,5.000250012500625e-05,0.970588235294116,0.0,0.0,0.0,0.0,0.0,1.0,1.0,0.0,0.0,0.0,0.0,0.0,1.0,0.0,SHORT
0.10283622415729611,0.0001305483028720627,0.11665873579776936,0.7003170626688066,0.19060953047652382,0.647058823529413,1.0,0.0,0.0,1.0,0.0,0.0,1.0,0.0,0.0,0.0,0.0,1.0,0.0,0.0,LONG
0.0009049271381565182,0.6372062663185379,0.0018121492220143538,0.010764473323677928,0.06995349767488375,0.705882352941174,1.0,0.0,0.0,1.0,0.0,0.0,0.0,1.0,0.0,0.0,0.0,0.0,1.0,0.0,MEDIUM
0.10283318238540314,0.037075718015665796,0.11666525432015071,0.7002387755900888,0.24246212310615528,0.941176470588232,1.0,0.0,0.0,0.0,0.0,1.0,0.0,1.0,0.0,0.0,0.0,1.0,0.0,0.0,LONG
0.0006691898164518798,0.34719321148825066,0.0013232600434133592,0.007809136102086351,0.01295064753237662,0.970588235294116,1.0,0.0,0.0,0.0,0.0,1.0,1.0,0.0,0.0,0.0,0.0,0.0,1.0,0.0,MEDIUM
0.0008958018224776302,0.34627937336814624,0.0017860751324889675,0.01068618624496027,0.01295064753237662,0.941176470588232,1.0,0.0,0.0,0.0,0.0,1.0,1.0,0.0,0.0,0.0,0.0,0.0,1.0,0.0,MEDIUM
0.10283470327134961,0.0002610966057441254,0.11669458767086677,0.7000822014326535,0.2549627481374069,0.705882352941174,1.0,0.0,1.0,0.0,0.0,0.0,1.0,0.0,0.0,0.0,0.0,1.0,0.0,0.0,LONG
0.0008958018224776302,0.34738903394255877,0.0017860751324889675,0.01068618624496027,0.079953997699885,0.705882352941174,1.0,0.0,0.0,1.0,0.0,0.0,0.0,1.0,0.0,0.0,0.0,0.0,1.0,0.0,MEDIUM
0.0008516961300296649,0.34627937336814624,0.001694815819150115,0.010138176693936666,0.01295064753237662,0.911764705882355,1.0,0.0,0.0,0.0,0.0,1.0,1.0,0.0,0.0,0.0,0.0,0.0,1.0,0.0,MEDIUM
0.0009353448570861497,0.4569190600522194,0.0018708159234464732,0.011155908717266216,0.014450722536126805,1.0,1.0,0.0,0.0,0.0,0.0,1.0,1.0,0.0,0.0,0.0,0.0,0.0,1.0,0.0,MEDIUM
0.0008958018224776302,0.34634464751958227,0.0017860751324889675,0.01068618624496027,0.01295064753237662,0.941176470588232,1.0,0.0,0.0,0.0,0.0,1.0,1.0,0.0,0.0,0.0,0.0,0.0,1.0,0.0,MEDIUM
0.10285371434568064,0.3153394255874674,0.11721281020018383,0.6971660077504208,0.20996049802490122,0.617647058823529,1.0,0.0,1.0,0.0,0.0,0.0,0.0,0.0,1.0,0.0,0.0,1.0,0.0,0.0,LONG
0.0019239207222991536,0.5739556135770236,0.0038687430333292053,0.023172975300426665,0.007350367518375919,0.970588235294116,1.0,0.0,0.0,0.0,1.0,0.0,1.0,0.0,0.0,0.0,0.0,0.0,1.0,0.0,MEDIUM
0.0009353448570861497,0.4569190600522194,0.0018708159234464732,0.011155908717266216,0.014450722536126805,1.0,1.0,0.0,0.0,0.0,0.0,1.0,1.0,0.0,0.0,0.0,0.0,0.0,1.0,0.0,MEDIUM
0.0019741099585330445,0.5736945169712794,0.003969780130240077,0.0237601283908091,0.007350367518375919,0.941176470588232,1.0,0.0,0.0,0.0,1.0,0.0,1.0,0.0,0.0,0.0,0.0,0.0,1.0,0.0,MEDIUM
0.0009148128968086491,0.2807441253263708,0.001825186266777047,0.010921047481113243,0.01295064753237662,0.970588235294116,1.0,0.0,0.0,0.0,0.0,1.0,1.0,0.0,0.0,0.0,0.0,0.0,1.0,0.0,MEDIUM
0.00024334175143704735,0.6372062663185379,0.0004888891786009947,0.00199632050730027,0.01295064753237662,0.970588235294116,1.0,0.0,0.0,0.0,0.0,1.0,1.0,0.0,0.0,0.0,0.0,0.0,1.0,0.0,MEDIUM
0.0008958018224776302,0.34627937336814624,0.0017860751324889675,0.01068618624496027,0.01295064753237662,0.941176470588232,1.0,0.0,0.0,0.0,0.0,1.0,1.0,0.0,0.0,0.0,0.0,0.0,1.0,0.0,MEDIUM
0.0008828742919325368,0.34738903394255877,0.001760001042963581,0.010529612087524955,0.01295064753237662,0.970588235294116,1.0,0.0,0.0,0.0,0.0,1.0,1.0,0.0,0.0,0.0,0.0,0.0,1.0,0.0,MEDIUM
0.00031254206200195724,0.34614882506527417,0.0005703707083678272,0.003307629075821036,0.01295064753237662,0.941176470588232,1.0,0.0,0.0,0.0,0.0,1.0,1.0,0.0,0.0,0.0,0.0,0.0,1.0,0.0,MEDIUM
0.0003011354174033455,0.6354438642297651,0.000557333663605134,0.003072767839668063,5.000250012500625e-05,0.970588235294116,0.0,0.0,0.0,0.0,0.0,1.0,1.0,0.0,0.0,0.0,0.0,0.0,1.0,0.0,SHORT
0.0008958018224776302,0.34634464751958227,0.0017860751324889675,0.01068618624496027,0.01295064753237662,0.911764705882355,1.0,0.0,0.0,0.0,0.0,1.0,1.0,0.0,0.0,0.0,0.0,0.0,1.0,0.0,MEDIUM
0.0008843951778790176,0.34738903394255877,0.0017632603041542543,0.010549183857204368,0.01295064753237662,0.970588235294116,1.0,0.0,0.0,0.0,0.0,1.0,1.0,0.0,0.0,0.0,0.0,0.0,1.0,0.0,MEDIUM
0.0008843951778790176,0.34738903394255877,0.0017632603041542543,0.010549183857204368,0.01295064753237662,0.941176470588232,1.0,0.0,0.0,0.0,0.0,1.0,1.0,0.0,0.0,0.0,0.0,0.0,1.0,0.0,MEDIUM
0.0008843951778790176,0.34738903394255877,0.0017632603041542543,0.010549183857204368,0.01295064753237662,0.970588235294116,1.0,0.0,0.0,0.0,0.0,1.0,1.0,0.0,0.0,0.0,0.0,0.0,1.0,0.0,MEDIUM
0.0008843951778790176,0.34738903394255877,0.0017632603041542543,0.010549183857204368,0.01295064753237662,0.970588235294116,1.0,0.0,0.0,0.0,0.0,1.0,1.0,0.0,0.0,0.0,0.0,0.0,1.0,0.0,MEDIUM
0.0008843951778790176,0.34738903394255877,0.0017632603041542543,0.010549183857204368,0.01295064753237662,0.970588235294116,1.0,0.0,0.0,0.0,0.0,1.0,1.0,0.0,0.0,0.0,0.0,0.0,1.0,0.0,MEDIUM
0.0024372197292366754,0.5384464751958224,0.004892151047200621,0.029103221513289233,0.013950697534876743,0.764705882352942,1.0,1.0,0.0,0.0,0.0,0.0,1.0,0.0,0.0,0.0,0.0,0.0,1.0,0.0,MEDIUM
0.0008843951778790176,0.34738903394255877,0.0017632603041542543,0.010549183857204368,0.01295064753237662,0.970588235294116,1.0,0.0,0.0,0.0,0.0,1.0,1.0,0.0,0.0,0.0,0.0,0.0,1.0,0.0,MEDIUM
0.0011368622449949546,0.3067885117493473,0.002284742094661982,0.01366109523623126,0.008550427521376068,0.764705882352942,0.5,0.0,0.0,1.0,0.0,0.0,1.0,0.0,0.0,0.0,0.0,0.0,1.0,0.0,MEDIUM
0.0008843951778790176,0.34738903394255877,0.0017632603041542543,0.010549183857204368,0.01295064753237662,0.970588235294116,1.0,0.0,0.0,0.0,0.0,1.0,1.0,0.0,0.0,0.0,0.0,0.0,1.0,0.0,MEDIUM
0.0019109931917540603,0.5739556135770236,0.0038426689438038186,0.02301640114299135,0.007350367518375919,0.970588235294116,1.0,0.0,0.0,0.0,1.0,0.0,1.0,0.0,0.0,0.0,0.0,0.0,1.0,0.0,MEDIUM
0.0009353448570861497,0.4569190600522194,0.0018708159234464732,0.011155908717266216,0.014450722536126805,1.0,1.0,0.0,0.0,0.0,0.0,1.0,1.0,0.0,0.0,0.0,0.0,0.0,1.0,0.0,MEDIUM
0.10283090105648342,0.03250652741514361,0.11671088397682014,0.6999256272752182,0.20711035551777587,0.44117647058823195,1.0,0.0,0.0,1.0,0.0,0.0,1.0,0.0,0.0,0.0,0.0,1.0,0.0,0.0,LONG
0.0008843951778790176,0.34738903394255877,0.001760001042963581,0.010549183857204368,0.01295064753237662,0.970588235294116,1.0,0.0,0.0,0.0,0.0,1.0,1.0,0.0,0.0,0.0,0.0,0.0,1.0,0.0,MEDIUM
0.0009208964405945756,0.637467362924282,0.0018414825727304136,0.010979762790151486,0.01295064753237662,0.970588235294116,1.0,0.0,0.0,0.0,0.0,1.0,1.0,0.0,0.0,0.0,0.0,0.0,1.0,0.0,MEDIUM
0.0010646201625370815,0.56233681462141,0.0021348160798910104,0.012760793830978197,0.04295214760738037,0.882352941176471,1.0,0.0,0.0,0.0,0.0,1.0,1.0,0.0,0.0,0.0,0.0,0.0,1.0,0.0,LONG
0.10283470327134961,6.527415143603134e-05,0.11665547653657869,0.7003170626688066,0.21496074803740184,1.0,1.0,0.0,1.0,0.0,0.0,0.0,1.0,0.0,0.0,0.0,0.0,1.0,0.0,0.0,LONG
0.0005893433042615985,0.34627937336814624,0.001147259939117001,0.006850119387795044,0.01295064753237662,0.941176470588232,1.0,0.0,0.0,0.0,0.0,1.0,1.0,0.0,0.0,0.0,0.0,0.0,1.0,0.0,MEDIUM
0.0008843951778790176,0.34738903394255877,0.0017632603041542543,0.010549183857204368,0.01295064753237662,0.970588235294116,1.0,0.0,0.0,0.0,0.0,1.0,1.0,0.0,0.0,0.0,0.0,0.0,1.0,0.0,MEDIUM
0.001000742952784856,0.6377937336814622,0.0020142234158360985,0.011938779504442793,0.022301115055752784,0.764705882352942,1.0,0.0,0.0,0.0,1.0,0.0,0.0,1.0,0.0,0.0,0.0,0.0,1.0,0.0,LONG
0.0008843951778790176,0.34738903394255877,0.001760001042963581,0.010549183857204368,0.01295064753237662,0.970588235294116,1.0,0.0,0.0,0.0,0.0,1.0,1.0,0.0,0.0,0.0,0.0,0.0,1.0,0.0,MEDIUM
0.0008843951778790176,0.34738903394255877,0.0017632603041542543,0.010549183857204368,0.01295064753237662,0.970588235294116,1.0,0.0,0.0,0.0,0.0,1.0,1.0,0.0,0.0,0.0,0.0,0.0,1.0,0.0,MEDIUM
0.10283318238540314,0.010117493472584857,0.11670762471562947,0.6999843425842565,0.039951997599879996,0.882352941176471,1.0,0.0,1.0,0.0,0.0,0.0,0.0,0.0,1.0,0.0,0.0,1.0,0.0,0.0,LONG
0.0008843951778790176,0.34738903394255877,0.0017632603041542543,0.010549183857204368,0.01295064753237662,0.970588235294116,1.0,0.0,0.0,0.0,0.0,1.0,1.0,0.0,0.0,0.0,0.0,0.0,1.0,0.0,MEDIUM
0.0009353448570861497,0.4569190600522194,0.0018708159234464732,0.011155908717266216,0.014450722536126805,1.0,1.0,0.0,0.0,0.0,0.0,1.0,1.0,0.0,0.0,0.0,0.0,0.0,1.0,0.0,MEDIUM
0.0009148128968086491,0.28067885117493474,0.001825186266777047,0.010921047481113243,0.014450722536126805,1.0,1.0,0.0,0.0,0.0,0.0,1.0,1.0,0.0,0.0,0.0,0.0,0.0,1.0,0.0,MEDIUM
0.10283014061351017,0.08087467362924283,0.11664569875300668,0.7003170626688066,0.11895594779738987,0.352941176470587,1.0,0.0,0.0,0.0,0.0,1.0,0.0,1.0,0.0,0.0,0.0,1.0,0.0,0.0,LONG
0.0008843951778790176,0.34738903394255877,0.0017632603041542543,0.010549183857204368,0.01295064753237662,0.970588235294116,1.0,0.0,0.0,0.0,0.0,1.0,1.0,0.0,0.0,0.0,0.0,0.0,1.0,0.0,MEDIUM
0.0012615748926064416,0.5639033942558748,0.0025389644675344993,0.015187693271225586,0.04295214760738037,0.823529411764703,1.0,0.0,0.0,0.0,0.0,1.0,1.0,0.0,0.0,0.0,0.0,0.0,1.0,0.0,LONG
0.0009148128968086491,0.28067885117493474,0.001825186266777047,0.010921047481113243,0.01295064753237662,0.970588235294116,1.0,0.0,0.0,0.0,0.0,1.0,1.0,0.0,0.0,0.0,0.0,0.0,1.0,0.0,MEDIUM
0.00029201010172445665,0.34614882506527417,0.000524741051698401,0.0030140525306298197,0.01295064753237662,0.941176470588232,1.0,0.0,0.0,0.0,0.0,1.0,1.0,0.0,0.0,0.0,0.0,0.0,1.0,0.0,MEDIUM
0.04821360538941144,0.41214099216710187,0.1270557789960172,0.026911183309194817,0.10995549777488874,0.941176470588232,1.0,1.0,0.0,0.0,0.0,0.0,0.0,1.0,0.0,0.0,1.0,0.0,0.0,0.0,MEDIUM
0.10286740231919897,0.0046344647519582245,0.11674673584991754,0.7000822014326535,0.14995749787489374,0.647058823529413,1.0,0.0,0.0,1.0,0.0,0.0,1.0,0.0,0.0,0.0,0.0,1.0,0.0,0.0,LONG
0.0009148128968086491,0.28067885117493474,0.001825186266777047,0.010921047481113243,0.014450722536126805,1.0,1.0,0.0,0.0,0.0,0.0,1.0,1.0,0.0,0.0,0.0,0.0,0.0,1.0,0.0,MEDIUM
0.0009148128968086491,0.28067885117493474,0.0018219270055863737,0.010940619250792658,0.01295064753237662,0.970588235294116,1.0,0.0,0.0,0.0,0.0,1.0,1.0,0.0,0.0,0.0,0.0,0.0,1.0,0.0,MEDIUM
0.0008958018224776302,0.34627937336814624,0.0017860751324889675,0.01068618624496027,0.01295064753237662,0.941176470588232,1.0,0.0,0.0,0.0,0.0,1.0,1.0,0.0,0.0,0.0,0.0,0.0,1.0,0.0,MEDIUM
0.0019109931917540603,0.5739556135770236,0.0038426689438038186,0.02301640114299135,0.007350367518375919,0.970588235294116,1.0,0.0,0.0,0.0,1.0,0.0,1.0,0.0,0.0,0.0,0.0,0.0,1.0,0.0,MEDIUM
0.0008843951778790176,0.34738903394255877,0.0017632603041542543,0.010549183857204368,0.01295064753237662,0.970588235294116,1.0,0.0,0.0,0.0,0.0,1.0,1.0,0.0,0.0,0.0,0.0,0.0,1.0,0.0,MEDIUM
0.0019239207222991536,0.5739556135770236,0.0038687430333292053,0.023172975300426665,0.007350367518375919,0.970588235294116,1.0,0.0,0.0,0.0,1.0,0.0,1.0,0.0,0.0,0.0,0.0,0.0,1.0,0.0,MEDIUM
0.0006045521637264139,0.3462140992167102,0.001189630334595754,0.006987121775550945,0.01295064753237662,0.911764705882355,1.0,0.0,0.0,0.0,0.0,1.0,1.0,0.0,0.0,0.0,0.0,0.0,1.0,0.0,MEDIUM
0.0002942914306441795,0.6360966057441254,0.0005475558800331141,0.0029553372215915764,5.000250012500625e-05,0.970588235294116,0.0,0.0,0.0,1.0,0.0,0.0,1.0,0.0,0.0,0.0,0.0,0.0,1.0,0.0,SHORT
0.0008843951778790176,0.34738903394255877,0.0017632603041542543,0.010549183857204368,0.01295064753237662,0.941176470588232,1.0,0.0,0.0,0.0,0.0,1.0,1.0,0.0,0.0,0.0,0.0,0.0,1.0,0.0,MEDIUM
0.0008843951778790176,0.34738903394255877,0.0017632603041542543,0.010549183857204368,0.01295064753237662,0.970588235294116,1.0,0.0,0.0,0.0,0.0,1.0,1.0,0.0,0.0,0.0,0.0,0.0,1.0,0.0,MEDIUM
0.0008958018224776302,0.34634464751958227,0.0017860751324889675,0.01068618624496027,0.01295064753237662,0.911764705882355,1.0,0.0,0.0,0.0,0.0,1.0,1.0,0.0,0.0,0.0,0.0,0.0,1.0,0.0,MEDIUM
0.0008958018224776302,0.34627937336814624,0.0017860751324889675,0.01068618624496027,0.01295064753237662,0.911764705882355,1.0,0.0,0.0,0.0,0.0,1.0,1.0,0.0,0.0,0.0,0.0,0.0,1.0,0.0,MEDIUM
0.0005916246331813214,0.09778067885117495,0.0011602969838796942,0.00683054761811563,0.019950997549877492,0.764705882352942,1.0,0.0,0.0,1.0,0.0,0.0,0.0,1.0,0.0,0.0,0.0,0.0,1.0,0.0,MEDIUM
0.10283926592918907,0.0001305483028720627,0.11665221727538802,0.7003757779778448,0.16995849792489623,0.794117647058826,1.0,0.0,0.0,1.0,0.0,0.0,1.0,0.0,0.0,0.0,0.0,1.0,0.0,0.0,LONG
0.0009148128968086491,0.28067885117493474,0.001825186266777047,0.010921047481113243,0.014450722536126805,1.0,1.0,0.0,0.0,0.0,0.0,1.0,1.0,0.0,0.0,0.0,0.0,0.0,1.0,0.0,MEDIUM
0.0008843951778790176,0.34738903394255877,0.001760001042963581,0.010549183857204368,0.01295064753237662,0.970588235294116,1.0,0.0,0.0,0.0,0.0,1.0,1.0,0.0,0.0,0.0,0.0,0.0,1.0,0.0,MEDIUM
0.0008843951778790176,0.34738903394255877,0.0017632603041542543,0.010549183857204368,0.01295064753237662,0.970588235294116,1.0,0.0,0.0,0.0,0.0,1.0,1.0,0.0,0.0,0.0,0.0,0.0,1.0,0.0,MEDIUM
0.0009148128968086491,0.28067885117493474,0.001825186266777047,0.010921047481113243,0.014450722536126805,1.0,1.0,0.0,0.0,0.0,0.0,1.0,1.0,0.0,0.0,0.0,0.0,0.0,1.0,0.0,MEDIUM
0.0009208964405945756,0.637467362924282,0.0018382233115397403,0.0109993345598309,0.01295064753237662,0.970588235294116,1.0,0.0,0.0,0.0,0.0,1.0,1.0,0.0,0.0,0.0,0.0,0.0,1.0,0.0,MEDIUM
0.0003155838338949196,0.34614882506527417,0.0005768892307491738,0.0033272008455004502,0.01295064753237662,0.941176470588232,1.0,0.0,0.0,0.0,0.0,1.0,1.0,0.0,0.0,0.0,0.0,0.0,1.0,0.0,MEDIUM
0.10283090105648342,0.0003263707571801567,0.11670110619324812,0.7000039143539359,0.2999649982499125,0.735294117647058,1.0,0.0,0.0,1.0,0.0,0.0,1.0,0.0,0.0,0.0,0.0,1.0,0.0,0.0,LONG
0.000292770544697697,0.3460835509138382,0.0005214817905077277,0.0030923396093474774,0.01295064753237662,0.911764705882355,1.0,0.0,0.0,0.0,0.0,1.0,1.0,0.0,0.0,0.0,0.0,0.0,1.0,0.0,MEDIUM
0.10283318238540314,0.02578328981723238,0.11667503210372274,0.7001800602810506,0.29796489824491224,0.5588235294117609,1.0,0.0,0.0,1.0,0.0,0.0,1.0,0.0,0.0,0.0,0.0,1.0,0.0,0.0,LONG
0.0008958018224776302,0.34627937336814624,0.0017860751324889675,0.01068618624496027,0.01295064753237662,0.911764705882355,1.0,0.0,0.0,0.0,0.0,1.0,1.0,0.0,0.0,0.0,0.0,0.0,1.0,0.0,MEDIUM
0.0007376296840435493,0.34634464751958227,0.0014568897522309644,0.008709437507339414,0.01295064753237662,0.941176470588232,1.0,0.0,0.0,0.0,0.0,1.0,1.0,0.0,0.0,0.0,0.0,0.0,1.0,0.0,MEDIUM
0.000290489215777975,0.635313315926893,0.0005410373576517675,0.002916193682232748,0.00015000750037501875,0.911764705882355,0.5,0.0,0.0,0.0,0.0,1.0,0.0,1.0,0.0,0.0,0.0,0.0,1.0,0.0,SHORT
0.0009208964405945756,0.637467362924282,0.0018414825727304136,0.010979762790151486,0.01295064753237662,0.970588235294116,1.0,0.0,0.0,0.0,0.0,1.0,1.0,0.0,0.0,0.0,0.0,0.0,1.0,0.0,MEDIUM
0.04821360538941144,0.40992167101827676,0.12554674106473546,0.03595334090108428,0.1249562478123906,0.882352941176471,1.0,1.0,0.0,0.0,0.0,0.0,1.0,0.0,0.0,0.0,1.0,0.0,0.0,0.0,MEDIUM
0.0024372197292366754,0.5385117493472585,0.004934521442679374,0.028848788507456844,0.012450622531126556,0.705882352941174,1.0,1.0,0.0,0.0,0.0,0.0,1.0,0.0,0.0,0.0,0.0,0.0,1.0,0.0,MEDIUM
0.0008843951778790176,0.34738903394255877,0.0017632603041542543,0.010549183857204368,0.01295064753237662,0.970588235294116,1.0,0.0,0.0,0.0,0.0,1.0,1.0,0.0,0.0,0.0,0.0,0.0,1.0,0.0,MEDIUM
0.00033991800903862557,0.3462140992167102,0.0006257781486092733,0.0036599209300504955,0.01295064753237662,0.941176470588232,1.0,0.0,0.0,0.0,0.0,1.0,1.0,0.0,0.0,0.0,0.0,0.0,1.0,0.0,MEDIUM
0.0008958018224776302,0.34627937336814624,0.0017860751324889675,0.01068618624496027,0.01295064753237662,0.941176470588232,1.0,0.0,0.0,0.0,0.0,1.0,1.0,0.0,0.0,0.0,0.0,0.0,1.0,0.0,MEDIUM
0.0008843951778790176,0.34738903394255877,0.0017632603041542543,0.010549183857204368,0.01295064753237662,0.970588235294116,1.0,0.0,0.0,0.0,0.0,1.0,1.0,0.0,0.0,0.0,0.0,0.0,1.0,0.0,MEDIUM
0.00024942529522297384,0.3460835509138382,0.0004432595219315686,0.0024464712099268016,0.01295064753237662,0.941176470588232,1.0,0.0,0.0,0.0,0.0,1.0,1.0,0.0,0.0,0.0,0.0,0.0,1.0,0.0,MEDIUM
0.0019832352742119343,0.5736292428198434,0.003986076436193444,0.023877559008885586,0.007350367518375919,0.911764705882355,1.0,0.0,0.0,0.0,1.0,0.0,1.0,0.0,0.0,0.0,0.0,0.0,1.0,0.0,MEDIUM
0.0007558803154013279,0.1341383812010444,0.0015057786700910637,0.008885583434454144,0.07310365518275913,0.44117647058823195,1.0,0.0,0.0,0.0,0.0,1.0,0.0,0.0,0.0,1.0,0.0,0.0,1.0,0.0,MEDIUM
0.0009148128968086491,0.2807441253263708,0.001825186266777047,0.010921047481113243,0.014450722536126805,1.0,1.0,0.0,0.0,0.0,0.0,1.0,1.0,0.0,0.0,0.0,0.0,0.0,1.0,0.0,MEDIUM
0.0008843951778790176,0.34738903394255877,0.0017665195653449278,0.01051004031784554,0.01295064753237662,0.970588235294116,1.0,0.0,0.0,0.0,0.0,1.0,1.0,0.0,0.0,0.0,0.0,0.0,1.0,0.0,MEDIUM
0.0008843951778790176,0.34738903394255877,0.0017632603041542543,0.010549183857204368,0.01295064753237662,0.970588235294116,1.0,0.0,0.0,0.0,0.0,1.0,1.0,0.0,0.0,0.0,0.0,0.0,1.0,0.0,MEDIUM
0.0008958018224776302,0.34627937336814624,0.0017860751324889675,0.010705758014639685,0.01295064753237662,0.941176470588232,1.0,0.0,0.0,0.0,0.0,1.0,1.0,0.0,0.0,0.0,0.0,0.0,1.0,0.0,MEDIUM
0.0002973332025371419,0.6345300261096606,0.0005508151412237874,0.003033624300309234,0.00015000750037501875,0.823529411764703,0.0,0.0,0.0,0.0,0.0,1.0,0.0,1.0,0.0,0.0,0.0,0.0,1.0,0.0,SHORT
0.0003148233909216801,0.34719321148825066,0.0005736299695585005,0.0033272008455004502,0.01295064753237662,0.970588235294116,1.0,0.0,0.0,0.0,0.0,1.0,1.0,0.0,0.0,0.0,0.0,0.0,1.0,0.0,MEDIUM
0.0008958018224776302,0.34738903394255877,0.0017860751324889675,0.01068618624496027,0.014950747537376869,0.794117647058826,1.0,0.0,0.0,1.0,0.0,0.0,0.0,1.0,0.0,0.0,0.0,0.0,1.0,0.0,MEDIUM
0.10283394282837638,0.07500000000000001,0.11664895801419735,0.7003366344384859,0.11895594779738987,0.44117647058823195,1.0,0.0,0.0,0.0,0.0,1.0,0.0,1.0,0.0,0.0,0.0,1.0,0.0,0.0,LONG
0.0008843951778790176,0.34738903394255877,0.0017632603041542543,0.010549183857204368,0.01295064753237662,0.970588235294116,1.0,0.0,0.0,0.0,0.0,1.0,1.0,0.0,0.0,0.0,0.0,0.0,1.0,0.0,MEDIUM
0.0008958018224776302,0.34634464751958227,0.0017860751324889675,0.01068618624496027,0.01295064753237662,0.941176470588232,1.0,0.0,0.0,0.0,0.0,1.0,1.0,0.0,0.0,0.0,0.0,0.0,1.0,0.0,MEDIUM
0.0008958018224776302,0.34634464751958227,0.0017860751324889675,0.01068618624496027,0.01295064753237662,0.911764705882355,1.0,0.0,0.0,0.0,0.0,1.0,1.0,0.0,0.0,0.0,0.0,0.0,1.0,0.0,MEDIUM
0.0002783221282061229,0.34614882506527417,0.0004986669621730147,0.00283790660351509,0.01295064753237662,0.941176470588232,1.0,0.0,0.0,0.0,0.0,1.0,1.0,0.0,0.0,0.0,0.0,0.0,1.0,0.0,MEDIUM
0.0006661480445589157,0.3370757180156658,0.0013167415210320126,0.0077699925627275224,0.0004500225011250563,0.264705882352942,0.5,0.0,0.0,0.0,0.0,1.0,0.0,0.0,0.0,1.0,0.0,0.0,1.0,0.0,SHORT
0.0009208964405945756,0.637467362924282,0.0018414825727304136,0.010979762790151486,0.01295064753237662,0.970588235294116,1.0,0.0,0.0,0.0,0.0,1.0,1.0,0.0,0.0,0.0,0.0,0.0,1.0,0.0,MEDIUM
0.0008767907481466103,0.1566579634464752,0.0017469639982008879,0.010451325008807296,0.013950697534876743,0.882352941176471,1.0,0.0,0.0,1.0,0.0,0.0,0.0,1.0,0.0,0.0,0.0,0.0,1.0,0.0,MEDIUM
0.045012140472067794,0.4201697127937337,0.06244418515210972,0.3738403726464947,0.07070353517675884,0.882352941176471,1.0,1.0,0.0,0.0,0.0,0.0,0.0,0.0,1.0,0.0,0.0,0.0,0.0,1.0,MEDIUM
0.0008843951778790176,0.34738903394255877,0.0017632603041542543,0.010549183857204368,0.01295064753237662,0.970588235294116,1.0,0.0,0.0,0.0,0.0,1.0,1.0,0.0,0.0,0.0,0.0,0.0,1.0,0.0,MEDIUM
0.00027604079928640005,0.34614882506527417,0.00048562991741032144,0.0028574783731945045,0.01295064753237662,0.911764705882355,1.0,0.0,0.0,0.0,0.0,1.0,1.0,0.0,0.0,0.0,0.0,0.0,1.0,0.0,MEDIUM
0.0002790825711793633,0.34614882506527417,0.0004954077009823413,0.0028770501428739188,0.01295064753237662,0.941176470588232,1.0,0.0,0.0,0.0,0.0,1.0,1.0,0.0,0.0,0.0,0.0,0.0,1.0,0.0,MEDIUM
0.0003513246536372373,0.6355744125326371,0.0006648892828973529,0.0037186362390887384,5.000250012500625e-05,0.970588235294116,0.0,0.0,0.0,1.0,0.0,0.0,1.0,0.0,0.0,0.0,0.0,0.0,1.0,0.0,SHORT
0.00033459490822593946,0.34614882506527417,0.0006257781486092733,0.0035033467726151802,0.01295064753237662,0.911764705882355,1.0,0.0,0.0,0.0,0.0,1.0,1.0,0.0,0.0,0.0,0.0,0.0,1.0,0.0,MEDIUM
0.0004874439458473351,0.34627937336814624,0.0009484450064859299,0.005480095510236036,0.01295064753237662,0.941176470588232,1.0,0.0,0.0,0.0,0.0,1.0,1.0,0.0,0.0,0.0,0.0,0.0,1.0,0.0,MEDIUM
0.0004159623063627023,0.6351827676240209,0.0007985189917149581,0.004560222335303558,5.000250012500625e-05,0.970588235294116,0.0,0.0,0.0,0.0,0.0,1.0,1.0,0.0,0.0,0.0,0.0,0.0,1.0,0.0,SHORT
0.0009353448570861497,0.4569190600522194,0.0018708159234464732,0.011155908717266216,0.014450722536126805,1.0,1.0,0.0,0.0,0.0,0.0,1.0,1.0,0.0,0.0,0.0,0.0,0.0,1.0,0.0,MEDIUM
0.0008843951778790176,0.34738903394255877,0.0017632603041542543,0.010549183857204368,0.01295064753237662,0.970588235294116,1.0,0.0,0.0,0.0,0.0,1.0,1.0,0.0,0.0,0.0,0.0,0.0,1.0,0.0,MEDIUM
0.0019832352742119343,0.5736292428198434,0.003986076436193444,0.023877559008885586,0.007350367518375919,0.911764705882355,1.0,0.0,0.0,0.0,1.0,0.0,1.0,0.0,0.0,0.0,0.0,0.0,1.0,0.0,MEDIUM
0.0008843951778790176,0.34738903394255877,0.0017632603041542543,0.010549183857204368,0.01295064753237662,0.970588235294116,1.0,0.0,0.0,0.0,0.0,1.0,1.0,0.0,0.0,0.0,0.0,0.0,1.0,0.0,MEDIUM
0.0009148128968086491,0.28067885117493474,0.001825186266777047,0.010921047481113243,0.014450722536126805,1.0,1.0,0.0,0.0,0.0,0.0,1.0,1.0,0.0,0.0,0.0,0.0,0.0,1.0,0.0,MEDIUM
0.05265231102421783,0.32212793733681466,0.08522968013610675,0.33365952949465694,0.03660183009150458,0.735294117647058,1.0,0.0,0.0,1.0,0.0,0.0,0.0,0.0,1.0,0.0,1.0,0.0,0.0,0.0,LONG
0.0008843951778790176,0.34738903394255877,0.0017632603041542543,0.010549183857204368,0.01295064753237662,0.970588235294116,1.0,0.0,0.0,0.0,0.0,1.0,1.0,0.0,0.0,0.0,0.0,0.0,1.0,0.0,MEDIUM
0.0008843951778790176,0.34738903394255877,0.0017632603041542543,0.010549183857204368,0.01295064753237662,0.970588235294116,1.0,0.0,0.0,0.0,0.0,1.0,1.0,0.0,0.0,0.0,0.0,0.0,1.0,0.0,MEDIUM
0.0008958018224776302,0.34627937336814624,0.0017860751324889675,0.01068618624496027,0.01295064753237662,0.911764705882355,1.0,0.0,0.0,0.0,0.0,1.0,1.0,0.0,0.0,0.0,0.0,0.0,1.0,0.0,MEDIUM
0.0008958018224776302,0.34627937336814624,0.0017860751324889675,0.010705758014639685,0.01295064753237662,0.941176470588232,1.0,0.0,0.0,0.0,0.0,1.0,1.0,0.0,0.0,0.0,0.0,0.0,1.0,0.0,MEDIUM
0.0005132990069375218,0.34627937336814624,0.0010397043198247821,0.005577954358633108,0.01295064753237662,0.941176470588232,1.0,0.0,0.0,0.0,0.0,1.0,1.0,0.0,0.0,0.0,0.0,0.0,1.0,0.0,MEDIUM
0.0009208964405945756,0.637467362924282,0.0018480010951117602,0.010940619250792658,0.01295064753237662,0.970588235294116,1.0,0.0,0.0,0.0,0.0,1.0,1.0,0.0,0.0,0.0,0.0,0.0,1.0,0.0,MEDIUM
0.0008843951778790176,0.34738903394255877,0.0017632603041542543,0.010549183857204368,0.01295064753237662,0.970588235294116,1.0,0.0,0.0,0.0,0.0,1.0,1.0,0.0,0.0,0.0,0.0,0.0,1.0,0.0,MEDIUM
0.0002790825711793633,0.3460835509138382,0.0004888891786009947,0.002916193682232748,0.01295064753237662,0.941176470588232,1.0,0.0,0.0,0.0,0.0,1.0,1.0,0.0,0.0,0.0,0.0,0.0,1.0,0.0,MEDIUM
0.04504559996289037,0.42232375979112274,0.06256477781616464,0.3735467961013035,0.07395369768488425,0.5,1.0,1.0,0.0,0.0,0.0,0.0,0.0,0.0,1.0,0.0,0.0,0.0,0.0,1.0,MEDIUM
0.10283394282837638,0.027284595300261096,0.11732362508066672,0.6962852781148472,0.3401670083504175,0.705882352941174,1.0,0.0,0.0,0.0,0.0,1.0,1.0,0.0,0.0,0.0,0.0,1.0,0.0,0.0,LONG
0.0008958018224776302,0.34627937336814624,0.0017860751324889675,0.01068618624496027,0.01295064753237662,0.941176470588232,1.0,0.0,0.0,0.0,0.0,1.0,1.0,0.0,0.0,0.0,0.0,0.0,1.0,0.0,MEDIUM
0.0012798255239642193,0.6433420365535248,0.0025748163406319057,0.015422554507378557,0.05645282264113206,0.823529411764703,1.0,0.0,0.0,1.0,0.0,0.0,0.0,1.0,0.0,0.0,0.0,0.0,1.0,0.0,MEDIUM
0.0008958018224776302,0.34634464751958227,0.0017860751324889675,0.01068618624496027,0.01295064753237662,0.941176470588232,1.0,0.0,0.0,0.0,0.0,1.0,1.0,0.0,0.0,0.0,0.0,0.0,1.0,0.0,MEDIUM
0.0003292718074132542,0.4567885117493473,0.0006160003650372534,0.003425059693897522,0.014450722536126805,1.0,1.0,0.0,0.0,0.0,0.0,1.0,1.0,0.0,0.0,0.0,0.0,0.0,1.0,0.0,MEDIUM
0.00033839712309214395,0.3460835509138382,0.0006160003650372534,0.00367949269972991,0.01295064753237662,0.941176470588232,1.0,0.0,0.0,0.0,0.0,1.0,1.0,0.0,0.0,0.0,0.0,0.0,1.0,0.0,MEDIUM
0.0009041666951832786,0.28067885117493474,0.001802371438442334,0.010784045093357342,0.01295064753237662,0.970588235294116,1.0,0.0,0.0,0.0,0.0,1.0,1.0,0.0,0.0,0.0,0.0,0.0,1.0,0.0,MEDIUM
0.0008958018224776302,0.34634464751958227,0.0017860751324889675,0.01068618624496027,0.01295064753237662,0.911764705882355,1.0,0.0,0.0,0.0,0.0,1.0,1.0,0.0,0.0,0.0,0.0,0.0,1.0,0.0,MEDIUM
0.0009140524538354079,0.28067885117493474,0.001825186266777047,0.010921047481113243,0.014450722536126805,1.0,1.0,0.0,0.0,0.0,0.0,1.0,1.0,0.0,0.0,0.0,0.0,0.0,1.0,0.0,MEDIUM
0.0008843951778790176,0.34738903394255877,0.0017632603041542543,0.010549183857204368,0.01295064753237662,0.970588235294116,1.0,0.0,0.0,0.0,0.0,1.0,1.0,0.0,0.0,0.0,0.0,0.0,1.0,0.0,MEDIUM
0.0008843951778790176,0.34738903394255877,0.0017632603041542543,0.010549183857204368,0.01295064753237662,0.970588235294116,1.0,0.0,0.0,0.0,0.0,1.0,1.0,0.0,0.0,0.0,0.0,0.0,1.0,0.0,MEDIUM
0.0008958018224776302,0.34627937336814624,0.0017860751324889675,0.01068618624496027,0.01295064753237662,0.941176470588232,1.0,0.0,0.0,0.0,0.0,1.0,1.0,0.0,0.0,0.0,0.0,0.0,1.0,0.0,MEDIUM
0.10283090105648342,0.016449086161879897,0.11679236550658698,0.6994559048029123,0.11495574778738937,0.6764705882352899,1.0,0.0,1.0,0.0,0.0,0.0,0.0,0.0,1.0,0.0,0.0,1.0,0.0,0.0,LONG
0.0008843951778790176,0.34738903394255877,0.0017632603041542543,0.010549183857204368,0.01295064753237662,0.970588235294116,1.0,0.0,0.0,0.0,0.0,1.0,1.0,0.0,0.0,0.0,0.0,0.0,1.0,0.0,MEDIUM
0.0019178371785132271,0.5739556135770236,0.003855705988566512,0.02311425999138842,0.007350367518375919,0.941176470588232,0.5,0.0,0.0,0.0,1.0,0.0,1.0,0.0,0.0,0.0,0.0,0.0,1.0,0.0,MEDIUM
0.0009148128968086491,0.28067885117493474,0.0018219270055863737,0.010940619250792658,0.014450722536126805,1.0,1.0,0.0,0.0,0.0,0.0,1.0,1.0,0.0,0.0,0.0,0.0,0.0,1.0,0.0,MEDIUM
0.0008843951778790176,0.34738903394255877,0.0017632603041542543,0.010549183857204368,0.01295064753237662,0.970588235294116,1.0,0.0,0.0,0.0,0.0,1.0,1.0,0.0,0.0,0.0,0.0,0.0,1.0,0.0,MEDIUM
0.001324691659385425,0.6449738903394256,0.002685631221114798,0.015853133440325674,0.06025301265063253,0.647058823529413,1.0,0.0,0.0,1.0,0.0,0.0,0.0,1.0,0.0,0.0,0.0,0.0,1.0,0.0,MEDIUM
0.0009208964405945756,0.637402088772846,0.001834964050349067,0.011018906329510315,0.01295064753237662,0.970588235294116,1.0,0.0,0.0,0.0,0.0,1.0,1.0,0.0,0.0,0.0,0.0,0.0,1.0,0.0,MEDIUM
0.0012615748926064416,0.5639686684073107,0.0025389644675344993,0.015187693271225586,0.04295214760738037,0.852941176470587,1.0,0.0,0.0,0.0,0.0,1.0,1.0,0.0,0.0,0.0,0.0,0.0,1.0,0.0,LONG
0.0019763912874527674,0.5736292428198434,0.003973039391430751,0.023799271930167926,0.007350367518375919,0.911764705882355,1.0,0.0,0.0,0.0,1.0,0.0,1.0,0.0,0.0,0.0,0.0,0.0,1.0,0.0,MEDIUM
0.0019376086958174873,0.5737597911227155,0.0038948171228545916,0.023329549457861982,0.007350367518375919,0.970588235294116,1.0,0.0,0.0,0.0,1.0,0.0,1.0,0.0,0.0,0.0,0.0,0.0,1.0,0.0,MEDIUM
0.0009573977033101328,0.48348563968668407,0.0019164455801158995,0.011449485262457431,0.02930146507325366,0.352941176470587,1.0,0.0,0.0,0.0,0.0,1.0,0.0,0.0,0.0,1.0,0.0,0.0,1.0,0.0,SHORT
0.10283242194242989,0.0001305483028720627,0.11666525432015071,0.7002192038204095,0.1249562478123906,0.941176470588232,1.0,0.0,1.0,0.0,0.0,0.0,1.0,0.0,0.0,0.0,0.0,1.0,0.0,0.0,LONG
0.10283470327134961,0.0001305483028720627,0.11667503210372274,0.7001996320507301,0.32186609330466526,0.823529411764703,1.0,0.0,0.0,1.0,0.0,0.0,1.0,0.0,0.0,0.0,0.0,1.0,0.0,0.0,LONG
0.0008843951778790176,0.34738903394255877,0.0017665195653449278,0.010529612087524955,0.01295064753237662,0.970588235294116,1.0,0.0,0.0,0.0,0.0,1.0,1.0,0.0,0.0,0.0,0.0,0.0,1.0,0.0,MEDIUM
0.0008843951778790176,0.34738903394255877,0.0017632603041542543,0.010549183857204368,0.01295064753237662,0.970588235294116,1.0,0.0,0.0,0.0,0.0,1.0,1.0,0.0,0.0,0.0,0.0,0.0,1.0,0.0,MEDIUM
0.0008843951778790176,0.34738903394255877,0.0017632603041542543,0.010549183857204368,0.01295064753237662,0.941176470588232,1.0,0.0,0.0,0.0,0.0,1.0,1.0,0.0,0.0,0.0,0.0,0.0,1.0,0.0,MEDIUM
0.0008958018224776302,0.34634464751958227,0.0017860751324889675,0.01068618624496027,0.01295064753237662,0.941176470588232,1.0,0.0,0.0,0.0,0.0,1.0,1.0,0.0,0.0,0.0,0.0,0.0,1.0,0.0,MEDIUM
0.10283470327134961,0.0003263707571801567,0.11667829136491341,0.7001800602810506,0.23721186059302962,0.6764705882352899,1.0,0.0,0.0,1.0,0.0,0.0,1.0,0.0,0.0,0.0,0.0,1.0,0.0,0.0,LONG
0.0005855410893953949,0.3462140992167102,0.001157037722689021,0.006713117000039144,0.01295064753237662,0.941176470588232,1.0,0.0,0.0,0.0,0.0,1.0,1.0,0.0,0.0,0.0,0.0,0.0,1.0,0.0,MEDIUM
0.0019376086958174873,0.5737597911227155,0.0038948171228545916,0.023329549457861982,0.007350367518375919,0.941176470588232,1.0,0.0,0.0,0.0,1.0,0.0,1.0,0.0,0.0,0.0,0.0,0.0,1.0,0.0,MEDIUM
0.0008958018224776302,0.34738903394255877,0.0017860751324889675,0.01068618624496027,0.038451922596129805,0.529411764705884,1.0,0.0,0.0,1.0,0.0,0.0,0.0,1.0,0.0,0.0,0.0,0.0,1.0,0.0,LONG
0.0012554913488205142,0.6421018276762402,0.002522668161581133,0.015128977962187342,0.13245662283114154,0.882352941176471,1.0,0.0,1.0,0.0,0.0,0.0,0.0,1.0,0.0,0.0,0.0,0.0,1.0,0.0,MEDIUM
0.10283850548621583,0.0001305483028720627,0.11667503210372274,0.7002192038204095,0.20046002300115004,0.588235294117645,1.0,0.0,0.0,1.0,0.0,0.0,1.0,0.0,0.0,0.0,0.0,1.0,0.0,0.0,LONG
0.0008958018224776302,0.34634464751958227,0.0017860751324889675,0.01068618624496027,0.01295064753237662,0.941176470588232,1.0,0.0,0.0,0.0,0.0,1.0,1.0,0.0,0.0,0.0,0.0,0.0,1.0,0.0,MEDIUM
0.10283470327134961,0.0003263707571801567,0.11671088397682014,0.6999843425842565,0.28896444822241113,0.823529411764703,1.0,0.0,0.0,1.0,0.0,0.0,1.0,0.0,0.0,0.0,0.0,1.0,0.0,0.0,LONG
0.0008958018224776302,0.34627937336814624,0.0017860751324889675,0.010705758014639685,0.01295064753237662,0.911764705882355,1.0,0.0,0.0,0.0,0.0,1.0,1.0,0.0,0.0,0.0,0.0,0.0,1.0,0.0,MEDIUM
0.000319386048761125,0.3462140992167102,0.0005834077531305204,0.003405487924218108,0.01295064753237662,0.941176470588232,1.0,0.0,0.0,0.0,0.0,1.0,1.0,0.0,0.0,0.0,0.0,0.0,1.0,0.0,MEDIUM
0.0008958018224776302,0.34634464751958227,0.0017860751324889675,0.01068618624496027,0.01295064753237662,0.941176470588232,1.0,0.0,0.0,0.0,0.0,1.0,1.0,0.0,0.0,0.0,0.0,0.0,1.0,0.0,MEDIUM
0.00038174237256686713,0.6351827676240209,0.0007202967231387989,0.0041492151720358555,0.00015000750037501875,0.941176470588232,0.0,0.0,0.0,0.0,0.0,1.0,0.0,1.0,0.0,0.0,0.0,0.0,1.0,0.0,SHORT
0.10283698460026935,0.0001305483028720627,0.11667503210372274,0.7002192038204095,0.2816640832041602,0.764705882352942,1.0,0.0,0.0,1.0,0.0,0.0,1.0,0.0,0.0,0.0,0.0,1.0,0.0,0.0,LONG
0.0019239207222991536,0.5739556135770236,0.0038687430333292053,0.023172975300426665,0.007350367518375919,0.970588235294116,1.0,0.0,0.0,0.0,1.0,0.0,1.0,0.0,0.0,0.0,0.0,0.0,1.0,0.0,MEDIUM
0.0008843951778790176,0.34738903394255877,0.0017632603041542543,0.010549183857204368,0.01295064753237662,0.941176470588232,1.0,0.0,0.0,0.0,0.0,1.0,1.0,0.0,0.0,0.0,0.0,0.0,1.0,0.0,MEDIUM
0.1028377450432426,6.527415143603134e-05,0.11664895801419735,0.7003953497475242,0.01295064753237662,0.823529411764703,1.0,0.0,0.0,1.0,0.0,0.0,1.0,0.0,0.0,0.0,0.0,1.0,0.0,0.0,LONG
0.0008958018224776302,0.34738903394255877,0.0017860751324889675,0.01068618624496027,0.1297564878243912,0.352941176470587,1.0,0.0,0.0,1.0,0.0,0.0,1.0,0.0,0.0,0.0,0.0,1.0,0.0,0.0,LONG
0.0008958018224776302,0.34627937336814624,0.0017860751324889675,0.01068618624496027,0.01295064753237662,0.941176470588232,1.0,0.0,0.0,0.0,0.0,1.0,1.0,0.0,0.0,0.0,0.0,0.0,1.0,0.0,MEDIUM
0.000319386048761125,0.34614882506527417,0.000589926275511867,0.0033467726151798645,0.01295064753237662,0.941176470588232,1.0,0.0,0.0,0.0,0.0,1.0,1.0,0.0,0.0,0.0,0.0,0.0,1.0,0.0,MEDIUM
0.10283470327134961,0.03825065274151437,0.11668155062610408,0.7001604885113712,0.23396169808490422,0.382352941176471,1.0,0.0,0.0,1.0,0.0,0.0,1.0,0.0,0.0,0.0,0.0,1.0,0.0,0.0,LONG
0.0009208964405945756,0.637402088772846,0.0018382233115397403,0.010979762790151486,0.01295064753237662,0.970588235294116,1.0,0.0,0.0,0.0,0.0,1.0,1.0,0.0,0.0,0.0,0.0,0.0,1.0,0.0,MEDIUM
0.0008843951778790176,0.34738903394255877,0.0017632603041542543,0.010549183857204368,0.01295064753237662,0.970588235294116,1.0,0.0,0.0,0.0,0.0,1.0,1.0,0.0,0.0,0.0,0.0,0.0,1.0,0.0,MEDIUM
0.0012197505290781983,0.6423629242819844,0.0024509644153863203,0.01467882725956081,0.1249562478123906,0.970588235294116,1.0,0.0,1.0,0.0,0.0,0.0,0.0,1.0,0.0,0.0,0.0,0.0,1.0,0.0,LONG
0.0008843951778790176,0.34738903394255877,0.0017632603041542543,0.010549183857204368,0.01295064753237662,0.970588235294116,1.0,0.0,0.0,0.0,0.0,1.0,1.0,0.0,0.0,0.0,0.0,0.0,1.0,0.0,MEDIUM
0.0009186151116748528,0.28067885117493474,0.001834964050349067,0.010979762790151486,0.014450722536126805,1.0,1.0,0.0,0.0,0.0,0.0,1.0,1.0,0.0,0.0,0.0,0.0,0.0,1.0,0.0,MEDIUM
0.0008958018224776302,0.34634464751958227,0.0017860751324889675,0.01068618624496027,0.01295064753237662,0.941176470588232,1.0,0.0,0.0,0.0,0.0,1.0,1.0,0.0,0.0,0.0,0.0,0.0,1.0,0.0,MEDIUM
0.00029657275956390065,0.34595300261096606,0.0005280003128890743,0.0031510549183857207,0.01295064753237662,0.941176470588232,1.0,0.0,0.0,0.0,0.0,1.0,1.0,0.0,0.0,0.0,0.0,0.0,1.0,0.0,MEDIUM
0.0008965622654508697,0.34634464751958227,0.0017893343936796408,0.01068618624496027,0.01295064753237662,0.970588235294116,1.0,0.0,0.0,0.0,0.0,1.0,1.0,0.0,0.0,0.0,0.0,0.0,1.0,0.0,MEDIUM
0.0008843951778790176,0.34738903394255877,0.0017632603041542543,0.010549183857204368,0.01295064753237662,0.970588235294116,1.0,0.0,0.0,0.0,0.0,1.0,1.0,0.0,0.0,0.0,0.0,0.0,1.0,0.0,MEDIUM
0.0008843951778790176,0.34738903394255877,0.0017632603041542543,0.010549183857204368,0.01295064753237662,0.970588235294116,1.0,0.0,0.0,0.0,0.0,1.0,1.0,0.0,0.0,0.0,0.0,0.0,1.0,0.0,MEDIUM
0.10283394282837638,6.527415143603134e-05,0.116642439491816,0.7003757779778448,0.01295064753237662,0.764705882352942,1.0,0.0,0.0,1.0,0.0,0.0,1.0,0.0,0.0,0.0,0.0,1.0,0.0,0.0,LONG
0.05242721990413855,0.3537206266318538,0.07024359718139092,0.42087133518612757,0.039951997599879996,0.852941176470587,1.0,0.0,1.0,0.0,0.0,0.0,0.0,0.0,1.0,0.0,0.0,0.0,0.0,1.0,LONG
0.10446737433489756,0.041253263707571805,0.11811236628880965,0.7079696246134576,0.1474573728686434,0.352941176470587,1.0,0.0,0.0,1.0,0.0,0.0,1.0,0.0,0.0,0.0,0.0,1.0,0.0,0.0,LONG
0.0008843951778790176,0.34738903394255877,0.0017632603041542543,0.010549183857204368,0.01295064753237662,0.941176470588232,1.0,0.0,0.0,0.0,0.0,1.0,1.0,0.0,0.0,0.0,0.0,0.0,1.0,0.0,MEDIUM
0.0009353448570861497,0.4569190600522194,0.0018708159234464732,0.011155908717266216,0.014450722536126805,1.0,1.0,0.0,0.0,0.0,0.0,1.0,1.0,0.0,0.0,0.0,0.0,0.0,1.0,0.0,MEDIUM
0.0011262160433695842,0.6422976501305484,0.002261927266327269,0.013543664618154774,0.040202010100505024,0.852941176470587,1.0,0.0,1.0,0.0,0.0,0.0,0.0,1.0,0.0,0.0,0.0,0.0,1.0,0.0,LONG
0.0008843951778790176,0.34738903394255877,0.0017632603041542543,0.010549183857204368,0.01295064753237662,0.970588235294116,1.0,0.0,0.0,0.0,0.0,1.0,1.0,0.0,0.0,0.0,0.0,0.0,1.0,0.0,MEDIUM
0.000311781619028716,0.6353785900783291,0.0005834077531305204,0.0031901984577445493,0.00025001250062503126,0.970588235294116,0.5,0.0,0.0,0.0,0.0,1.0,0.0,1.0,0.0,0.0,0.0,0.0,1.0,0.0,SHORT
0.0009353448570861497,0.4569190600522194,0.0018708159234464732,0.011155908717266216,0.014450722536126805,1.0,1.0,0.0,0.0,0.0,0.0,1.0,1.0,0.0,0.0,0.0,0.0,0.0,1.0,0.0,MEDIUM
0.10283318238540314,0.000587467362924282,0.1166913284096761,0.7000822014326535,0.17015850792539625,0.794117647058826,1.0,0.0,0.0,1.0,0.0,0.0,1.0,0.0,0.0,0.0,0.0,1.0,0.0,0.0,LONG
0.0009353448570861497,0.4569190600522194,0.0018708159234464732,0.01117548048694563,0.014450722536126805,1.0,1.0,0.0,0.0,0.0,0.0,1.0,1.0,0.0,0.0,0.0,0.0,0.0,1.0,0.0,MEDIUM
0.0008836347349057781,0.34738903394255877,0.0017632603041542543,0.010549183857204368,0.01295064753237662,0.941176470588232,1.0,0.0,0.0,0.0,0.0,1.0,1.0,0.0,0.0,0.0,0.0,0.0,1.0,0.0,MEDIUM
0.0008843951778790176,0.34738903394255877,0.0017632603041542543,0.010549183857204368,0.01295064753237662,0.970588235294116,1.0,0.0,0.0,0.0,0.0,1.0,1.0,0.0,0.0,0.0,0.0,0.0,1.0,0.0,MEDIUM
0.0008958018224776302,0.34634464751958227,0.0017860751324889675,0.01068618624496027,0.01295064753237662,0.941176470588232,1.0,0.0,0.0,0.0,0.0,1.0,1.0,0.0,0.0,0.0,0.0,0.0,1.0,0.0,MEDIUM
0.10283394282837638,0.0002610966057441254,0.1166685135813414,0.7002387755900888,0.24521226061303064,0.705882352941174,1.0,0.0,0.0,1.0,0.0,0.0,1.0,0.0,0.0,0.0,0.0,1.0,0.0,0.0,LONG
0.10283546371432285,0.0001305483028720627,0.11665873579776936,0.7002974908991272,0.17495874793739685,0.852941176470587,1.0,0.0,0.0,1.0,0.0,0.0,1.0,0.0,0.0,0.0,0.0,1.0,0.0,0.0,LONG
0.0013376191899305183,0.643668407310705,0.0026921497434961444,0.016127138215837476,0.037451872593629684,0.5588235294117609,1.0,0.0,0.0,1.0,0.0,0.0,0.0,1.0,0.0,0.0,0.0,0.0,1.0,0.0,MEDIUM
0.0003551268685034409,0.6355744125326371,0.000677926327660046,0.003738208008768153,5.000250012500625e-05,1.0,0.0,0.0,0.0,0.0,0.0,1.0,1.0,0.0,0.0,0.0,0.0,0.0,1.0,0.0,SHORT
0.0008843951778790176,0.34738903394255877,0.0017632603041542543,0.010549183857204368,0.01295064753237662,0.970588235294116,1.0,0.0,0.0,0.0,0.0,1.0,1.0,0.0,0.0,0.0,0.0,0.0,1.0,0.0,MEDIUM
0.0008958018224776302,0.34634464751958227,0.0017860751324889675,0.010705758014639685,0.01295064753237662,0.911764705882355,1.0,0.0,0.0,0.0,0.0,1.0,1.0,0.0,0.0,0.0,0.0,0.0,1.0,0.0,MEDIUM
0.0024372197292366754,0.5385770234986946,0.004924743659107353,0.028927075586174505,0.013950697534876743,0.735294117647058,1.0,1.0,0.0,0.0,0.0,0.0,1.0,0.0,0.0,0.0,0.0,0.0,1.0,0.0,MEDIUM
0.0008843951778790176,0.34738903394255877,0.0017632603041542543,0.010549183857204368,0.01295064753237662,0.970588235294116,1.0,0.0,0.0,0.0,0.0,1.0,1.0,0.0,0.0,0.0,0.0,0.0,1.0,0.0,MEDIUM
0.0008958018224776302,0.34738903394255877,0.0017860751324889675,0.01068618624496027,0.014950747537376869,0.382352941176471,1.0,0.0,0.0,1.0,0.0,0.0,0.0,1.0,0.0,0.0,0.0,0.0,1.0,0.0,MEDIUM
0.0009353448570861497,0.4569190600522194,0.0018708159234464732,0.011155908717266216,0.014450722536126805,1.0,1.0,0.0,0.0,0.0,0.0,1.0,1.0,0.0,0.0,0.0,0.0,0.0,1.0,0.0,MEDIUM
0.10430159776673108,0.015926892950391645,0.11804066254261485,0.7067366031236545,0.1016050802540127,0.470588235294116,1.0,0.0,0.0,1.0,0.0,0.0,1.0,0.0,0.0,0.0,0.0,1.0,0.0,0.0,LONG
0.0008958018224776302,0.34627937336814624,0.0017860751324889675,0.01068618624496027,0.01295064753237662,0.941176470588232,1.0,0.0,0.0,0.0,0.0,1.0,1.0,0.0,0.0,0.0,0.0,0.0,1.0,0.0,MEDIUM
0.0008958018224776302,0.34627937336814624,0.0017860751324889675,0.01068618624496027,0.01295064753237662,0.941176470588232,1.0,0.0,0.0,0.0,0.0,1.0,1.0,0.0,0.0,0.0,0.0,0.0,1.0,0.0,MEDIUM
0.0008843951778790176,0.34738903394255877,0.0017632603041542543,0.010549183857204368,0.01295064753237662,0.970588235294116,1.0,0.0,0.0,0.0,0.0,1.0,1.0,0.0,0.0,0.0,0.0,0.0,1.0,0.0,MEDIUM
0.0009148128968086491,0.2807441253263708,0.001825186266777047,0.010921047481113243,0.014450722536126805,1.0,1.0,0.0,0.0,0.0,0.0,1.0,1.0,0.0,0.0,0.0,0.0,0.0,1.0,0.0,MEDIUM
0.0019436922396034138,0.5737597911227155,0.003907854167617284,0.02340783653657964,0.007335366768338417,0.882352941176471,1.0,0.0,0.0,0.0,1.0,0.0,1.0,0.0,0.0,0.0,0.0,0.0,1.0,0.0,MEDIUM
0.0008843951778790176,0.34738903394255877,0.0017632603041542543,0.010549183857204368,0.01295064753237662,0.970588235294116,1.0,0.0,0.0,0.0,0.0,1.0,1.0,0.0,0.0,0.0,0.0,0.0,1.0,0.0,MEDIUM
0.0008958018224776302,0.34627937336814624,0.0017860751324889675,0.01068618624496027,0.01295064753237662,0.941176470588232,1.0,0.0,0.0,0.0,0.0,1.0,1.0,0.0,0.0,0.0,0.0,0.0,1.0,0.0,MEDIUM
0.0002996145314568639,0.6352480417754569,0.0005508151412237874,0.003072767839668063,0.00015000750037501875,0.911764705882355,0.5,0.0,0.0,0.0,0.0,1.0,0.0,1.0,0.0,0.0,0.0,0.0,1.0,0.0,SHORT
0.00028364522901880816,0.6351827676240209,0.0005280003128890743,0.0028183348338356755,0.00015000750037501875,0.911764705882355,0.0,0.0,0.0,0.0,0.0,1.0,0.0,1.0,0.0,0.0,0.0,0.0,1.0,0.0,SHORT
0.0008958018224776302,0.34627937336814624,0.0017860751324889675,0.01068618624496027,0.01295064753237662,0.941176470588232,1.0,0.0,0.0,0.0,0.0,1.0,1.0,0.0,0.0,0.0,0.0,0.0,1.0,0.0,MEDIUM
0.0009208964405945756,0.637467362924282,0.0018480010951117602,0.010940619250792658,0.01295064753237662,0.970588235294116,1.0,0.0,0.0,0.0,0.0,1.0,1.0,0.0,0.0,0.0,0.0,0.0,1.0,0.0,MEDIUM
0.0008843951778790176,0.34738903394255877,0.0017632603041542543,0.010549183857204368,0.01295064753237662,0.941176470588232,1.0,0.0,0.0,0.0,0.0,1.0,1.0,0.0,0.0,0.0,0.0,0.0,1.0,0.0,MEDIUM
0.0009148128968086491,0.28067885117493474,0.001825186266777047,0.010921047481113243,0.014450722536126805,1.0,1.0,0.0,0.0,0.0,0.0,1.0,1.0,0.0,0.0,0.0,0.0,0.0,1.0,0.0,MEDIUM
0.0019763912874527674,0.5736292428198434,0.003973039391430751,0.023799271930167926,0.007350367518375919,0.911764705882355,1.0,0.0,0.0,0.0,1.0,0.0,1.0,0.0,0.0,0.0,0.0,0.0,1.0,0.0,MEDIUM
0.0009208964405945756,0.637402088772846,0.001844741833921087,0.010960191020472071,0.01295064753237662,0.970588235294116,1.0,0.0,0.0,0.0,0.0,1.0,1.0,0.0,0.0,0.0,0.0,0.0,1.0,0.0,MEDIUM
0.00028440567199204854,0.6354438642297651,0.0005280003128890743,0.00283790660351509,0.00025001250062503126,0.970588235294116,0.0,0.0,0.0,0.0,0.0,1.0,0.0,1.0,0.0,0.0,0.0,0.0,1.0,0.0,SHORT
0.0008843951778790176,0.34738903394255877,0.0017632603041542543,0.010549183857204368,0.01295064753237662,0.970588235294116,1.0,0.0,0.0,0.0,0.0,1.0,1.0,0.0,0.0,0.0,0.0,0.0,1.0,0.0,MEDIUM
0.00027375947036667805,0.34725848563968675,0.00048237065621964815,0.00283790660351509,0.01295064753237662,0.970588235294116,1.0,0.0,0.0,0.0,0.0,1.0,1.0,0.0,0.0,0.0,0.0,0.0,1.0,0.0,MEDIUM
0.0008843951778790176,0.34738903394255877,0.0017632603041542543,0.010549183857204368,0.01295064753237662,0.970588235294116,1.0,0.0,0.0,0.0,0.0,1.0,1.0,0.0,0.0,0.0,0.0,0.0,1.0,0.0,MEDIUM
0.0008843951778790176,0.34738903394255877,0.0017632603041542543,0.010549183857204368,0.01295064753237662,0.970588235294116,1.0,0.0,0.0,0.0,0.0,1.0,1.0,0.0,0.0,0.0,0.0,0.0,1.0,0.0,MEDIUM
0.0008843951778790176,0.34738903394255877,0.0017632603041542543,0.010549183857204368,0.01295064753237662,0.970588235294116,1.0,0.0,0.0,0.0,0.0,1.0,1.0,0.0,0.0,0.0,0.0,0.0,1.0,0.0,MEDIUM
0.0008083508805549408,0.5727154046997389,0.001606815767001936,0.009570595373233648,0.023351167558377916,0.705882352941174,1.0,0.0,0.0,1.0,0.0,0.0,0.0,1.0,0.0,0.0,0.0,0.0,1.0,0.0,MEDIUM
0.0009148128968086491,0.28067885117493474,0.001825186266777047,0.010921047481113243,0.014450722536126805,1.0,1.0,0.0,0.0,0.0,0.0,1.0,1.0,0.0,0.0,0.0,0.0,0.0,1.0,0.0,MEDIUM
0.0002790825711793633,0.34614882506527417,0.0005084447457450346,0.0028183348338356755,0.01295064753237662,0.911764705882355,1.0,0.0,0.0,0.0,0.0,1.0,1.0,0.0,0.0,0.0,0.0,0.0,1.0,0.0,MEDIUM
0.10283242194242989,0.0001305483028720627,0.11667177284253206,0.7001800602810506,0.2769638481924096,0.617647058823529,1.0,0.0,0.0,1.0,0.0,0.0,1.0,0.0,0.0,0.0,0.0,1.0,0.0,0.0,LONG
0.0008843951778790176,0.34738903394255877,0.0017632603041542543,0.010549183857204368,0.01295064753237662,0.970588235294116,1.0,0.0,0.0,0.0,0.0,1.0,1.0,0.0,0.0,0.0,0.0,0.0,1.0,0.0,MEDIUM
0.10283394282837638,0.0001305483028720627,0.11668155062610408,0.7001409167416918,0.2599629981499075,0.823529411764703,1.0,0.0,0.0,1.0,0.0,0.0,1.0,0.0,0.0,0.0,0.0,1.0,0.0,0.0,LONG
0.0009999825098116148,0.6387728459530027,0.002007704893454752,0.011958351274122207,0.1399569978498925,0.735294117647058,1.0,0.0,0.0,0.0,0.0,1.0,0.0,1.0,0.0,0.0,0.0,0.0,1.0,0.0,LONG
0.00037261705688797827,0.3462140992167102,0.0006909633724227393,0.004090499862997613,0.01295064753237662,0.911764705882355,1.0,0.0,0.0,0.0,0.0,1.0,1.0,0.0,0.0,0.0,0.0,0.0,1.0,0.0,MEDIUM
0.0008843951778790176,0.34738903394255877,0.0017632603041542543,0.010549183857204368,0.01295064753237662,0.970588235294116,1.0,0.0,0.0,0.0,0.0,1.0,1.0,0.0,0.0,0.0,0.0,0.0,1.0,0.0,MEDIUM
0.0019376086958174873,0.5737597911227155,0.0038980763840452647,0.023329549457861982,0.007350367518375919,1.0,1.0,0.0,0.0,0.0,1.0,0.0,1.0,0.0,0.0,0.0,0.0,0.0,1.0,0.0,MEDIUM
0.0002775616852328817,0.3460182767624021,0.000501926223363688,0.002798763064156261,0.01295064753237662,0.911764705882355,1.0,0.0,0.0,0.0,0.0,1.0,1.0,0.0,0.0,0.0,0.0,0.0,1.0,0.0,MEDIUM
0.0019109931917540603,0.5739556135770236,0.0038426689438038186,0.02301640114299135,0.007350367518375919,0.970588235294116,1.0,0.0,0.0,0.0,1.0,0.0,1.0,0.0,0.0,0.0,0.0,0.0,1.0,0.0,MEDIUM
0.000676794246184287,0.6356396866840731,0.0013493341329387455,0.00784827964144518,0.00025001250062503126,1.0,0.0,0.0,0.0,0.0,0.0,1.0,0.0,1.0,0.0,0.0,0.0,0.0,1.0,0.0,SHORT
0.001970307743666841,0.5736945169712794,0.003960002346668058,0.02372098485145027,0.007350367518375919,0.911764705882355,1.0,0.0,0.0,0.0,1.0,0.0,1.0,0.0,0.0,0.0,0.0,0.0,1.0,0.0,MEDIUM
0.0010577761757779138,0.6381853785900784,0.002121779035128317,0.01268250675226054,0.006450322516125807,0.617647058823529,0.5,0.0,0.0,1.0,0.0,0.0,0.0,1.0,0.0,0.0,0.0,0.0,1.0,0.0,MEDIUM
0.002301860879999817,0.3392950391644909,0.004611854584802717,0.027654910557012566,0.03495174758737937,0.705882352941174,1.0,0.0,0.0,1.0,0.0,0.0,1.0,0.0,0.0,0.0,0.0,0.0,1.0,0.0,LONG
0.10283546371432285,0.0003263707571801567,0.11667177284253206,0.7002192038204095,0.27746387319365967,0.911764705882355,1.0,0.0,1.0,0.0,0.0,0.0,1.0,0.0,0.0,0.0,0.0,1.0,0.0,0.0,LONG
0.0009353448570861497,0.4569190600522194,0.0018708159234464732,0.011155908717266216,0.01295064753237662,0.941176470588232,1.0,0.0,0.0,0.0,0.0,1.0,1.0,0.0,0.0,0.0,0.0,0.0,1.0,0.0,MEDIUM
0.10283394282837638,0.0003263707571801567,0.11667177284253206,0.7001996320507301,0.14685734286714333,0.735294117647058,1.0,0.0,0.0,1.0,0.0,0.0,1.0,0.0,0.0,0.0,0.0,1.0,0.0,0.0,LONG
0.0009353448570861497,0.4569190600522194,0.0018708159234464732,0.011155908717266216,0.014450722536126805,1.0,1.0,0.0,0.0,0.0,0.0,1.0,1.0,0.0,0.0,0.0,0.0,0.0,1.0,0.0,MEDIUM
0.001963463756907674,0.5737597911227155,0.003946965301905365,0.02364269777273261,0.007350367518375919,0.941176470588232,1.0,0.0,0.0,0.0,1.0,0.0,1.0,0.0,0.0,0.0,0.0,0.0,1.0,0.0,MEDIUM
0.0008958018224776302,0.34627937336814624,0.0017860751324889675,0.01068618624496027,0.01295064753237662,0.941176470588232,1.0,0.0,0.0,0.0,0.0,1.0,1.0,0.0,0.0,0.0,0.0,0.0,1.0,0.0,MEDIUM
0.0008843951778790176,0.34738903394255877,0.0017632603041542543,0.010549183857204368,0.01295064753237662,0.970588235294116,1.0,0.0,0.0,0.0,0.0,1.0,1.0,0.0,0.0,0.0,0.0,0.0,1.0,0.0,MEDIUM
0.0008843951778790176,0.34738903394255877,0.0017632603041542543,0.010549183857204368,0.01295064753237662,0.970588235294116,1.0,0.0,0.0,0.0,0.0,1.0,1.0,0.0,0.0,0.0,0.0,0.0,1.0,0.0,MEDIUM
0.0009208964405945756,0.637467362924282,0.0018382233115397403,0.0109993345598309,0.01295064753237662,0.970588235294116,1.0,0.0,0.0,0.0,0.0,1.0,1.0,0.0,0.0,0.0,0.0,0.0,1.0,0.0,MEDIUM
0.0008958018224776302,0.34634464751958227,0.0017893343936796408,0.010666614475280856,0.01295064753237662,0.911764705882355,1.0,0.0,0.0,0.0,0.0,1.0,1.0,0.0,0.0,0.0,0.0,0.0,1.0,0.0,MEDIUM
0.0019376086958174873,0.5737597911227155,0.0038948171228545916,0.023329549457861982,0.007350367518375919,0.911764705882355,1.0,0.0,0.0,0.0,1.0,0.0,1.0,0.0,0.0,0.0,0.0,0.0,1.0,0.0,MEDIUM
0.0008843951778790176,0.34738903394255877,0.0017632603041542543,0.010529612087524955,0.01295064753237662,0.970588235294116,1.0,0.0,0.0,0.0,0.0,1.0,1.0,0.0,0.0,0.0,0.0,0.0,1.0,0.0,MEDIUM
0.0009148128968086491,0.28067885117493474,0.001825186266777047,0.010921047481113243,0.014450722536126805,1.0,1.0,0.0,0.0,0.0,0.0,1.0,1.0,0.0,0.0,0.0,0.0,0.0,1.0,0.0,MEDIUM
0.0008843951778790176,0.34738903394255877,0.0017632603041542543,0.010549183857204368,0.01295064753237662,0.970588235294116,1.0,0.0,0.0,0.0,0.0,1.0,1.0,0.0,0.0,0.0,0.0,0.0,1.0,0.0,MEDIUM
0.0009148128968086491,0.28067885117493474,0.001825186266777047,0.010921047481113243,0.014450722536126805,1.0,1.0,0.0,0.0,0.0,0.0,1.0,1.0,0.0,0.0,0.0,0.0,0.0,1.0,0.0,MEDIUM
0.0008843951778790176,0.34738903394255877,0.0017632603041542543,0.010549183857204368,0.01295064753237662,0.941176470588232,1.0,0.0,0.0,0.0,0.0,1.0,1.0,0.0,0.0,0.0,0.0,0.0,1.0,0.0,MEDIUM
0.0008958018224776302,0.34627937336814624,0.0017860751324889675,0.01068618624496027,0.01295064753237662,0.941176470588232,1.0,0.0,0.0,0.0,0.0,1.0,1.0,0.0,0.0,0.0,0.0,0.0,1.0,0.0,MEDIUM
0.0003741379428344599,0.34712793733681463,0.0007235559843294723,0.003933925705562297,0.01295064753237662,0.970588235294116,1.0,0.0,0.0,0.0,0.0,1.0,1.0,0.0,0.0,0.0,0.0,0.0,1.0,0.0,MEDIUM
0.0003201464917343645,0.6351174934725848,0.0006062225814652335,0.003268485536462207,0.00015000750037501875,0.941176470588232,0.5,0.0,0.0,0.0,0.0,1.0,0.0,1.0,0.0,0.0,0.0,0.0,1.0,0.0,SHORT
0.00027604079928640005,0.6356396866840731,0.0005084447457450346,0.002740047755118018,5.000250012500625e-05,1.0,0.0,0.0,0.0,0.0,0.0,1.0,1.0,0.0,0.0,0.0,0.0,0.0,1.0,0.0,SHORT
0.0008958018224776302,0.34627937336814624,0.0017860751324889675,0.01068618624496027,0.01295064753237662,0.941176470588232,1.0,0.0,0.0,0.0,0.0,1.0,1.0,0.0,0.0,0.0,0.0,0.0,1.0,0.0,MEDIUM
0.0008843951778790176,0.34738903394255877,0.0017632603041542543,0.010549183857204368,0.01295064753237662,0.941176470588232,1.0,0.0,0.0,0.0,0.0,1.0,1.0,0.0,0.0,0.0,0.0,0.0,1.0,0.0,MEDIUM
0.10430235820970432,0.010443864229765015,0.117949403229276,0.7073041844443575,0.24456222811140554,0.588235294117645,1.0,0.0,0.0,1.0,0.0,0.0,1.0,0.0,0.0,0.0,0.0,1.0,0.0,0.0,LONG
0.00026995725550047443,0.34719321148825066,0.0004758521338383016,0.002759619524797432,0.01295064753237662,0.970588235294116,1.0,0.0,0.0,0.0,0.0,1.0,1.0,0.0,0.0,0.0,0.0,0.0,1.0,0.0,MEDIUM
0.0005003714763924284,0.34614882506527417,0.0009745190960113162,0.005636669667671351,0.01295064753237662,0.941176470588232,1.0,0.0,0.0,0.0,0.0,1.0,1.0,0.0,0.0,0.0,0.0,0.0,1.0,0.0,MEDIUM
0.0008843951778790176,0.34738903394255877,0.0017632603041542543,0.010549183857204368,0.01295064753237662,0.970588235294116,1.0,0.0,0.0,0.0,0.0,1.0,1.0,0.0,0.0,0.0,0.0,0.0,1.0,0.0,MEDIUM
0.0008843951778790176,0.34738903394255877,0.0017632603041542543,0.010549183857204368,0.01295064753237662,0.970588235294116,1.0,0.0,0.0,0.0,0.0,1.0,1.0,0.0,0.0,0.0,0.0,0.0,1.0,0.0,MEDIUM
0.00030037497443010513,0.6344647519582246,0.0005605929247958073,0.003033624300309234,0.00015000750037501875,0.823529411764703,0.0,0.0,0.0,0.0,0.0,1.0,0.0,1.0,0.0,0.0,0.0,0.0,1.0,0.0,SHORT
0.0009208964405945756,0.637467362924282,0.0018414825727304136,0.010979762790151486,0.01295064753237662,0.970588235294116,1.0,0.0,0.0,0.0,0.0,1.0,1.0,0.0,0.0,0.0,0.0,0.0,1.0,0.0,MEDIUM
0.0008843951778790176,0.34738903394255877,0.0017632603041542543,0.010549183857204368,0.01295064753237662,0.970588235294116,1.0,0.0,0.0,0.0,0.0,1.0,1.0,0.0,0.0,0.0,0.0,0.0,1.0,0.0,MEDIUM
0.000539914511000948,0.3462140992167102,0.0010560006257781486,0.006145535679336126,0.01295064753237662,0.941176470588232,1.0,0.0,0.0,0.0,0.0,1.0,1.0,0.0,0.0,0.0,0.0,0.0,1.0,0.0,MEDIUM
0.002301860879999817,0.33942558746736295,0.0046085953236120435,0.027654910557012566,0.03495174758737937,0.705882352941174,1.0,0.0,0.0,1.0,0.0,0.0,1.0,0.0,0.0,0.0,0.0,0.0,1.0,0.0,LONG
0.0008958018224776302,0.34627937336814624,0.0017860751324889675,0.01068618624496027,0.01295064753237662,0.911764705882355,1.0,0.0,0.0,0.0,0.0,1.0,1.0,0.0,0.0,0.0,0.0,0.0,1.0,0.0,MEDIUM
0.0004509426831317779,0.6357049608355092,0.0008767412602911172,0.004951657728891847,5.000250012500625e-05,1.0,0.0,0.0,0.0,0.0,0.0,1.0,1.0,0.0,0.0,0.0,0.0,0.0,1.0,0.0,SHORT
0.0004220458501486288,0.34614882506527417,0.0008148152976683245,0.004599365874662387,0.01295064753237662,0.911764705882355,1.0,0.0,0.0,0.0,0.0,1.0,1.0,0.0,0.0,0.0,0.0,0.0,1.0,0.0,MEDIUM
0.0019505362263625807,0.5738250652741514,0.003920891212379978,0.02350569538497671,0.007350367518375919,0.941176470588232,1.0,0.0,0.0,0.0,1.0,0.0,1.0,0.0,0.0,0.0,0.0,0.0,1.0,0.0,MEDIUM
0.0019376086958174873,0.5737597911227155,0.0038948171228545916,0.023329549457861982,0.007350367518375919,0.941176470588232,1.0,0.0,0.0,0.0,1.0,0.0,1.0,0.0,0.0,0.0,0.0,0.0,1.0,0.0,MEDIUM
0.0002775616852328817,0.34719321148825066,0.000501926223363688,0.002798763064156261,0.01295064753237662,0.970588235294116,1.0,0.0,0.0,0.0,0.0,1.0,1.0,0.0,0.0,0.0,0.0,0.0,1.0,0.0,MEDIUM
0.0008843951778790176,0.34738903394255877,0.0017632603041542543,0.010549183857204368,0.01295064753237662,0.970588235294116,1.0,0.0,0.0,0.0,0.0,1.0,1.0,0.0,0.0,0.0,0.0,0.0,1.0,0.0,MEDIUM
0.0019307647090583205,0.5738250652741514,0.0038817800780918984,0.023251262379144322,0.007350367518375919,1.0,1.0,0.0,0.0,0.0,1.0,0.0,1.0,0.0,0.0,0.0,0.0,0.0,1.0,0.0,MEDIUM
0.0008843951778790176,0.34738903394255877,0.0017632603041542543,0.010549183857204368,0.01295064753237662,0.970588235294116,1.0,0.0,0.0,0.0,0.0,1.0,1.0,0.0,0.0,0.0,0.0,0.0,1.0,0.0,MEDIUM
0.0008843951778790176,0.34738903394255877,0.0017632603041542543,0.010549183857204368,0.01295064753237662,0.970588235294116,1.0,0.0,0.0,0.0,0.0,1.0,1.0,0.0,0.0,0.0,0.0,0.0,1.0,0.0,MEDIUM
0.0008958018224776302,0.3464099216710183,0.001802371438442334,0.010588327396563197,0.01295064753237662,0.911764705882355,1.0,0.0,0.0,0.0,0.0,1.0,1.0,0.0,0.0,0.0,0.0,0.0,1.0,0.0,MEDIUM
0.0019763912874527674,0.5736292428198434,0.003973039391430751,0.023799271930167926,0.007350367518375919,0.911764705882355,0.5,0.0,0.0,0.0,1.0,0.0,1.0,0.0,0.0,0.0,0.0,0.0,1.0,0.0,MEDIUM
0.10283470327134961,0.0004569190600522194,0.11667503210372274,0.7001996320507301,0.19995999799989997,0.823529411764703,1.0,0.0,0.0,1.0,0.0,0.0,0.0,0.0,1.0,0.0,0.0,1.0,0.0,0.0,LONG
0.0008958018224776302,0.34627937336814624,0.0017860751324889675,0.01068618624496027,0.01295064753237662,0.941176470588232,1.0,0.0,0.0,0.0,0.0,1.0,1.0,0.0,0.0,0.0,0.0,0.0,1.0,0.0,MEDIUM
0.0003155838338949196,0.2806135770234987,0.0005736299695585005,0.0033272008455004502,0.014450722536126805,1.0,1.0,0.0,0.0,0.0,0.0,1.0,1.0,0.0,0.0,0.0,0.0,0.0,1.0,0.0,MEDIUM
0.0009353448570861497,0.4569190600522194,0.0018708159234464732,0.011155908717266216,0.014450722536126805,1.0,1.0,0.0,0.0,0.0,0.0,1.0,1.0,0.0,0.0,0.0,0.0,0.0,1.0,0.0,MEDIUM
0.10283318238540314,0.0001305483028720627,0.11667503210372274,0.7001800602810506,0.01295064753237662,0.617647058823529,1.0,0.0,0.0,1.0,0.0,0.0,1.0,0.0,0.0,0.0,0.0,1.0,0.0,0.0,LONG
0.0008843951778790176,0.34738903394255877,0.0017632603041542543,0.010549183857204368,0.01295064753237662,0.970588235294116,1.0,0.0,0.0,0.0,0.0,1.0,1.0,0.0,0.0,0.0,0.0,0.0,1.0,0.0,MEDIUM
0.001970307743666841,0.5736945169712794,0.003960002346668058,0.02372098485145027,0.007350367518375919,0.911764705882355,1.0,0.0,0.0,0.0,1.0,0.0,1.0,0.0,0.0,0.0,0.0,0.0,1.0,0.0,MEDIUM
0.0008958018224776302,0.34627937336814624,0.0017893343936796408,0.01068618624496027,0.01295064753237662,0.941176470588232,1.0,0.0,0.0,0.0,0.0,1.0,1.0,0.0,0.0,0.0,0.0,0.0,1.0,0.0,MEDIUM
0.0008958018224776302,0.34627937336814624,0.0017860751324889675,0.01068618624496027,0.01295064753237662,0.941176470588232,1.0,0.0,0.0,0.0,0.0,1.0,1.0,0.0,0.0,0.0,0.0,0.0,1.0,0.0,MEDIUM
0.00031634427686816086,0.34614882506527417,0.0005801484919398471,0.003307629075821036,0.01295064753237662,0.911764705882355,1.0,0.0,0.0,0.0,0.0,1.0,1.0,0.0,0.0,0.0,0.0,0.0,1.0,0.0,MEDIUM
0.0008843951778790176,0.34738903394255877,0.001760001042963581,0.010549183857204368,0.01295064753237662,0.970588235294116,1.0,0.0,0.0,0.0,0.0,1.0,1.0,0.0,0.0,0.0,0.0,0.0,1.0,0.0,MEDIUM
0.0009353448570861497,0.4569190600522194,0.0018708159234464732,0.011155908717266216,0.01295064753237662,0.941176470588232,1.0,0.0,0.0,0.0,0.0,1.0,1.0,0.0,0.0,0.0,0.0,0.0,1.0,0.0,MEDIUM
0.000321667377680847,0.3462140992167102,0.0006029633202745602,0.0033272008455004502,0.01295064753237662,0.941176470588232,1.0,0.0,0.0,0.0,0.0,1.0,1.0,0.0,0.0,0.0,0.0,0.0,1.0,0.0,MEDIUM
0.0009208964405945756,0.637402088772846,0.0018382233115397403,0.0109993345598309,0.01295064753237662,0.970588235294116,1.0,0.0,0.0,0.0,0.0,1.0,1.0,0.0,0.0,0.0,0.0,0.0,1.0,0.0,MEDIUM
0.0008843951778790176,0.34738903394255877,0.0017632603041542543,0.010549183857204368,0.01295064753237662,0.970588235294116,1.0,0.0,0.0,0.0,0.0,1.0,1.0,0.0,0.0,0.0,0.0,0.0,1.0,0.0,MEDIUM
0.0002729990273934377,0.6357049608355092,0.0004986669621730147,0.0027009042157591892,0.02795139756987849,0.794117647058826,1.0,0.0,1.0,0.0,0.0,0.0,0.0,1.0,0.0,0.0,0.0,0.0,1.0,0.0,LONG
0.0019573802131217476,0.5738250652741514,0.0039339282571426715,0.023564410694014954,0.007350367518375919,1.0,1.0,0.0,0.0,0.0,1.0,0.0,1.0,0.0,0.0,0.0,0.0,0.0,1.0,0.0,MEDIUM
0.0008843951778790176,0.34738903394255877,0.0017632603041542543,0.010549183857204368,0.01295064753237662,0.970588235294116,1.0,0.0,0.0,0.0,0.0,1.0,1.0,0.0,0.0,0.0,0.0,0.0,1.0,0.0,MEDIUM
0.0009148128968086491,0.28067885117493474,0.001825186266777047,0.010921047481113243,0.014450722536126805,1.0,1.0,0.0,0.0,0.0,0.0,1.0,1.0,0.0,0.0,0.0,0.0,0.0,1.0,0.0,MEDIUM
0.0009353448570861497,0.4569190600522194,0.0018708159234464732,0.01117548048694563,0.014450722536126805,1.0,1.0,0.0,0.0,0.0,0.0,1.0,1.0,0.0,0.0,0.0,0.0,0.0,1.0,0.0,MEDIUM
0.0008843951778790176,0.34738903394255877,0.0017632603041542543,0.010549183857204368,0.01295064753237662,0.970588235294116,1.0,0.0,0.0,0.0,0.0,1.0,1.0,0.0,0.0,0.0,0.0,0.0,1.0,0.0,MEDIUM
0.0019239207222991536,0.5739556135770236,0.0038687430333292053,0.02319254707010608,0.007350367518375919,0.970588235294116,1.0,0.0,0.0,0.0,1.0,0.0,1.0,0.0,0.0,0.0,0.0,0.0,1.0,0.0,MEDIUM
0.00028364522901880816,0.6345953002610967,0.0005084447457450346,0.002916193682232748,0.00015000750037501875,0.823529411764703,0.0,0.0,0.0,0.0,0.0,1.0,0.0,1.0,0.0,0.0,0.0,0.0,1.0,0.0,SHORT
0.10283546371432285,0.0001305483028720627,0.11665547653657869,0.7003170626688066,0.29946497324866245,0.705882352941174,1.0,0.0,0.0,0.0,0.0,1.0,1.0,0.0,0.0,0.0,0.0,1.0,0.0,0.0,LONG
0.0010182331411693942,0.6404699738903396,0.002053334550124178,0.012134497201236936,0.00010000500025001251,0.588235294117645,0.0,0.0,0.0,1.0,0.0,0.0,0.0,0.0,0.0,1.0,0.0,0.0,1.0,0.0,SHORT
0.0008958018224776302,0.34627937336814624,0.0017860751324889675,0.01068618624496027,0.01295064753237662,0.911764705882355,1.0,0.0,0.0,0.0,0.0,1.0,1.0,0.0,0.0,0.0,0.0,0.0,1.0,0.0,MEDIUM
0.10283166149945666,0.0005221932114882507,0.11669784693205745,0.7000430578932948,0.17595879793989697,0.823529411764703,1.0,0.0,0.0,1.0,0.0,0.0,1.0,0.0,0.0,0.0,0.0,1.0,0.0,0.0,LONG
0.0008958018224776302,0.34634464751958227,0.0017860751324889675,0.01068618624496027,0.01295064753237662,0.941176470588232,1.0,0.0,0.0,0.0,0.0,1.0,1.0,0.0,0.0,0.0,0.0,0.0,1.0,0.0,MEDIUM
0.0008843951778790176,0.34738903394255877,0.001760001042963581,0.010549183857204368,0.01295064753237662,0.970588235294116,1.0,0.0,0.0,0.0,0.0,1.0,1.0,0.0,0.0,0.0,0.0,0.0,1.0,0.0,MEDIUM
0.10209099004352014,0.029242819843342042,0.15776779719573167,0.445923200375778,0.27321366068303415,1.0,1.0,0.0,0.0,1.0,0.0,0.0,1.0,0.0,0.0,0.0,0.0,1.0,0.0,0.0,LONG
0.0009353448570861497,0.4569190600522194,0.0018708159234464732,0.011155908717266216,0.01295064753237662,0.941176470588232,1.0,0.0,0.0,0.0,0.0,1.0,1.0,0.0,0.0,0.0,0.0,0.0,1.0,0.0,MEDIUM
0.0008843951778790176,0.34738903394255877,0.0017632603041542543,0.010549183857204368,0.01295064753237662,0.970588235294116,1.0,0.0,0.0,0.0,0.0,1.0,1.0,0.0,0.0,0.0,0.0,0.0,1.0,0.0,MEDIUM
0.0008958018224776302,0.34738903394255877,0.0017860751324889675,0.01068618624496027,0.19995999799989997,0.970588235294116,1.0,0.0,0.0,1.0,0.0,0.0,0.0,1.0,0.0,0.0,0.0,0.0,1.0,0.0,LONG
0.0008843951778790176,0.34738903394255877,0.0017632603041542543,0.010549183857204368,0.01295064753237662,0.970588235294116,1.0,0.0,0.0,0.0,0.0,1.0,1.0,0.0,0.0,0.0,0.0,0.0,1.0,0.0,MEDIUM
0.05242721990413855,0.3531331592689295,0.07020774530829352,0.4210866246526011,0.039951997599879996,0.852941176470587,1.0,0.0,1.0,0.0,0.0,0.0,0.0,0.0,1.0,0.0,0.0,0.0,0.0,1.0,LONG
0.0008958018224776302,0.34738903394255877,0.0017860751324889675,0.01068618624496027,0.17820891044552226,0.852941176470587,1.0,0.0,0.0,1.0,0.0,0.0,0.0,1.0,0.0,0.0,0.0,0.0,1.0,0.0,LONG
0.0008843951778790176,0.34738903394255877,0.0017632603041542543,0.010549183857204368,0.01295064753237662,0.970588235294116,1.0,0.0,0.0,0.0,0.0,1.0,1.0,0.0,0.0,0.0,0.0,0.0,1.0,0.0,MEDIUM
0.0008843951778790176,0.34738903394255877,0.0017632603041542543,0.010549183857204368,0.01295064753237662,0.970588235294116,1.0,0.0,0.0,0.0,0.0,1.0,1.0,0.0,0.0,0.0,0.0,0.0,1.0,0.0,MEDIUM
0.0003201464917343645,0.4567232375979113,0.0006029633202745602,0.0032880573061416216,0.014450722536126805,1.0,1.0,0.0,0.0,0.0,0.0,1.0,1.0,0.0,0.0,0.0,0.0,0.0,1.0,0.0,MEDIUM
0.0008843951778790176,0.34738903394255877,0.0017632603041542543,0.010549183857204368,0.01295064753237662,0.941176470588232,1.0,0.0,0.0,0.0,0.0,1.0,1.0,0.0,0.0,0.0,0.0,0.0,1.0,0.0,MEDIUM
0.0009148128968086491,0.28067885117493474,0.001825186266777047,0.010921047481113243,0.014450722536126805,1.0,1.0,0.0,0.0,0.0,0.0,1.0,1.0,0.0,0.0,0.0,0.0,0.0,1.0,0.0,MEDIUM
0.0005148198928840025,0.3462140992167102,0.0010005931855367027,0.005832387364465496,0.01295064753237662,0.941176470588232,1.0,0.0,0.0,0.0,0.0,1.0,1.0,0.0,0.0,0.0,0.0,0.0,1.0,0.0,MEDIUM
0.0009148128968086491,0.2806135770234987,0.0018317047891583938,0.010901475711433828,0.01295064753237662,0.970588235294116,1.0,0.0,0.0,0.0,0.0,1.0,1.0,0.0,0.0,0.0,0.0,0.0,1.0,0.0,MEDIUM
0.05786134539091713,0.3738250652741515,0.075689822631006,0.4544760637256821,0.03660183009150458,0.941176470588232,1.0,0.0,0.0,1.0,0.0,0.0,0.0,0.0,1.0,0.0,0.0,0.0,0.0,1.0,LONG
0.0009148128968086491,0.28067885117493474,0.001825186266777047,0.010921047481113243,0.014450722536126805,1.0,1.0,0.0,0.0,0.0,0.0,1.0,1.0,0.0,0.0,0.0,0.0,0.0,1.0,0.0,MEDIUM
0.0008843951778790176,0.34738903394255877,0.0017632603041542543,0.010549183857204368,0.01295064753237662,0.970588235294116,1.0,0.0,0.0,0.0,0.0,1.0,1.0,0.0,0.0,0.0,0.0,0.0,1.0,0.0,MEDIUM
0.0007262230394449376,0.6343342036553525,0.0014503712298496178,0.008494148040865856,0.04995249762488124,0.852941176470587,1.0,0.0,1.0,0.0,0.0,0.0,0.0,1.0,0.0,0.0,1.0,0.0,0.0,0.0,LONG
0.0008843951778790176,0.34738903394255877,0.0017632603041542543,0.010549183857204368,0.01295064753237662,0.970588235294116,1.0,0.0,0.0,0.0,0.0,1.0,1.0,0.0,0.0,0.0,0.0,0.0,1.0,0.0,MEDIUM
0.0008843951778790176,0.34738903394255877,0.0017632603041542543,0.010549183857204368,0.01295064753237662,0.970588235294116,1.0,0.0,0.0,0.0,0.0,1.0,1.0,0.0,0.0,0.0,0.0,0.0,1.0,0.0,MEDIUM
0.10283242194242989,0.014425587467362925,0.11666199505896004,0.7002387755900888,0.27461373068653433,0.470588235294116,1.0,0.0,0.0,1.0,0.0,0.0,1.0,0.0,0.0,0.0,0.0,1.0,0.0,0.0,LONG
0.0008843951778790176,0.34738903394255877,0.0017632603041542543,0.010549183857204368,0.01295064753237662,0.941176470588232,1.0,0.0,0.0,0.0,0.0,1.0,1.0,0.0,0.0,0.0,0.0,0.0,1.0,0.0,MEDIUM
0.0010425673163130984,0.6382506527415144,0.0020891864232215843,0.01250636082514581,0.040202010100505024,0.852941176470587,1.0,0.0,1.0,0.0,0.0,0.0,0.0,1.0,0.0,0.0,0.0,0.0,1.0,0.0,LONG
0.001168800849871067,0.37212793733681465,0.002359705102047468,0.013993815320781306,0.7249862493124656,0.470588235294116,1.0,0.0,0.0,0.0,0.0,1.0,0.0,1.0,0.0,0.0,0.0,0.0,1.0,0.0,LONG
0.0009208964405945756,0.637402088772846,0.0018382233115397403,0.0109993345598309,0.01295064753237662,0.970588235294116,1.0,0.0,0.0,0.0,0.0,1.0,1.0,0.0,0.0,0.0,0.0,0.0,1.0,0.0,MEDIUM
0.0008843951778790176,0.34738903394255877,0.0017632603041542543,0.010549183857204368,0.01295064753237662,0.970588235294116,1.0,0.0,0.0,0.0,0.0,1.0,1.0,0.0,0.0,0.0,0.0,0.0,1.0,0.0,MEDIUM
0.0007444736708027153,0.3462140992167102,0.0014894823641376973,0.008709437507339414,0.01295064753237662,0.941176470588232,1.0,0.0,0.0,0.0,0.0,1.0,1.0,0.0,0.0,0.0,0.0,0.0,1.0,0.0,MEDIUM
0.0008958018224776302,0.34634464751958227,0.0017860751324889675,0.01068618624496027,0.01295064753237662,0.970588235294116,1.0,0.0,0.0,0.0,0.0,1.0,1.0,0.0,0.0,0.0,0.0,0.0,1.0,0.0,MEDIUM
0.0007087328510603993,0.3462140992167102,0.001408000834370865,0.008298430344071711,0.01295064753237662,0.911764705882355,1.0,0.0,0.0,0.0,0.0,1.0,1.0,0.0,0.0,0.0,0.0,0.0,1.0,0.0,MEDIUM
0.05242645946116531,0.3545039164490862,0.07023056013662823,0.4209496222648452,0.039951997599879996,0.882352941176471,1.0,0.0,1.0,0.0,0.0,0.0,0.0,0.0,1.0,0.0,0.0,0.0,0.0,1.0,LONG
0.0009353448570861497,0.4569190600522194,0.0018708159234464732,0.011155908717266216,0.014450722536126805,1.0,1.0,0.0,0.0,0.0,0.0,1.0,1.0,0.0,0.0,0.0,0.0,0.0,1.0,0.0,MEDIUM
0.0019573802131217476,0.5738250652741514,0.0039339282571426715,0.023583982463694367,0.007350367518375919,1.0,1.0,0.0,0.0,0.0,1.0,0.0,1.0,0.0,0.0,0.0,0.0,0.0,1.0,0.0,MEDIUM
0.10283318238540314,0.023694516971279375,0.11667177284253206,0.7001996320507301,0.2249612480624031,0.647058823529413,1.0,0.0,0.0,0.0,0.0,1.0,0.0,1.0,0.0,0.0,0.0,1.0,0.0,0.0,LONG
0.0008965622654508697,0.34634464751958227,0.0017893343936796408,0.01068618624496027,0.01295064753237662,0.970588235294116,1.0,0.0,0.0,0.0,0.0,1.0,1.0,0.0,0.0,0.0,0.0,0.0,1.0,0.0,MEDIUM
0.0009353448570861497,0.4569190600522194,0.0018708159234464732,0.011155908717266216,0.014450722536126805,1.0,1.0,0.0,0.0,0.0,0.0,1.0,1.0,0.0,0.0,0.0,0.0,0.0,1.0,0.0,MEDIUM
0.002301860879999817,0.33942558746736295,0.0046085953236120435,0.027654910557012566,0.03495174758737937,0.617647058823529,1.0,0.0,0.0,1.0,0.0,0.0,1.0,0.0,0.0,0.0,0.0,0.0,1.0,0.0,LONG
0.0008843951778790176,0.34738903394255877,0.0017632603041542543,0.010549183857204368,0.01295064753237662,0.970588235294116,1.0,0.0,0.0,0.0,0.0,1.0,1.0,0.0,0.0,0.0,0.0,0.0,1.0,0.0,MEDIUM
0.0019109931917540603,0.5739556135770236,0.0038426689438038186,0.02301640114299135,0.007350367518375919,0.970588235294116,1.0,0.0,0.0,0.0,1.0,0.0,1.0,0.0,0.0,0.0,0.0,0.0,1.0,0.0,MEDIUM
0.0009353448570861497,0.4569190600522194,0.0018708159234464732,0.011155908717266216,0.014450722536126805,1.0,1.0,0.0,0.0,0.0,0.0,1.0,1.0,0.0,0.0,0.0,0.0,0.0,1.0,0.0,MEDIUM
0.0019239207222991536,0.5739556135770236,0.0038687430333292053,0.02319254707010608,0.007350367518375919,0.970588235294116,1.0,0.0,0.0,0.0,1.0,0.0,1.0,0.0,0.0,0.0,0.0,0.0,1.0,0.0,MEDIUM
0.00027375947036667805,0.635052219321149,0.0005084447457450346,0.0026813324460797745,0.00015000750037501875,0.941176470588232,0.0,0.0,0.0,0.0,0.0,1.0,0.0,1.0,0.0,0.0,0.0,0.0,1.0,0.0,SHORT
0.0008843951778790176,0.34738903394255877,0.0017632603041542543,0.010549183857204368,0.01295064753237662,0.941176470588232,1.0,0.0,0.0,0.0,0.0,1.0,1.0,0.0,0.0,0.0,0.0,0.0,1.0,0.0,MEDIUM
0.0008965622654508697,0.34627937336814624,0.0017893343936796408,0.01068618624496027,0.01295064753237662,0.941176470588232,1.0,0.0,0.0,0.0,0.0,1.0,1.0,0.0,0.0,0.0,0.0,0.0,1.0,0.0,MEDIUM
0.0006707107023983605,0.34627937336814624,0.0013167415210320126,0.007887423180804008,0.01295064753237662,0.941176470588232,1.0,0.0,0.0,0.0,0.0,1.0,1.0,0.0,0.0,0.0,0.0,0.0,1.0,0.0,MEDIUM
0.10283166149945666,0.0003263707571801567,0.11666525432015071,0.7002192038204095,0.2249612480624031,0.970588235294116,1.0,0.0,0.0,1.0,0.0,0.0,1.0,0.0,0.0,0.0,0.0,1.0,0.0,0.0,LONG
0.0009208964405945756,0.637467362924282,0.0018382233115397403,0.0109993345598309,0.01295064753237662,0.970588235294116,1.0,0.0,0.0,0.0,0.0,1.0,1.0,0.0,0.0,0.0,0.0,0.0,1.0,0.0,MEDIUM
0.0008843951778790176,0.34738903394255877,0.0017632603041542543,0.010549183857204368,0.01295064753237662,0.970588235294116,1.0,0.0,0.0,0.0,0.0,1.0,1.0,0.0,0.0,0.0,0.0,0.0,1.0,0.0,MEDIUM
0.0008843951778790176,0.34738903394255877,0.0017632603041542543,0.010529612087524955,0.01295064753237662,0.970588235294116,1.0,0.0,0.0,0.0,0.0,1.0,1.0,0.0,0.0,0.0,0.0,0.0,1.0,0.0,MEDIUM
0.0008843951778790176,0.34738903394255877,0.0017632603041542543,0.010549183857204368,0.01295064753237662,0.970588235294116,1.0,0.0,0.0,0.0,0.0,1.0,1.0,0.0,0.0,0.0,0.0,0.0,1.0,0.0,MEDIUM
0.0009148128968086491,0.28067885117493474,0.001825186266777047,0.010921047481113243,0.014450722536126805,1.0,1.0,0.0,0.0,0.0,0.0,1.0,1.0,0.0,0.0,0.0,0.0,0.0,1.0,0.0,MEDIUM
0.0009353448570861497,0.4569190600522194,0.0018708159234464732,0.011155908717266216,0.014450722536126805,1.0,1.0,0.0,0.0,0.0,0.0,1.0,1.0,0.0,0.0,0.0,0.0,0.0,1.0,0.0,MEDIUM
0.0008843951778790176,0.34738903394255877,0.0017632603041542543,0.010529612087524955,0.01295064753237662,0.970588235294116,1.0,0.0,0.0,0.0,0.0,1.0,1.0,0.0,0.0,0.0,0.0,0.0,1.0,0.0,MEDIUM
0.0009208964405945756,0.637402088772846,0.0018414825727304136,0.010979762790151486,0.01295064753237662,0.970588235294116,1.0,0.0,0.0,0.0,0.0,1.0,1.0,0.0,0.0,0.0,0.0,0.0,1.0,0.0,MEDIUM
0.0003376366801189027,0.3462140992167102,0.0006257781486092733,0.003601205621012252,0.01295064753237662,0.941176470588232,1.0,0.0,0.0,0.0,0.0,1.0,1.0,0.0,0.0,0.0,0.0,0.0,1.0,0.0,MEDIUM
0.102845349472975,0.31625326370757184,0.11806021810975889,0.6919990605550554,0.20996049802490122,0.647058823529413,1.0,0.0,1.0,0.0,0.0,0.0,0.0,0.0,1.0,0.0,0.0,1.0,0.0,0.0,LONG
0.0008958018224776302,0.34627937336814624,0.0017860751324889675,0.01068618624496027,0.01295064753237662,0.941176470588232,1.0,0.0,0.0,0.0,0.0,1.0,1.0,0.0,0.0,0.0,0.0,0.0,1.0,0.0,MEDIUM
0.0012615748926064416,0.5639033942558748,0.0025389644675344993,0.015187693271225586,0.04295214760738037,0.823529411764703,1.0,0.0,0.0,0.0,0.0,1.0,1.0,0.0,0.0,0.0,0.0,0.0,1.0,0.0,LONG
0.0008843951778790176,0.34738903394255877,0.0017632603041542543,0.010549183857204368,0.01295064753237662,0.970588235294116,1.0,0.0,0.0,0.0,0.0,1.0,1.0,0.0,0.0,0.0,0.0,0.0,1.0,0.0,MEDIUM
0.10283318238540314,0.000391644908616188,0.11670110619324812,0.7000234861236153,0.15120756037801888,0.794117647058826,1.0,0.0,0.0,1.0,0.0,0.0,1.0,0.0,0.0,0.0,0.0,1.0,0.0,0.0,LONG
0.10283318238540314,0.06174934725848565,0.1166913284096761,0.7000822014326535,0.18290914545727285,0.32352941176470296,1.0,0.0,0.0,0.0,0.0,1.0,1.0,0.0,0.0,0.0,0.0,1.0,0.0,0.0,LONG
0.0008958018224776302,0.34627937336814624,0.0017860751324889675,0.01068618624496027,0.01295064753237662,0.941176470588232,1.0,0.0,0.0,0.0,0.0,1.0,1.0,0.0,0.0,0.0,0.0,0.0,1.0,0.0,MEDIUM
0.0008843951778790176,0.34738903394255877,0.0017632603041542543,0.010549183857204368,0.01295064753237662,0.970588235294116,1.0,0.0,0.0,0.0,0.0,1.0,1.0,0.0,0.0,0.0,0.0,0.0,1.0,0.0,MEDIUM
0.0008060695516352179,0.34627937336814624,0.0016002972446205895,0.009570595373233648,0.01295064753237662,0.941176470588232,1.0,0.0,0.0,0.0,0.0,1.0,1.0,0.0,0.0,0.0,0.0,0.0,1.0,0.0,MEDIUM
0.048227293362929774,0.35835509138381205,0.06610107620804516,0.3930989940110385,0.11080554027701385,0.32352941176470296,1.0,0.0,0.0,0.0,0.0,1.0,0.0,0.0,1.0,0.0,0.0,0.0,0.0,1.0,LONG
0.002306423537839261,0.5387728459530027,0.004618373107184064,0.02771362586605081,0.0112005600280014,0.352941176470587,0.5,1.0,0.0,0.0,0.0,0.0,1.0,0.0,0.0,0.0,0.0,0.0,1.0,0.0,SHORT
0.0019178371785132271,0.5739556135770236,0.003855705988566512,0.023094688221709007,0.007350367518375919,0.941176470588232,1.0,0.0,0.0,0.0,1.0,0.0,1.0,0.0,0.0,0.0,0.0,0.0,1.0,0.0,MEDIUM
0.0008843951778790176,0.34738903394255877,0.0017632603041542543,0.010549183857204368,0.01295064753237662,0.941176470588232,1.0,0.0,0.0,0.0,0.0,1.0,1.0,0.0,0.0,0.0,0.0,0.0,1.0,0.0,MEDIUM
0.0019109931917540603,0.5739556135770236,0.0038426689438038186,0.023035972912670764,0.007350367518375919,0.970588235294116,0.5,0.0,0.0,0.0,1.0,0.0,1.0,0.0,0.0,0.0,0.0,0.0,1.0,0.0,MEDIUM
0.0009208964405945756,0.637467362924282,0.0018414825727304136,0.010979762790151486,0.01295064753237662,0.970588235294116,1.0,0.0,0.0,0.0,0.0,1.0,1.0,0.0,0.0,0.0,0.0,0.0,1.0,0.0,MEDIUM
0.0008843951778790176,0.34738903394255877,0.0017632603041542543,0.010549183857204368,0.01295064753237662,0.970588235294116,1.0,0.0,0.0,0.0,0.0,1.0,1.0,0.0,0.0,0.0,0.0,0.0,1.0,0.0,MEDIUM
0.0008843951778790176,0.34738903394255877,0.0017632603041542543,0.010549183857204368,0.01295064753237662,0.970588235294116,1.0,0.0,0.0,0.0,0.0,1.0,1.0,0.0,0.0,0.0,0.0,0.0,1.0,0.0,MEDIUM
0.0019771517304260078,0.5736292428198434,0.003973039391430751,0.023799271930167926,0.007350367518375919,0.911764705882355,1.0,0.0,0.0,0.0,1.0,0.0,1.0,0.0,0.0,0.0,0.0,0.0,1.0,0.0,MEDIUM
0.0019178371785132271,0.5739556135770236,0.003855705988566512,0.023094688221709007,0.007350367518375919,0.941176470588232,1.0,0.0,0.0,0.0,1.0,0.0,1.0,0.0,0.0,0.0,0.0,0.0,1.0,0.0,MEDIUM
0.0008843951778790176,0.34738903394255877,0.0017632603041542543,0.010549183857204368,0.01295064753237662,0.941176470588232,1.0,0.0,0.0,0.0,0.0,1.0,1.0,0.0,0.0,0.0,0.0,0.0,1.0,0.0,MEDIUM
0.0009353448570861497,0.4569190600522194,0.0018675566622558,0.01117548048694563,0.01295064753237662,0.941176470588232,1.0,0.0,0.0,0.0,0.0,1.0,1.0,0.0,0.0,0.0,0.0,0.0,1.0,0.0,MEDIUM
0.0002729990273934377,0.3460835509138382,0.00048562991741032144,0.002798763064156261,0.01295064753237662,0.941176470588232,1.0,0.0,0.0,0.0,0.0,1.0,1.0,0.0,0.0,0.0,0.0,0.0,1.0,0.0,MEDIUM
0.0019763912874527674,0.5736292428198434,0.003973039391430751,0.023799271930167926,0.007350367518375919,0.941176470588232,1.0,0.0,0.0,0.0,1.0,0.0,1.0,0.0,0.0,0.0,0.0,0.0,1.0,0.0,MEDIUM
0.0008843951778790176,0.34738903394255877,0.0017632603041542543,0.010549183857204368,0.01295064753237662,0.970588235294116,1.0,0.0,0.0,0.0,0.0,1.0,1.0,0.0,0.0,0.0,0.0,0.0,1.0,0.0,MEDIUM
0.0008843951778790176,0.34738903394255877,0.0017632603041542543,0.010549183857204368,0.01295064753237662,0.970588235294116,1.0,0.0,0.0,0.0,0.0,1.0,1.0,0.0,0.0,0.0,0.0,0.0,1.0,0.0,MEDIUM
0.00038326325851334875,0.34614882506527417,0.0007268152455201456,0.0041492151720358555,0.01295064753237662,0.941176470588232,1.0,0.0,0.0,0.0,0.0,1.0,1.0,0.0,0.0,0.0,0.0,0.0,1.0,0.0,MEDIUM
0.001970307743666841,0.5736945169712794,0.003960002346668058,0.02372098485145027,0.007350367518375919,0.911764705882355,1.0,0.0,0.0,0.0,1.0,0.0,1.0,0.0,0.0,0.0,0.0,0.0,1.0,0.0,MEDIUM
0.0009148128968086491,0.2807441253263708,0.001825186266777047,0.010921047481113243,0.014450722536126805,1.0,1.0,0.0,0.0,0.0,0.0,1.0,1.0,0.0,0.0,0.0,0.0,0.0,1.0,0.0,MEDIUM
0.0008958018224776302,0.34627937336814624,0.0017860751324889675,0.01068618624496027,0.01295064753237662,0.941176470588232,1.0,0.0,0.0,0.0,0.0,1.0,1.0,0.0,0.0,0.0,0.0,0.0,1.0,0.0,MEDIUM
0.0008843951778790176,0.34738903394255877,0.0017632603041542543,0.010549183857204368,0.01295064753237662,0.941176470588232,1.0,0.0,0.0,0.0,0.0,1.0,1.0,0.0,0.0,0.0,0.0,0.0,1.0,0.0,MEDIUM
0.0009148128968086491,0.28067885117493474,0.001825186266777047,0.010921047481113243,0.014450722536126805,1.0,1.0,0.0,0.0,0.0,0.0,1.0,1.0,0.0,0.0,0.0,0.0,0.0,1.0,0.0,MEDIUM
0.0006053126066996543,0.6357049608355092,0.0012026673793584471,0.006928406466512702,0.00025001250062503126,0.970588235294116,0.0,0.0,0.0,0.0,0.0,1.0,0.0,1.0,0.0,0.0,0.0,0.0,1.0,0.0,SHORT
0.10283546371432285,0.0001305483028720627,0.11666525432015071,0.7002583473597683,0.1824591229561478,1.0,1.0,0.0,0.0,1.0,0.0,0.0,1.0,0.0,0.0,0.0,0.0,1.0,0.0,0.0,LONG
0.0008843951778790176,0.34738903394255877,0.0017632603041542543,0.010529612087524955,0.01295064753237662,0.970588235294116,1.0,0.0,0.0,0.0,0.0,1.0,1.0,0.0,0.0,0.0,0.0,0.0,1.0,0.0,MEDIUM
0.10283470327134961,0.0007180156657963447,0.116642439491816,0.7003953497475242,0.29496474823741187,0.529411764705884,1.0,0.0,0.0,0.0,0.0,1.0,1.0,0.0,0.0,0.0,0.0,1.0,0.0,0.0,LONG
0.0008958018224776302,0.34634464751958227,0.0017860751324889675,0.01068618624496027,0.01295064753237662,0.941176470588232,1.0,0.0,0.0,0.0,0.0,1.0,1.0,0.0,0.0,0.0,0.0,0.0,1.0,0.0,MEDIUM
0.0009353448570861497,0.4569190600522194,0.0018708159234464732,0.011155908717266216,0.014450722536126805,1.0,1.0,0.0,0.0,0.0,0.0,1.0,1.0,0.0,0.0,0.0,0.0,0.0,1.0,0.0,MEDIUM
0.0002577901679286223,0.2806135770234987,0.0004595558278849351,0.002544330058323874,0.014450722536126805,1.0,1.0,0.0,0.0,0.0,0.0,1.0,1.0,0.0,0.0,0.0,0.0,0.0,1.0,0.0,MEDIUM
0.10283394282837638,0.012140992167101829,0.11669784693205745,0.7000430578932948,0.24396219810990546,0.5588235294117609,1.0,0.0,0.0,1.0,0.0,0.0,1.0,0.0,0.0,0.0,0.0,1.0,0.0,0.0,LONG
0.10282709884161721,0.06971279373368147,0.11801132919189879,0.6920969194034525,0.22676133806690332,0.382352941176471,1.0,0.0,0.0,0.0,0.0,1.0,1.0,0.0,0.0,0.0,0.0,1.0,0.0,0.0,LONG
0.0008843951778790176,0.34738903394255877,0.0017632603041542543,0.010549183857204368,0.01295064753237662,0.970588235294116,1.0,0.0,0.0,0.0,0.0,1.0,1.0,0.0,0.0,0.0,0.0,0.0,1.0,0.0,MEDIUM
0.048221970262117095,0.3607702349869452,0.06653455794640471,0.3904176615649587,0.08145407270363518,0.794117647058826,1.0,0.0,0.0,0.0,0.0,1.0,0.0,0.0,1.0,0.0,0.0,0.0,0.0,1.0,LONG
0.0003148233909216801,0.6368798955613577,0.0005964447978932136,0.0031901984577445493,5.000250012500625e-05,0.941176470588232,0.0,0.0,0.0,1.0,0.0,0.0,1.0,0.0,0.0,0.0,0.0,0.0,1.0,0.0,SHORT
0.04822120981914384,0.35110966057441256,0.06715381757263264,0.38669902532586997,0.11080554027701385,0.529411764705884,1.0,0.0,0.0,0.0,0.0,1.0,0.0,0.0,1.0,0.0,0.0,0.0,0.0,1.0,LONG
0.0006714711453716018,0.6355744125326371,0.001333037826985379,0.007809136102086351,0.00025001250062503126,1.0,0.5,0.0,0.0,0.0,0.0,1.0,0.0,1.0,0.0,0.0,0.0,0.0,1.0,0.0,SHORT
0.0009148128968086491,0.28067885117493474,0.001825186266777047,0.010921047481113243,0.014450722536126805,1.0,1.0,0.0,0.0,0.0,0.0,1.0,1.0,0.0,0.0,0.0,0.0,0.0,1.0,0.0,MEDIUM
0.0007231812675519735,0.34627937336814624,0.0014275564015149046,0.008533291580224684,0.01295064753237662,0.941176470588232,1.0,0.0,0.0,0.0,0.0,1.0,1.0,0.0,0.0,0.0,0.0,0.0,1.0,0.0,MEDIUM
0.0019307647090583205,0.5738250652741514,0.0038817800780918984,0.023251262379144322,0.007350367518375919,0.941176470588232,0.5,0.0,0.0,0.0,1.0,0.0,1.0,0.0,0.0,0.0,0.0,0.0,1.0,0.0,MEDIUM
0.0003239487066005681,0.34614882506527417,0.000589926275511867,0.003464203233256351,0.01295064753237662,0.941176470588232,1.0,0.0,0.0,0.0,0.0,1.0,1.0,0.0,0.0,0.0,0.0,0.0,1.0,0.0,MEDIUM
0.00031862560578788373,0.34725848563968675,0.0005866670143211937,0.0033467726151798645,0.01295064753237662,0.970588235294116,1.0,0.0,0.0,0.0,0.0,1.0,1.0,0.0,0.0,0.0,0.0,0.0,1.0,0.0,MEDIUM
0.0008843951778790176,0.34738903394255877,0.0017632603041542543,0.010529612087524955,0.01295064753237662,0.970588235294116,1.0,0.0,0.0,0.0,0.0,1.0,1.0,0.0,0.0,0.0,0.0,0.0,1.0,0.0,MEDIUM
0.04822349114806357,0.36024804177545694,0.06667470617760367,0.38961521900810275,0.11080554027701385,0.44117647058823195,1.0,0.0,0.0,0.0,0.0,1.0,0.0,0.0,1.0,0.0,0.0,0.0,0.0,1.0,LONG
0.00031254206200195724,0.34614882506527417,0.000567111447177154,0.0032880573061416216,0.01295064753237662,0.941176470588232,1.0,0.0,0.0,0.0,0.0,1.0,1.0,0.0,0.0,0.0,0.0,0.0,1.0,0.0,MEDIUM
0.048225772476983286,0.35920365535248044,0.06653129868521404,0.39049594864367637,0.10295514775738787,0.5,1.0,0.0,0.0,0.0,0.0,1.0,0.0,0.0,1.0,0.0,0.0,0.0,0.0,1.0,LONG
0.10283242194242989,0.0924934725848564,0.11673695806634553,0.6997886248874624,0.15895794789739484,0.117647058823529,1.0,0.0,0.0,0.0,0.0,1.0,1.0,0.0,0.0,0.0,0.0,1.0,0.0,0.0,LONG
0.0008958018224776302,0.34634464751958227,0.0017860751324889675,0.01068618624496027,0.01295064753237662,0.941176470588232,1.0,0.0,0.0,0.0,0.0,1.0,1.0,0.0,0.0,0.0,0.0,0.0,1.0,0.0,MEDIUM
0.0008843951778790176,0.34738903394255877,0.0017632603041542543,0.010549183857204368,0.01295064753237662,0.970588235294116,1.0,0.0,0.0,0.0,0.0,1.0,1.0,0.0,0.0,0.0,0.0,0.0,1.0,0.0,MEDIUM
0.0008843951778790176,0.34738903394255877,0.0017632603041542543,0.010549183857204368,0.01295064753237662,0.970588235294116,1.0,0.0,0.0,0.0,0.0,1.0,1.0,0.0,0.0,0.0,0.0,0.0,1.0,0.0,MEDIUM
0.001970307743666841,0.5736945169712794,0.003960002346668058,0.02372098485145027,0.007350367518375919,1.0,1.0,0.0,0.0,0.0,1.0,0.0,1.0,0.0,0.0,0.0,0.0,0.0,1.0,0.0,MEDIUM
0.10283470327134961,0.0001305483028720627,0.116642439491816,0.7003953497475242,0.10495524776238811,0.764705882352942,1.0,1.0,0.0,0.0,0.0,0.0,1.0,0.0,0.0,0.0,0.0,1.0,0.0,0.0,LONG
0.0008843951778790176,0.34738903394255877,0.0017632603041542543,0.010549183857204368,0.01295064753237662,0.970588235294116,1.0,0.0,0.0,0.0,0.0,1.0,1.0,0.0,0.0,0.0,0.0,0.0,1.0,0.0,MEDIUM
0.0009148128968086491,0.28067885117493474,0.001825186266777047,0.010921047481113243,0.014450722536126805,1.0,1.0,0.0,0.0,0.0,0.0,1.0,1.0,0.0,0.0,0.0,0.0,0.0,1.0,0.0,MEDIUM
0.0008958018224776302,0.34634464751958227,0.0017860751324889675,0.01068618624496027,0.01295064753237662,0.970588235294116,1.0,0.0,0.0,0.0,0.0,1.0,1.0,0.0,0.0,0.0,0.0,0.0,1.0,0.0,MEDIUM
0.001963463756907674,0.5737597911227155,0.003946965301905365,0.023662269542412025,0.007350367518375919,0.941176470588232,1.0,0.0,0.0,0.0,1.0,0.0,1.0,0.0,0.0,0.0,0.0,0.0,1.0,0.0,MEDIUM
0.0008843951778790176,0.34738903394255877,0.001760001042963581,0.010549183857204368,0.01295064753237662,0.970588235294116,1.0,0.0,0.0,0.0,0.0,1.0,1.0,0.0,0.0,0.0,0.0,0.0,1.0,0.0,MEDIUM
0.0009353448570861497,0.4569190600522194,0.0018708159234464732,0.011155908717266216,0.014450722536126805,1.0,1.0,0.0,0.0,0.0,0.0,1.0,1.0,0.0,0.0,0.0,0.0,0.0,1.0,0.0,MEDIUM
0.0008958018224776302,0.34627937336814624,0.0017860751324889675,0.01068618624496027,0.01295064753237662,0.941176470588232,1.0,0.0,0.0,0.0,0.0,1.0,1.0,0.0,0.0,0.0,0.0,0.0,1.0,0.0,MEDIUM
0.0008843951778790176,0.34738903394255877,0.0017632603041542543,0.010549183857204368,0.01295064753237662,0.970588235294116,1.0,0.0,0.0,0.0,0.0,1.0,1.0,0.0,0.0,0.0,0.0,0.0,1.0,0.0,MEDIUM
0.0008843951778790176,0.34738903394255877,0.0017632603041542543,0.010549183857204368,0.01295064753237662,0.970588235294116,1.0,0.0,0.0,0.0,0.0,1.0,1.0,0.0,0.0,0.0,0.0,0.0,1.0,0.0,MEDIUM
0.00026995725550047443,0.3460182767624021,0.00048562991741032144,0.0027009042157591892,0.01295064753237662,0.911764705882355,1.0,0.0,0.0,0.0,0.0,1.0,1.0,0.0,0.0,0.0,0.0,0.0,1.0,0.0,MEDIUM
0.0009148128968086491,0.28067885117493474,0.001825186266777047,0.010921047481113243,0.014450722536126805,1.0,1.0,0.0,0.0,0.0,0.0,1.0,1.0,0.0,0.0,0.0,0.0,0.0,1.0,0.0,MEDIUM
0.0009368657430326313,0.6370104438642299,0.001900149274162533,0.011038478099189728,0.004950247512375619,0.941176470588232,0.5,0.0,0.0,1.0,0.0,0.0,0.0,1.0,0.0,0.0,0.0,0.0,1.0,0.0,MEDIUM
0.0012615748926064416,0.5639686684073107,0.0025389644675344993,0.015187693271225586,0.04295214760738037,0.823529411764703,1.0,0.0,0.0,0.0,0.0,1.0,1.0,0.0,0.0,0.0,0.0,0.0,1.0,0.0,LONG
0.0008843951778790176,0.34738903394255877,0.0017632603041542543,0.010549183857204368,0.01295064753237662,0.970588235294116,1.0,0.0,0.0,0.0,0.0,1.0,1.0,0.0,0.0,0.0,0.0,0.0,1.0,0.0,MEDIUM
0.0008958018224776302,0.34627937336814624,0.0017860751324889675,0.01068618624496027,0.01295064753237662,0.941176470588232,1.0,0.0,0.0,0.0,0.0,1.0,1.0,0.0,0.0,0.0,0.0,0.0,1.0,0.0,MEDIUM
0.0002661550406342708,0.34719321148825066,0.00046933361145695495,0.0027009042157591892,0.01295064753237662,0.970588235294116,1.0,0.0,0.0,0.0,0.0,1.0,1.0,0.0,0.0,0.0,0.0,0.0,1.0,0.0,MEDIUM
0.0008843951778790176,0.34738903394255877,0.0017632603041542543,0.010549183857204368,0.01295064753237662,0.970588235294116,1.0,0.0,0.0,0.0,0.0,1.0,1.0,0.0,0.0,0.0,0.0,0.0,1.0,0.0,MEDIUM
0.0002707176984737148,0.28048302872062664,0.00048562991741032144,0.0027204759854386035,0.014450722536126805,1.0,1.0,0.0,0.0,0.0,0.0,1.0,1.0,0.0,0.0,0.0,0.0,0.0,1.0,0.0,MEDIUM
0.00028364522901880816,0.635052219321149,0.0005214817905077277,0.0028574783731945045,0.00015000750037501875,0.941176470588232,0.0,0.0,0.0,0.0,0.0,1.0,0.0,1.0,0.0,0.0,0.0,0.0,1.0,0.0,SHORT
0.00033003225038649546,0.3462140992167102,0.0006094818426559068,0.0035033467726151802,0.01295064753237662,0.941176470588232,1.0,0.0,0.0,0.0,0.0,1.0,1.0,0.0,0.0,0.0,0.0,0.0,1.0,0.0,MEDIUM
0.00028364522901880816,0.3460835509138382,0.0005117040069357078,0.002896621912553333,0.01295064753237662,0.941176470588232,1.0,0.0,0.0,0.0,0.0,1.0,1.0,0.0,0.0,0.0,0.0,0.0,1.0,0.0,MEDIUM
0.0008843951778790176,0.34738903394255877,0.0017632603041542543,0.010549183857204368,0.01295064753237662,0.970588235294116,1.0,0.0,0.0,0.0,0.0,1.0,1.0,0.0,0.0,0.0,0.0,0.0,1.0,0.0,MEDIUM
0.0008843951778790176,0.34738903394255877,0.0017632603041542543,0.010549183857204368,0.01295064753237662,0.970588235294116,1.0,0.0,0.0,0.0,0.0,1.0,1.0,0.0,0.0,0.0,0.0,0.0,1.0,0.0,MEDIUM
0.0015277299332407124,0.647715404699739,0.003112594437093,0.01822131757153482,0.04495224761238062,0.882352941176471,1.0,1.0,0.0,0.0,0.0,0.0,0.0,1.0,0.0,0.0,0.0,0.0,1.0,0.0,MEDIUM
0.0008843951778790176,0.34738903394255877,0.0017632603041542543,0.010549183857204368,0.01295064753237662,0.970588235294116,1.0,0.0,0.0,0.0,0.0,1.0,1.0,0.0,0.0,0.0,0.0,0.0,1.0,0.0,MEDIUM
0.0008843951778790176,0.34738903394255877,0.0017632603041542543,0.010549183857204368,0.01295064753237662,0.970588235294116,1.0,0.0,0.0,0.0,0.0,1.0,1.0,0.0,0.0,0.0,0.0,0.0,1.0,0.0,MEDIUM
0.0008843951778790176,0.34738903394255877,0.0017632603041542543,0.010549183857204368,0.01295064753237662,0.941176470588232,1.0,0.0,0.0,0.0,0.0,1.0,1.0,0.0,0.0,0.0,0.0,0.0,1.0,0.0,MEDIUM
0.1028377450432426,0.0001305483028720627,0.11667503210372274,0.7002192038204095,0.27566378318915946,0.647058823529413,1.0,0.0,0.0,1.0,0.0,0.0,1.0,0.0,0.0,0.0,0.0,1.0,0.0,0.0,LONG
0.0009148128968086491,0.28067885117493474,0.001825186266777047,0.010921047481113243,0.014450722536126805,1.0,1.0,0.0,0.0,0.0,0.0,1.0,1.0,0.0,0.0,0.0,0.0,0.0,1.0,0.0,MEDIUM
0.0012615748926064416,0.5639686684073107,0.0025389644675344993,0.015187693271225586,0.04295214760738037,0.823529411764703,1.0,0.0,0.0,0.0,0.0,1.0,1.0,0.0,0.0,0.0,0.0,0.0,1.0,0.0,LONG
0.10283318238540314,0.03518276762402089,0.1166685135813414,0.7002192038204095,0.32996649832491626,0.5588235294117609,1.0,0.0,0.0,0.0,0.0,1.0,1.0,0.0,0.0,0.0,0.0,1.0,0.0,0.0,LONG
0.0008958018224776302,0.34627937336814624,0.0017860751324889675,0.010705758014639685,0.01295064753237662,0.941176470588232,1.0,0.0,0.0,0.0,0.0,1.0,1.0,0.0,0.0,0.0,0.0,0.0,1.0,0.0,MEDIUM
0.0008958018224776302,0.34634464751958227,0.0017860751324889675,0.01068618624496027,0.01295064753237662,0.911764705882355,1.0,0.0,0.0,0.0,0.0,1.0,1.0,0.0,0.0,0.0,0.0,0.0,1.0,0.0,MEDIUM
0.0008843951778790176,0.34738903394255877,0.0017632603041542543,0.010549183857204368,0.01295064753237662,0.970588235294116,1.0,0.0,0.0,0.0,0.0,1.0,1.0,0.0,0.0,0.0,0.0,0.0,1.0,0.0,MEDIUM
0.10283318238540314,0.0001305483028720627,0.11667177284253206,0.7001996320507301,0.30466523326166306,0.6764705882352899,1.0,0.0,0.0,1.0,0.0,0.0,1.0,0.0,0.0,0.0,0.0,1.0,0.0,0.0,LONG
0.0009148128968086491,0.28067885117493474,0.001825186266777047,0.010940619250792658,0.014450722536126805,1.0,1.0,0.0,0.0,0.0,0.0,1.0,1.0,0.0,0.0,0.0,0.0,0.0,1.0,0.0,MEDIUM
0.10430463953862404,0.008355091383812012,0.11792332913975061,0.7074803303714722,0.2727636381819091,0.5,1.0,0.0,0.0,1.0,0.0,0.0,1.0,0.0,0.0,0.0,0.0,1.0,0.0,0.0,LONG
0.0008958018224776302,0.34627937336814624,0.0017860751324889675,0.01068618624496027,0.01295064753237662,0.941176470588232,1.0,0.0,0.0,0.0,0.0,1.0,1.0,0.0,0.0,0.0,0.0,0.0,1.0,0.0,MEDIUM
0.0008843951778790176,0.34738903394255877,0.0017632603041542543,0.010549183857204368,0.01295064753237662,0.970588235294116,1.0,0.0,0.0,0.0,0.0,1.0,1.0,0.0,0.0,0.0,0.0,0.0,1.0,0.0,MEDIUM
0.0019436922396034138,0.5737597911227155,0.003907854167617284,0.02340783653657964,0.007350367518375919,0.970588235294116,1.0,0.0,0.0,0.0,1.0,0.0,1.0,0.0,0.0,0.0,0.0,0.0,1.0,0.0,MEDIUM
0.0008843951778790176,0.34738903394255877,0.0017632603041542543,0.010549183857204368,0.01295064753237662,0.970588235294116,1.0,0.0,0.0,0.0,0.0,1.0,1.0,0.0,0.0,0.0,0.0,0.0,1.0,0.0,MEDIUM
0.0008843951778790176,0.34738903394255877,0.0017632603041542543,0.010549183857204368,0.01295064753237662,0.970588235294116,1.0,0.0,0.0,0.0,0.0,1.0,1.0,0.0,0.0,0.0,0.0,0.0,1.0,0.0,MEDIUM
0.0008843951778790176,0.34738903394255877,0.0017632603041542543,0.010549183857204368,0.01295064753237662,0.970588235294116,1.0,0.0,0.0,0.0,0.0,1.0,1.0,0.0,0.0,0.0,0.0,0.0,1.0,0.0,MEDIUM
0.0008958018224776302,0.34634464751958227,0.0017860751324889675,0.01068618624496027,0.01295064753237662,0.941176470588232,1.0,0.0,0.0,0.0,0.0,1.0,1.0,0.0,0.0,0.0,0.0,0.0,1.0,0.0,MEDIUM
0.0008843951778790176,0.34738903394255877,0.0017632603041542543,0.010549183857204368,0.01295064753237662,0.941176470588232,1.0,0.0,0.0,0.0,0.0,1.0,1.0,0.0,0.0,0.0,0.0,0.0,1.0,0.0,MEDIUM
0.0009208964405945756,0.637402088772846,0.0018414825727304136,0.010979762790151486,0.01295064753237662,0.970588235294116,1.0,0.0,0.0,0.0,0.0,1.0,1.0,0.0,0.0,0.0,0.0,0.0,1.0,0.0,MEDIUM
0.10283318238540314,0.0002610966057441254,0.11663918023062533,0.7003953497475242,0.14995749787489374,0.852941176470587,1.0,1.0,0.0,0.0,0.0,0.0,1.0,0.0,0.0,0.0,0.0,1.0,0.0,0.0,LONG
0.0012418033753021814,0.293733681462141,0.00249985333324642,0.014933260265393197,0.0022001100055002746,0.264705882352942,0.5,0.0,0.0,1.0,0.0,0.0,1.0,0.0,0.0,0.0,0.0,0.0,1.0,0.0,MEDIUM
0.0008843951778790176,0.34738903394255877,0.0017632603041542543,0.010549183857204368,0.01295064753237662,0.970588235294116,1.0,0.0,0.0,0.0,0.0,1.0,1.0,0.0,0.0,0.0,0.0,0.0,1.0,0.0,MEDIUM
0.0009353448570861497,0.4569190600522194,0.0018708159234464732,0.011155908717266216,0.014450722536126805,1.0,1.0,0.0,0.0,0.0,0.0,1.0,1.0,0.0,0.0,0.0,0.0,0.0,1.0,0.0,MEDIUM
0.0013406609618234807,0.6445822454308094,0.002698668265877491,0.016166281755196306,0.040952047602380116,0.823529411764703,1.0,0.0,0.0,1.0,0.0,0.0,0.0,1.0,0.0,0.0,0.0,0.0,1.0,0.0,MEDIUM
0.0019505362263625807,0.5738250652741514,0.003920891212379978,0.02350569538497671,0.007350367518375919,0.941176470588232,1.0,0.0,0.0,0.0,1.0,0.0,1.0,0.0,0.0,0.0,0.0,0.0,1.0,0.0,MEDIUM
0.0003513246536372373,0.6355744125326371,0.000677926327660046,0.0036403491603710808,0.0,0.970588235294116,0.0,0.0,0.0,0.0,0.0,1.0,0.0,0.0,0.0,1.0,0.0,0.0,1.0,0.0,SHORT
0.0003437202239048292,0.3462140992167102,0.0006388151933719665,0.00367949269972991,0.01295064753237662,0.941176470588232,1.0,0.0,0.0,0.0,0.0,1.0,1.0,0.0,0.0,0.0,0.0,0.0,1.0,0.0,MEDIUM
0.0019239207222991536,0.5739556135770236,0.0038687430333292053,0.023172975300426665,0.007350367518375919,0.941176470588232,1.0,0.0,0.0,0.0,1.0,0.0,1.0,0.0,0.0,0.0,0.0,0.0,1.0,0.0,MEDIUM
0.0008843951778790176,0.34738903394255877,0.0017632603041542543,0.010529612087524955,0.01295064753237662,0.970588235294116,1.0,0.0,0.0,0.0,0.0,1.0,1.0,0.0,0.0,0.0,0.0,0.0,1.0,0.0,MEDIUM
0.0008958018224776302,0.34634464751958227,0.0017860751324889675,0.01068618624496027,0.01295064753237662,0.941176470588232,1.0,0.0,0.0,0.0,0.0,1.0,1.0,0.0,0.0,0.0,0.0,0.0,1.0,0.0,MEDIUM
0.00028972877280473465,0.3460835509138382,0.0005214817905077277,0.0029944807609504054,0.01295064753237662,0.941176470588232,1.0,0.0,0.0,0.0,0.0,1.0,1.0,0.0,0.0,0.0,0.0,0.0,1.0,0.0,MEDIUM
0.0002669154836075103,0.3460835509138382,0.00047259287264762824,0.0027009042157591892,0.01295064753237662,0.941176470588232,1.0,0.0,0.0,0.0,0.0,1.0,1.0,0.0,0.0,0.0,0.0,0.0,1.0,0.0,MEDIUM
0.0008843951778790176,0.34738903394255877,0.0017632603041542543,0.010549183857204368,0.01295064753237662,0.970588235294116,1.0,0.0,0.0,0.0,0.0,1.0,1.0,0.0,0.0,0.0,0.0,0.0,1.0,0.0,MEDIUM
0.10283394282837638,0.000391644908616188,0.11666525432015071,0.7002387755900888,0.27996399819991,0.882352941176471,1.0,0.0,0.0,1.0,0.0,0.0,1.0,0.0,0.0,0.0,0.0,1.0,0.0,0.0,LONG
0.0008843951778790176,0.34738903394255877,0.0017632603041542543,0.010549183857204368,0.01295064753237662,0.970588235294116,1.0,0.0,0.0,0.0,0.0,1.0,1.0,0.0,0.0,0.0,0.0,0.0,1.0,0.0,MEDIUM
0.0019376086958174873,0.5737597911227155,0.0038948171228545916,0.023329549457861982,0.007350367518375919,0.941176470588232,1.0,0.0,0.0,0.0,1.0,0.0,1.0,0.0,0.0,0.0,0.0,0.0,1.0,0.0,MEDIUM
0.0008843951778790176,0.34738903394255877,0.0017632603041542543,0.010529612087524955,0.01295064753237662,0.970588235294116,1.0,0.0,0.0,0.0,0.0,1.0,1.0,0.0,0.0,0.0,0.0,0.0,1.0,0.0,MEDIUM
0.0008843951778790176,0.34738903394255877,0.0017632603041542543,0.010549183857204368,0.01295064753237662,0.970588235294116,1.0,0.0,0.0,0.0,0.0,1.0,1.0,0.0,0.0,0.0,0.0,0.0,1.0,0.0,MEDIUM
0.0003665335131020518,0.34706266318537865,0.0006942226336134126,0.003933925705562297,0.01295064753237662,0.970588235294116,1.0,0.0,0.0,0.0,0.0,1.0,1.0,0.0,0.0,0.0,0.0,0.0,1.0,0.0,MEDIUM
0.0008843951778790176,0.34738903394255877,0.0017632603041542543,0.010549183857204368,0.01295064753237662,0.970588235294116,1.0,0.0,0.0,0.0,0.0,1.0,1.0,0.0,0.0,0.0,0.0,0.0,1.0,0.0,MEDIUM
0.0019505362263625807,0.5738250652741514,0.003920891212379978,0.02350569538497671,0.007350367518375919,0.941176470588232,1.0,0.0,0.0,0.0,1.0,0.0,1.0,0.0,0.0,0.0,0.0,0.0,1.0,0.0,MEDIUM
0.04500909870017483,0.4286553524804178,0.06256477781616464,0.37307707362899756,0.07070353517675884,0.617647058823529,1.0,1.0,0.0,0.0,0.0,0.0,0.0,0.0,1.0,0.0,0.0,0.0,0.0,1.0,MEDIUM
0.0008843951778790176,0.34738903394255877,0.0017632603041542543,0.010529612087524955,0.01295064753237662,0.970588235294116,1.0,0.0,0.0,0.0,0.0,1.0,1.0,0.0,0.0,0.0,0.0,0.0,1.0,0.0,MEDIUM
0.0009208964405945756,0.637467362924282,0.0018414825727304136,0.010979762790151486,0.01295064753237662,0.970588235294116,1.0,0.0,0.0,0.0,0.0,1.0,1.0,0.0,0.0,0.0,0.0,0.0,1.0,0.0,MEDIUM
0.0008843951778790176,0.34738903394255877,0.0017632603041542543,0.010549183857204368,0.01295064753237662,0.970588235294116,1.0,0.0,0.0,0.0,0.0,1.0,1.0,0.0,0.0,0.0,0.0,0.0,1.0,0.0,MEDIUM
0.000319386048761125,0.3462140992167102,0.0005997040590838869,0.0032880573061416216,0.01295064753237662,0.941176470588232,1.0,0.0,0.0,0.0,0.0,1.0,1.0,0.0,0.0,0.0,0.0,0.0,1.0,0.0,MEDIUM
0.0008843951778790176,0.34738903394255877,0.0017632603041542543,0.010549183857204368,0.01295064753237662,0.970588235294116,1.0,0.0,0.0,0.0,0.0,1.0,1.0,0.0,0.0,0.0,0.0,0.0,1.0,0.0,MEDIUM
0.0009148128968086491,0.28067885117493474,0.001825186266777047,0.010921047481113243,0.014450722536126805,1.0,1.0,0.0,0.0,0.0,0.0,1.0,1.0,0.0,0.0,0.0,0.0,0.0,1.0,0.0,MEDIUM
0.0008843951778790176,0.34732375979112273,0.0017665195653449278,0.010529612087524955,0.01295064753237662,0.970588235294116,1.0,0.0,0.0,0.0,0.0,1.0,1.0,0.0,0.0,0.0,0.0,0.0,1.0,0.0,MEDIUM
0.0008843951778790176,0.34738903394255877,0.0017632603041542543,0.010549183857204368,0.01295064753237662,0.970588235294116,1.0,0.0,0.0,0.0,0.0,1.0,1.0,0.0,0.0,0.0,0.0,0.0,1.0,0.0,MEDIUM
0.0008958018224776302,0.34634464751958227,0.0017860751324889675,0.01068618624496027,0.01295064753237662,0.941176470588232,1.0,0.0,0.0,0.0,0.0,1.0,1.0,0.0,0.0,0.0,0.0,0.0,1.0,0.0,MEDIUM
0.0008958018224776302,0.34627937336814624,0.0017860751324889675,0.010705758014639685,0.01295064753237662,0.941176470588232,1.0,0.0,0.0,0.0,0.0,1.0,1.0,0.0,0.0,0.0,0.0,0.0,1.0,0.0,MEDIUM
0.00032851136444001297,0.6351827676240209,0.0006192596262279267,0.003405487924218108,0.00015000750037501875,0.911764705882355,0.0,0.0,0.0,0.0,0.0,1.0,0.0,1.0,0.0,0.0,0.0,0.0,1.0,0.0,SHORT
0.0009627208041228172,0.6376631853785901,0.0020142234158360985,0.010979762790151486,0.00020001000050002502,0.735294117647058,0.0,0.0,0.0,0.0,0.0,1.0,0.0,0.0,0.0,1.0,0.0,0.0,1.0,0.0,SHORT
0.045012140472067794,0.42454308093994786,0.06255174077140194,0.37319450424707407,0.07070353517675884,0.647058823529413,1.0,1.0,0.0,0.0,0.0,0.0,0.0,0.0,1.0,0.0,0.0,0.0,0.0,1.0,MEDIUM
0.0008843951778790176,0.34738903394255877,0.0017632603041542543,0.010549183857204368,0.01295064753237662,0.970588235294116,1.0,0.0,0.0,0.0,0.0,1.0,1.0,0.0,0.0,0.0,0.0,0.0,1.0,0.0,MEDIUM
0.0006585436148265084,0.6356396866840731,0.0013037044762693193,0.0076329901749716215,0.00025001250062503126,1.0,0.5,0.0,0.0,0.0,0.0,1.0,0.0,1.0,0.0,0.0,0.0,0.0,1.0,0.0,SHORT
0.0008958018224776302,0.34627937336814624,0.0017860751324889675,0.01068618624496027,0.01295064753237662,0.941176470588232,1.0,0.0,0.0,0.0,0.0,1.0,1.0,0.0,0.0,0.0,0.0,0.0,1.0,0.0,MEDIUM
0.00029809364551038314,0.34719321148825066,0.000534518835270421,0.003131483148706306,0.01295064753237662,0.970588235294116,1.0,0.0,0.0,0.0,0.0,1.0,1.0,0.0,0.0,0.0,0.0,0.0,1.0,0.0,MEDIUM
0.10283394282837638,0.019125326370757183,0.11667177284253206,0.7002192038204095,0.33246662333116656,0.705882352941174,1.0,0.0,0.0,1.0,0.0,0.0,1.0,0.0,0.0,0.0,0.0,1.0,0.0,0.0,LONG
0.0008958018224776302,0.34627937336814624,0.0017860751324889675,0.01068618624496027,0.01295064753237662,0.941176470588232,1.0,0.0,0.0,0.0,0.0,1.0,1.0,0.0,0.0,0.0,0.0,0.0,1.0,0.0,MEDIUM
0.0019771517304260078,0.5736292428198434,0.003973039391430751,0.023799271930167926,0.007350367518375919,0.911764705882355,1.0,0.0,0.0,0.0,1.0,0.0,1.0,0.0,0.0,0.0,0.0,0.0,1.0,0.0,MEDIUM
0.0009353448570861497,0.4569190600522194,0.0018708159234464732,0.011155908717266216,0.014450722536126805,1.0,1.0,0.0,0.0,0.0,0.0,1.0,1.0,0.0,0.0,0.0,0.0,0.0,1.0,0.0,MEDIUM
0.0019832352742119343,0.5736292428198434,0.003986076436193444,0.023877559008885586,0.007350367518375919,0.970588235294116,1.0,0.0,0.0,0.0,1.0,0.0,1.0,0.0,0.0,0.0,0.0,0.0,1.0,0.0,MEDIUM
0.0008843951778790176,0.34738903394255877,0.0017632603041542543,0.010549183857204368,0.01295064753237662,0.970588235294116,1.0,0.0,0.0,0.0,0.0,1.0,1.0,0.0,0.0,0.0,0.0,0.0,1.0,0.0,MEDIUM
0.0008843951778790176,0.34738903394255877,0.0017632603041542543,0.010549183857204368,0.01295064753237662,0.970588235294116,1.0,0.0,0.0,0.0,0.0,1.0,1.0,0.0,0.0,0.0,0.0,0.0,1.0,0.0,MEDIUM
0.0008843951778790176,0.34738903394255877,0.0017632603041542543,0.010549183857204368,0.01295064753237662,0.970588235294116,1.0,0.0,0.0,0.0,0.0,1.0,1.0,0.0,0.0,0.0,0.0,0.0,1.0,0.0,MEDIUM
0.05999971103167018,0.4358355091383812,0.07977367690291964,0.45553293928837046,0.1895594779738987,0.32352941176470296,1.0,0.0,0.0,0.0,0.0,1.0,1.0,0.0,0.0,0.0,1.0,0.0,0.0,0.0,LONG
0.0002851661149652898,0.3460835509138382,0.0005117040069357078,0.002935765451912162,0.01295064753237662,0.941176470588232,1.0,0.0,0.0,0.0,0.0,1.0,1.0,0.0,0.0,0.0,0.0,0.0,1.0,0.0,MEDIUM
0.0008958018224776302,0.34627937336814624,0.0017893343936796408,0.01068618624496027,0.01295064753237662,0.911764705882355,1.0,0.0,0.0,0.0,0.0,1.0,1.0,0.0,0.0,0.0,0.0,0.0,1.0,0.0,MEDIUM
0.0002752803563131597,0.34614882506527417,0.00048562991741032144,0.0028574783731945045,0.01295064753237662,0.911764705882355,1.0,0.0,0.0,0.0,0.0,1.0,1.0,0.0,0.0,0.0,0.0,0.0,1.0,0.0,MEDIUM
0.0009148128968086491,0.28067885117493474,0.001825186266777047,0.010921047481113243,0.014450722536126805,1.0,1.0,0.0,0.0,0.0,0.0,1.0,1.0,0.0,0.0,0.0,0.0,0.0,1.0,0.0,MEDIUM
0.0019307647090583205,0.5738250652741514,0.0038817800780918984,0.023251262379144322,0.007350367518375919,1.0,1.0,0.0,0.0,0.0,1.0,0.0,1.0,0.0,0.0,0.0,0.0,0.0,1.0,0.0,MEDIUM
0.0008958018224776302,0.34627937336814624,0.0017860751324889675,0.01068618624496027,0.01295064753237662,0.941176470588232,1.0,0.0,0.0,0.0,0.0,1.0,1.0,0.0,0.0,0.0,0.0,0.0,1.0,0.0,MEDIUM
0.0008843951778790176,0.34738903394255877,0.0017632603041542543,0.010549183857204368,0.01295064753237662,0.941176470588232,1.0,0.0,0.0,0.0,0.0,1.0,1.0,0.0,0.0,0.0,0.0,0.0,1.0,0.0,MEDIUM
0.0008958018224776302,0.34627937336814624,0.0017860751324889675,0.01068618624496027,0.01295064753237662,0.941176470588232,1.0,0.0,0.0,0.0,0.0,1.0,1.0,0.0,0.0,0.0,0.0,0.0,1.0,0.0,MEDIUM
0.0005992290629137286,0.6352480417754569,0.0011765932898330606,0.006928406466512702,0.00015000750037501875,0.941176470588232,0.0,0.0,0.0,0.0,0.0,1.0,0.0,1.0,0.0,0.0,0.0,0.0,1.0,0.0,SHORT
0.0008843951778790176,0.34738903394255877,0.0017632603041542543,0.010529612087524955,0.01295064753237662,0.970588235294116,1.0,0.0,0.0,0.0,0.0,1.0,1.0,0.0,0.0,0.0,0.0,0.0,1.0,0.0,MEDIUM
0.04822120981914384,0.34758485639686687,0.06662581725974356,0.38986965201393514,0.08145407270363518,0.764705882352942,1.0,0.0,0.0,0.0,0.0,1.0,0.0,0.0,1.0,0.0,0.0,0.0,0.0,1.0,LONG
0.0006927635486223436,0.34634464751958227,0.0013623711777014387,0.00816142795631581,0.01295064753237662,0.941176470588232,1.0,0.0,0.0,0.0,0.0,1.0,1.0,0.0,0.0,0.0,0.0,0.0,1.0,0.0,MEDIUM
0.0019178371785132271,0.5739556135770236,0.003855705988566512,0.023094688221709007,0.007350367518375919,0.941176470588232,0.5,0.0,0.0,0.0,1.0,0.0,1.0,0.0,0.0,0.0,0.0,0.0,1.0,0.0,MEDIUM
0.0008843951778790176,0.34738903394255877,0.0017632603041542543,0.010529612087524955,0.01295064753237662,0.970588235294116,1.0,0.0,0.0,0.0,0.0,1.0,1.0,0.0,0.0,0.0,0.0,0.0,1.0,0.0,MEDIUM
0.0002768012422596413,0.34706266318537865,0.0005084447457450346,0.002740047755118018,0.01295064753237662,0.970588235294116,1.0,0.0,0.0,0.0,0.0,1.0,1.0,0.0,0.0,0.0,0.0,0.0,1.0,0.0,MEDIUM
0.001963463756907674,0.5737597911227155,0.003946965301905365,0.02364269777273261,0.007350367518375919,0.941176470588232,1.0,0.0,0.0,0.0,1.0,0.0,1.0,0.0,0.0,0.0,0.0,0.0,1.0,0.0,MEDIUM
0.10283014061351017,0.06344647519582246,0.11666525432015071,0.7001996320507301,0.15995799789989498,0.17647058823528994,1.0,0.0,0.0,0.0,0.0,1.0,1.0,0.0,0.0,0.0,0.0,1.0,0.0,0.0,MEDIUM
0.0002889683298314934,0.34614882506527417,0.0005149632681263811,0.003033624300309234,0.01295064753237662,0.911764705882355,1.0,0.0,0.0,0.0,0.0,1.0,1.0,0.0,0.0,0.0,0.0,0.0,1.0,0.0,MEDIUM
0.0008843951778790176,0.34738903394255877,0.0017632603041542543,0.010549183857204368,0.01295064753237662,0.970588235294116,1.0,0.0,0.0,0.0,0.0,1.0,1.0,0.0,0.0,0.0,0.0,0.0,1.0,0.0,MEDIUM
0.0006714711453716018,0.6355744125326371,0.0013297785657947058,0.007828707871765766,0.00025001250062503126,1.0,0.0,0.0,0.0,0.0,0.0,1.0,0.0,1.0,0.0,0.0,0.0,0.0,1.0,0.0,SHORT
0.0008958018224776302,0.34627937336814624,0.0017860751324889675,0.01068618624496027,0.01295064753237662,0.941176470588232,1.0,0.0,0.0,0.0,0.0,1.0,1.0,0.0,0.0,0.0,0.0,0.0,1.0,0.0,MEDIUM
0.0009208964405945756,0.637467362924282,0.001844741833921087,0.010960191020472071,0.01295064753237662,0.970588235294116,1.0,0.0,0.0,0.0,0.0,1.0,1.0,0.0,0.0,0.0,0.0,0.0,1.0,0.0,MEDIUM
0.0008843951778790176,0.34738903394255877,0.0017632603041542543,0.010549183857204368,0.01295064753237662,0.970588235294116,1.0,0.0,0.0,0.0,0.0,1.0,1.0,0.0,0.0,0.0,0.0,0.0,1.0,0.0,MEDIUM
0.0019239207222991536,0.5739556135770236,0.0038687430333292053,0.023172975300426665,0.007350367518375919,0.970588235294116,1.0,0.0,0.0,0.0,1.0,0.0,1.0,0.0,0.0,0.0,0.0,0.0,1.0,0.0,MEDIUM
0.0009148128968086491,0.2807441253263708,0.001825186266777047,0.010921047481113243,0.014450722536126805,1.0,1.0,0.0,0.0,0.0,0.0,1.0,1.0,0.0,0.0,0.0,0.0,0.0,1.0,0.0,MEDIUM
0.10283394282837638,0.0001305483028720627,0.11668155062610408,0.7001409167416918,0.18995949797489872,0.470588235294116,1.0,0.0,0.0,0.0,0.0,1.0,1.0,0.0,0.0,0.0,0.0,1.0,0.0,0.0,LONG
0.0006608249437462313,0.4569190600522194,0.001300445215078646,0.007730849023368693,0.014450722536126805,1.0,1.0,0.0,0.0,0.0,0.0,1.0,1.0,0.0,0.0,0.0,0.0,0.0,1.0,0.0,MEDIUM
0.0008843951778790176,0.34738903394255877,0.0017632603041542543,0.010549183857204368,0.01295064753237662,0.970588235294116,1.0,0.0,0.0,0.0,0.0,1.0,1.0,0.0,0.0,0.0,0.0,0.0,1.0,0.0,MEDIUM
0.0009148128968086491,0.28067885117493474,0.001825186266777047,0.010921047481113243,0.014450722536126805,1.0,1.0,0.0,0.0,0.0,0.0,1.0,1.0,0.0,0.0,0.0,0.0,0.0,1.0,0.0,MEDIUM
0.0008958018224776302,0.34627937336814624,0.0017860751324889675,0.01068618624496027,0.01295064753237662,0.941176470588232,1.0,0.0,0.0,0.0,0.0,1.0,1.0,0.0,0.0,0.0,0.0,0.0,1.0,0.0,MEDIUM
0.0009353448570861497,0.4569190600522194,0.0018675566622558,0.01117548048694563,0.014450722536126805,1.0,1.0,0.0,0.0,0.0,0.0,1.0,1.0,0.0,0.0,0.0,0.0,0.0,1.0,0.0,MEDIUM
0.10283546371432285,0.0004569190600522194,0.11665547653657869,0.7003170626688066,0.2024601230061503,0.852941176470587,1.0,0.0,0.0,0.0,1.0,0.0,1.0,0.0,0.0,0.0,0.0,1.0,0.0,0.0,LONG
0.000863863217601517,0.34732375979112273,0.0017339269534381947,0.010216463772654324,0.01295064753237662,0.970588235294116,1.0,0.0,0.0,0.0,0.0,1.0,1.0,0.0,0.0,0.0,0.0,0.0,1.0,0.0,MEDIUM
0.001963463756907674,0.5737597911227155,0.003946965301905365,0.02364269777273261,0.007350367518375919,0.941176470588232,1.0,0.0,0.0,0.0,1.0,0.0,1.0,0.0,0.0,0.0,0.0,0.0,1.0,0.0,MEDIUM
0.0009353448570861497,0.4569190600522194,0.0018708159234464732,0.011155908717266216,0.014450722536126805,1.0,1.0,0.0,0.0,0.0,0.0,1.0,1.0,0.0,0.0,0.0,0.0,0.0,1.0,0.0,MEDIUM
0.0008843951778790176,0.34738903394255877,0.0017632603041542543,0.010549183857204368,0.01295064753237662,0.970588235294116,1.0,0.0,0.0,0.0,0.0,1.0,1.0,0.0,0.0,0.0,0.0,0.0,1.0,0.0,MEDIUM
0.0009353448570861497,0.4569843342036554,0.0018708159234464732,0.011155908717266216,0.014450722536126805,1.0,1.0,0.0,0.0,0.0,0.0,1.0,1.0,0.0,0.0,0.0,0.0,0.0,1.0,0.0,MEDIUM
0.001025077127928561,0.6377937336814622,0.0020924456844122574,0.012056210122519279,0.04995249762488124,0.823529411764703,1.0,0.0,0.0,1.0,0.0,0.0,0.0,1.0,0.0,0.0,0.0,0.0,1.0,0.0,MEDIUM
0.0008843951778790176,0.34738903394255877,0.0017632603041542543,0.010549183857204368,0.01295064753237662,0.941176470588232,1.0,0.0,0.0,0.0,0.0,1.0,1.0,0.0,0.0,0.0,0.0,0.0,1.0,0.0,MEDIUM
0.0005338309672150215,0.34732375979112273,0.0010331857974434356,0.006125963909656712,0.01295064753237662,0.941176470588232,1.0,0.0,0.0,0.0,0.0,1.0,1.0,0.0,0.0,0.0,0.0,0.0,1.0,0.0,MEDIUM
0.0008843951778790176,0.34738903394255877,0.0017632603041542543,0.010549183857204368,0.01295064753237662,0.970588235294116,1.0,0.0,0.0,0.0,0.0,1.0,1.0,0.0,0.0,0.0,0.0,0.0,1.0,0.0,MEDIUM
0.0008843951778790176,0.34738903394255877,0.0017632603041542543,0.010549183857204368,0.01295064753237662,0.941176470588232,1.0,0.0,0.0,0.0,0.0,1.0,1.0,0.0,0.0,0.0,0.0,0.0,1.0,0.0,MEDIUM
0.0013018783701882024,0.643798955613577,0.0026171867361106586,0.01569655928289036,0.11495574778738937,0.794117647058826,1.0,0.0,0.0,1.0,0.0,0.0,0.0,1.0,0.0,0.0,0.0,0.0,1.0,0.0,MEDIUM
0.0015277299332407124,0.6475195822454308,0.0030767425639955936,0.01843660703800838,0.04495224761238062,0.794117647058826,1.0,1.0,0.0,0.0,0.0,0.0,0.0,1.0,0.0,0.0,0.0,0.0,1.0,0.0,MEDIUM
0.0008843951778790176,0.34738903394255877,0.0017632603041542543,0.010549183857204368,0.01295064753237662,0.970588235294116,1.0,0.0,0.0,0.0,0.0,1.0,1.0,0.0,0.0,0.0,0.0,0.0,1.0,0.0,MEDIUM
0.10283394282837638,0.030874673629242826,0.11667829136491341,0.7001604885113712,0.2361118055902795,0.382352941176471,1.0,0.0,0.0,1.0,0.0,0.0,1.0,0.0,0.0,0.0,0.0,1.0,0.0,0.0,LONG
0.0008843951778790176,0.34738903394255877,0.0017632603041542543,0.010529612087524955,0.01295064753237662,0.970588235294116,1.0,0.0,0.0,0.0,0.0,1.0,1.0,0.0,0.0,0.0,0.0,0.0,1.0,0.0,MEDIUM
0.0009353448570861497,0.4569190600522194,0.0018708159234464732,0.011155908717266216,0.014450722536126805,1.0,1.0,0.0,0.0,0.0,0.0,1.0,1.0,0.0,0.0,0.0,0.0,0.0,1.0,0.0,MEDIUM
0.10408335063341097,0.01899477806788512,0.1177049586399755,0.7065604571965397,0.3049652482624131,0.529411764705884,1.0,0.0,0.0,0.0,0.0,1.0,1.0,0.0,0.0,0.0,0.0,1.0,0.0,0.0,LONG
0.0008843951778790176,0.34738903394255877,0.0017632603041542543,0.010549183857204368,0.01295064753237662,0.970588235294116,1.0,0.0,0.0,0.0,0.0,1.0,1.0,0.0,0.0,0.0,0.0,0.0,1.0,0.0,MEDIUM
0.00031026073308223524,0.635313315926893,0.0005703707083678272,0.003209770227423964,0.00015000750037501875,0.911764705882355,0.5,0.0,0.0,0.0,0.0,1.0,0.0,1.0,0.0,0.0,0.0,0.0,1.0,0.0,SHORT
0.002301860879999817,0.339490861618799,0.0046085953236120435,0.027654910557012566,0.03495174758737937,0.647058823529413,1.0,0.0,0.0,1.0,0.0,0.0,1.0,0.0,0.0,0.0,0.0,0.0,1.0,0.0,LONG
0.0008843951778790176,0.34738903394255877,0.0017632603041542543,0.010549183857204368,0.01295064753237662,0.970588235294116,1.0,0.0,0.0,0.0,0.0,1.0,1.0,0.0,0.0,0.0,0.0,0.0,1.0,0.0,MEDIUM
0.0008958018224776302,0.34627937336814624,0.0017860751324889675,0.01068618624496027,0.01295064753237662,0.941176470588232,1.0,0.0,0.0,0.0,0.0,1.0,1.0,0.0,0.0,0.0,0.0,0.0,1.0,0.0,MEDIUM
0.0009208964405945756,0.637402088772846,0.001834964050349067,0.011018906329510315,0.01295064753237662,0.970588235294116,1.0,0.0,0.0,0.0,0.0,1.0,1.0,0.0,0.0,0.0,0.0,0.0,1.0,0.0,MEDIUM
0.0008843951778790176,0.34738903394255877,0.001760001042963581,0.010549183857204368,0.01295064753237662,0.970588235294116,1.0,0.0,0.0,0.0,0.0,1.0,1.0,0.0,0.0,0.0,0.0,0.0,1.0,0.0,MEDIUM
0.0009148128968086491,0.2807441253263708,0.001825186266777047,0.010921047481113243,0.014450722536126805,1.0,1.0,0.0,0.0,0.0,0.0,1.0,1.0,0.0,0.0,0.0,0.0,0.0,1.0,0.0,MEDIUM
0.0019178371785132271,0.5739556135770236,0.003855705988566512,0.023094688221709007,0.007350367518375919,0.941176470588232,1.0,0.0,0.0,0.0,1.0,0.0,1.0,0.0,0.0,0.0,0.0,0.0,1.0,0.0,MEDIUM
0.001015191369276431,0.6389686684073108,0.0020305197217894647,0.012173640740595765,0.08495424771238562,0.617647058823529,1.0,0.0,0.0,1.0,0.0,0.0,0.0,1.0,0.0,0.0,0.0,0.0,1.0,0.0,MEDIUM
0.0008958018224776302,0.34627937336814624,0.0017860751324889675,0.01068618624496027,0.01295064753237662,0.941176470588232,1.0,0.0,0.0,0.0,0.0,1.0,1.0,0.0,0.0,0.0,0.0,0.0,1.0,0.0,MEDIUM
0.0008843951778790176,0.34738903394255877,0.0017632603041542543,0.010549183857204368,0.01295064753237662,0.970588235294116,1.0,0.0,0.0,0.0,0.0,1.0,1.0,0.0,0.0,0.0,0.0,0.0,1.0,0.0,MEDIUM
0.0009353448570861497,0.4569190600522194,0.0018708159234464732,0.011155908717266216,0.014450722536126805,1.0,1.0,0.0,0.0,0.0,0.0,1.0,1.0,0.0,0.0,0.0,0.0,0.0,1.0,0.0,MEDIUM
0.0008843951778790176,0.34738903394255877,0.0017632603041542543,0.010549183857204368,0.01295064753237662,0.970588235294116,1.0,0.0,0.0,0.0,0.0,1.0,1.0,0.0,0.0,0.0,0.0,0.0,1.0,0.0,MEDIUM
0.0007574012013478086,0.6353785900783291,0.0015122971924724105,0.008885583434454144,0.01745087254362718,0.5,0.5,0.0,0.0,1.0,0.0,0.0,0.0,1.0,0.0,0.0,0.0,0.0,1.0,0.0,LONG
0.0008843951778790176,0.34738903394255877,0.0017632603041542543,0.010549183857204368,0.01295064753237662,0.970588235294116,1.0,0.0,0.0,0.0,0.0,1.0,1.0,0.0,0.0,0.0,0.0,0.0,1.0,0.0,MEDIUM
0.0019436922396034138,0.5737597911227155,0.003907854167617284,0.02340783653657964,0.007350367518375919,1.0,0.5,0.0,0.0,0.0,1.0,0.0,1.0,0.0,0.0,0.0,0.0,0.0,1.0,0.0,MEDIUM
0.0008958018224776302,0.34627937336814624,0.0017860751324889675,0.01068618624496027,0.01295064753237662,0.941176470588232,1.0,0.0,0.0,0.0,0.0,1.0,1.0,0.0,0.0,0.0,0.0,0.0,1.0,0.0,MEDIUM
0.00028440567199204854,0.6351827676240209,0.0005214817905077277,0.0028574783731945045,0.00015000750037501875,0.941176470588232,0.5,0.0,0.0,0.0,0.0,1.0,0.0,1.0,0.0,0.0,0.0,0.0,1.0,0.0,SHORT
0.0003231882636273286,0.3462140992167102,0.0005866670143211937,0.0034837750029357655,0.01295064753237662,0.941176470588232,1.0,0.0,0.0,0.0,0.0,1.0,1.0,0.0,0.0,0.0,0.0,0.0,1.0,0.0,MEDIUM
0.05786134539091713,0.3605744125326371,0.07570937819815005,0.45437820487728503,0.03610180509025451,0.794117647058826,1.0,0.0,0.0,1.0,0.0,0.0,0.0,0.0,1.0,0.0,0.0,0.0,0.0,1.0,LONG
0.0005132990069375218,0.34614882506527417,0.001003852446727376,0.005793243825106666,0.01295064753237662,0.911764705882355,1.0,0.0,0.0,0.0,0.0,1.0,1.0,0.0,0.0,0.0,0.0,0.0,1.0,0.0,MEDIUM
0.001963463756907674,0.5737597911227155,0.003946965301905365,0.02364269777273261,0.007350367518375919,0.941176470588232,0.5,0.0,0.0,0.0,1.0,0.0,1.0,0.0,0.0,0.0,0.0,0.0,1.0,0.0,MEDIUM
0.0009208964405945756,0.637467362924282,0.0018414825727304136,0.010979762790151486,0.01295064753237662,0.970588235294116,1.0,0.0,0.0,0.0,0.0,1.0,1.0,0.0,0.0,0.0,0.0,0.0,1.0,0.0,MEDIUM
0.0009148128968086491,0.28067885117493474,0.001825186266777047,0.010921047481113243,0.014450722536126805,1.0,1.0,0.0,0.0,0.0,0.0,1.0,1.0,0.0,0.0,0.0,0.0,0.0,1.0,0.0,MEDIUM
0.0008843951778790176,0.34738903394255877,0.0017632603041542543,0.010549183857204368,0.01295064753237662,0.970588235294116,1.0,0.0,0.0,0.0,0.0,1.0,1.0,0.0,0.0,0.0,0.0,0.0,1.0,0.0,MEDIUM
0.0008843951778790176,0.34738903394255877,0.0017632603041542543,0.010529612087524955,0.01295064753237662,0.970588235294116,1.0,0.0,0.0,0.0,0.0,1.0,1.0,0.0,0.0,0.0,0.0,0.0,1.0,0.0,MEDIUM
0.0008843951778790176,0.34738903394255877,0.0017632603041542543,0.010549183857204368,0.01295064753237662,0.941176470588232,1.0,0.0,0.0,0.0,0.0,1.0,1.0,0.0,0.0,0.0,0.0,0.0,1.0,0.0,MEDIUM
0.0019573802131217476,0.5738250652741514,0.0039339282571426715,0.023583982463694367,0.007350367518375919,0.941176470588232,0.5,0.0,0.0,0.0,1.0,0.0,1.0,0.0,0.0,0.0,0.0,0.0,1.0,0.0,MEDIUM
0.0008843951778790176,0.34738903394255877,0.001769778826535601,0.01051004031784554,0.01295064753237662,0.970588235294116,1.0,0.0,0.0,0.0,0.0,1.0,1.0,0.0,0.0,0.0,0.0,0.0,1.0,0.0,MEDIUM
0.0009148128968086491,0.28067885117493474,0.001825186266777047,0.010921047481113243,0.014450722536126805,1.0,1.0,0.0,0.0,0.0,0.0,1.0,1.0,0.0,0.0,0.0,0.0,0.0,1.0,0.0,MEDIUM
0.00027451991333991843,0.4567232375979113,0.0004954077009823413,0.002759619524797432,0.014450722536126805,1.0,1.0,0.0,0.0,0.0,0.0,1.0,1.0,0.0,0.0,0.0,0.0,0.0,1.0,0.0,MEDIUM
0.0019376086958174873,0.5737597911227155,0.0038980763840452647,0.023329549457861982,0.007350367518375919,0.941176470588232,1.0,0.0,0.0,0.0,1.0,0.0,1.0,0.0,0.0,0.0,0.0,0.0,1.0,0.0,MEDIUM
0.0009148128968086491,0.28067885117493474,0.001825186266777047,0.010921047481113243,0.014450722536126805,1.0,1.0,0.0,0.0,0.0,0.0,1.0,1.0,0.0,0.0,0.0,0.0,0.0,1.0,0.0,MEDIUM
0.0011102467409315267,0.6405352480417755,0.002226075393229863,0.01334794692136063,0.01295064753237662,0.764705882352942,1.0,0.0,0.0,0.0,0.0,1.0,0.0,1.0,0.0,0.0,0.0,0.0,1.0,0.0,SHORT
0.10283622415729611,0.0003263707571801567,0.11664569875300668,0.7003757779778448,0.2749637481874094,0.764705882352942,1.0,0.0,0.0,0.0,0.0,1.0,1.0,0.0,0.0,0.0,0.0,1.0,0.0,0.0,LONG
0.0008958018224776302,0.34634464751958227,0.0017860751324889675,0.01068618624496027,0.01295064753237662,0.941176470588232,1.0,0.0,0.0,0.0,0.0,1.0,1.0,0.0,0.0,0.0,0.0,0.0,1.0,0.0,MEDIUM
0.0007748913897323469,0.6357049608355092,0.0015742231550952032,0.008944298743492387,0.00015000750037501875,0.852941176470587,0.0,0.0,0.0,0.0,0.0,1.0,0.0,1.0,0.0,0.0,0.0,0.0,1.0,0.0,SHORT
0.0019771517304260078,0.5736292428198434,0.003973039391430751,0.023799271930167926,0.007350367518375919,0.941176470588232,1.0,0.0,0.0,0.0,1.0,0.0,1.0,0.0,0.0,0.0,0.0,0.0,1.0,0.0,MEDIUM
0.0008958018224776302,0.34627937336814624,0.0017860751324889675,0.010705758014639685,0.01295064753237662,0.911764705882355,1.0,0.0,0.0,0.0,0.0,1.0,1.0,0.0,0.0,0.0,0.0,0.0,1.0,0.0,MEDIUM
0.0006836382329434539,0.4569190600522194,0.0013493341329387455,0.008004853798880496,0.014450722536126805,1.0,1.0,0.0,0.0,0.0,0.0,1.0,1.0,0.0,0.0,0.0,0.0,0.0,1.0,0.0,MEDIUM
0.0008958018224776302,0.34634464751958227,0.0017860751324889675,0.01068618624496027,0.01295064753237662,0.941176470588232,1.0,0.0,0.0,0.0,0.0,1.0,1.0,0.0,0.0,0.0,0.0,0.0,1.0,0.0,MEDIUM
0.0019307647090583205,0.5738250652741514,0.0038817800780918984,0.023251262379144322,0.007350367518375919,0.941176470588232,1.0,0.0,0.0,0.0,1.0,0.0,1.0,0.0,0.0,0.0,0.0,0.0,1.0,0.0,MEDIUM
0.0009353448570861497,0.4569190600522194,0.0018740751846371465,0.0111363369475868,0.01295064753237662,0.941176470588232,1.0,0.0,0.0,0.0,0.0,1.0,1.0,0.0,0.0,0.0,0.0,0.0,1.0,0.0,MEDIUM
0.001000742952784856,0.6424281984334205,0.002007704893454752,0.011958351274122207,0.04235211760588029,0.5,1.0,0.0,0.0,0.0,0.0,1.0,0.0,1.0,0.0,0.0,0.0,0.0,1.0,0.0,SHORT
0.0013566302642615382,0.6450391644908616,0.0027475571837375905,0.016264140603593377,0.05665283264163208,0.235294117647058,1.0,0.0,0.0,0.0,0.0,1.0,0.0,1.0,0.0,0.0,0.0,0.0,1.0,0.0,MEDIUM
0.0008843951778790176,0.34738903394255877,0.0017632603041542543,0.010549183857204368,0.01295064753237662,0.970588235294116,1.0,0.0,0.0,0.0,0.0,1.0,1.0,0.0,0.0,0.0,0.0,0.0,1.0,0.0,MEDIUM
0.0008843951778790176,0.34738903394255877,0.0017632603041542543,0.010549183857204368,0.01295064753237662,0.970588235294116,1.0,0.0,0.0,0.0,0.0,1.0,1.0,0.0,0.0,0.0,0.0,0.0,1.0,0.0,MEDIUM
0.0009148128968086491,0.2807441253263708,0.001825186266777047,0.010921047481113243,0.014450722536126805,1.0,1.0,0.0,0.0,0.0,0.0,1.0,1.0,0.0,0.0,0.0,0.0,0.0,1.0,0.0,MEDIUM
0.0009148128968086491,0.28067885117493474,0.001825186266777047,0.010921047481113243,0.014450722536126805,1.0,1.0,0.0,0.0,0.0,0.0,1.0,1.0,0.0,0.0,0.0,0.0,0.0,1.0,0.0,MEDIUM
0.0008843951778790176,0.34738903394255877,0.0017632603041542543,0.010549183857204368,0.01295064753237662,0.970588235294116,1.0,0.0,0.0,0.0,0.0,1.0,1.0,0.0,0.0,0.0,0.0,0.0,1.0,0.0,MEDIUM
0.0019307647090583205,0.5738250652741514,0.0038817800780918984,0.023251262379144322,0.007350367518375919,1.0,1.0,0.0,0.0,0.0,1.0,0.0,1.0,0.0,0.0,0.0,0.0,0.0,1.0,0.0,MEDIUM
0.0009140524538354079,0.28067885117493474,0.001825186266777047,0.010921047481113243,0.014450722536126805,1.0,1.0,0.0,0.0,0.0,0.0,1.0,1.0,0.0,0.0,0.0,0.0,0.0,1.0,0.0,MEDIUM
0.001963463756907674,0.5737597911227155,0.003946965301905365,0.02364269777273261,0.007350367518375919,0.941176470588232,0.5,0.0,0.0,0.0,1.0,0.0,1.0,0.0,0.0,0.0,0.0,0.0,1.0,0.0,MEDIUM
0.001963463756907674,0.5737597911227155,0.003946965301905365,0.02364269777273261,0.007350367518375919,0.941176470588232,0.5,0.0,0.0,0.0,1.0,0.0,1.0,0.0,0.0,0.0,0.0,0.0,1.0,0.0,MEDIUM
0.0009353448570861497,0.4569190600522194,0.0018708159234464732,0.011155908717266216,0.014450722536126805,1.0,1.0,0.0,0.0,0.0,0.0,1.0,1.0,0.0,0.0,0.0,0.0,0.0,1.0,0.0,MEDIUM
0.001130778701209029,0.6408616187989558,0.002271705049899289,0.013602379927193018,0.11495574778738937,0.735294117647058,1.0,0.0,0.0,1.0,0.0,0.0,0.0,1.0,0.0,0.0,0.0,0.0,1.0,0.0,MEDIUM
0.00048059995908816735,0.34627937336814624,0.00092888943934189,0.0054018084315183785,0.01295064753237662,0.941176470588232,1.0,0.0,0.0,0.0,0.0,1.0,1.0,0.0,0.0,0.0,0.0,0.0,1.0,0.0,MEDIUM
0.0004136809774429803,0.3462140992167102,0.0007920004693336115,0.004540650565624144,0.01295064753237662,0.941176470588232,1.0,0.0,0.0,0.0,0.0,1.0,1.0,0.0,0.0,0.0,0.0,0.0,1.0,0.0,MEDIUM
0.0002973332025371419,0.6381853785900784,0.0005475558800331141,0.003033624300309234,0.004550227511375569,0.352941176470587,0.5,0.0,0.0,1.0,0.0,0.0,0.0,1.0,0.0,0.0,0.0,0.0,1.0,0.0,SHORT
0.0008843951778790176,0.34738903394255877,0.0017632603041542543,0.010549183857204368,0.01295064753237662,0.970588235294116,1.0,0.0,0.0,0.0,0.0,1.0,1.0,0.0,0.0,0.0,0.0,0.0,1.0,0.0,MEDIUM
0.0008843951778790176,0.34738903394255877,0.0017632603041542543,0.010549183857204368,0.01295064753237662,0.970588235294116,1.0,0.0,0.0,0.0,0.0,1.0,1.0,0.0,0.0,0.0,0.0,0.0,1.0,0.0,MEDIUM
0.0008843951778790176,0.34738903394255877,0.0017632603041542543,0.010549183857204368,0.01295064753237662,0.970588235294116,1.0,0.0,0.0,0.0,0.0,1.0,1.0,0.0,0.0,0.0,0.0,0.0,1.0,0.0,MEDIUM
0.05242645946116531,0.3676240208877285,0.07027618979329765,0.4206756174893334,0.039951997599879996,0.823529411764703,1.0,0.0,1.0,0.0,0.0,0.0,0.0,0.0,1.0,0.0,0.0,0.0,0.0,1.0,LONG
0.0010205144700891162,0.6385770234986946,0.002043556766552158,0.012232356049634008,0.014200710035501775,0.852941176470587,1.0,0.0,0.0,1.0,0.0,0.0,0.0,1.0,0.0,0.0,0.0,0.0,1.0,0.0,SHORT
0.0009353448570861497,0.4569190600522194,0.0018708159234464732,0.011155908717266216,0.014450722536126805,1.0,1.0,0.0,0.0,0.0,0.0,1.0,1.0,0.0,0.0,0.0,0.0,0.0,1.0,0.0,MEDIUM
0.0019832352742119343,0.5736292428198434,0.003986076436193444,0.023877559008885586,0.007350367518375919,0.970588235294116,1.0,0.0,0.0,0.0,1.0,0.0,1.0,0.0,0.0,0.0,0.0,0.0,1.0,0.0,MEDIUM
0.0009148128968086491,0.28067885117493474,0.001825186266777047,0.010921047481113243,0.014450722536126805,1.0,1.0,0.0,0.0,0.0,0.0,1.0,1.0,0.0,0.0,0.0,0.0,0.0,1.0,0.0,MEDIUM
0.0008843951778790176,0.34738903394255877,0.0017632603041542543,0.010549183857204368,0.01295064753237662,0.970588235294116,1.0,0.0,0.0,0.0,0.0,1.0,1.0,0.0,0.0,0.0,0.0,0.0,1.0,0.0,MEDIUM
0.001970307743666841,0.5736292428198434,0.00396326160785873,0.02372098485145027,0.007350367518375919,0.911764705882355,1.0,0.0,0.0,0.0,1.0,0.0,1.0,0.0,0.0,0.0,0.0,0.0,1.0,0.0,MEDIUM
0.0008958018224776302,0.34627937336814624,0.0017860751324889675,0.01068618624496027,0.01295064753237662,0.941176470588232,1.0,0.0,0.0,0.0,0.0,1.0,1.0,0.0,0.0,0.0,0.0,0.0,1.0,0.0,MEDIUM
0.0009368657430326313,0.4569190600522194,0.0018740751846371465,0.011195052256625045,0.014450722536126805,1.0,1.0,0.0,0.0,0.0,0.0,1.0,1.0,0.0,0.0,0.0,0.0,0.0,1.0,0.0,MEDIUM
0.0011094862979582872,0.6388381201044387,0.002226075393229863,0.013328375151681216,0.13715685784289214,0.29411764705882604,1.0,0.0,0.0,0.0,0.0,1.0,0.0,1.0,0.0,0.0,0.0,0.0,1.0,0.0,LONG
0.0008958018224776302,0.34627937336814624,0.0017860751324889675,0.01068618624496027,0.01295064753237662,0.941176470588232,1.0,0.0,0.0,0.0,0.0,1.0,1.0,0.0,0.0,0.0,0.0,0.0,1.0,0.0,MEDIUM
0.0008843951778790176,0.34738903394255877,0.0017632603041542543,0.010549183857204368,0.01295064753237662,0.970588235294116,1.0,0.0,0.0,0.0,0.0,1.0,1.0,0.0,0.0,0.0,0.0,0.0,1.0,0.0,MEDIUM
0.0009148128968086491,0.28067885117493474,0.001825186266777047,0.010921047481113243,0.014450722536126805,1.0,1.0,0.0,0.0,0.0,0.0,1.0,1.0,0.0,0.0,0.0,0.0,0.0,1.0,0.0,MEDIUM
0.0008843951778790176,0.34738903394255877,0.0017632603041542543,0.010549183857204368,0.01295064753237662,0.970588235294116,1.0,0.0,0.0,0.0,0.0,1.0,1.0,0.0,0.0,0.0,0.0,0.0,1.0,0.0,MEDIUM
0.001970307743666841,0.5736292428198434,0.003960002346668058,0.02372098485145027,0.007350367518375919,0.941176470588232,1.0,0.0,0.0,0.0,1.0,0.0,1.0,0.0,0.0,0.0,0.0,0.0,1.0,0.0,MEDIUM
0.0008843951778790176,0.34732375979112273,0.0017632603041542543,0.010529612087524955,0.01295064753237662,0.970588235294116,1.0,0.0,0.0,0.0,0.0,1.0,1.0,0.0,0.0,0.0,0.0,0.0,1.0,0.0,MEDIUM
0.0019832352742119343,0.5736292428198434,0.003986076436193444,0.023877559008885586,0.007350367518375919,0.911764705882355,1.0,0.0,0.0,0.0,1.0,0.0,1.0,0.0,0.0,0.0,0.0,0.0,1.0,0.0,MEDIUM
0.0008843951778790176,0.34738903394255877,0.0017632603041542543,0.010549183857204368,0.01295064753237662,0.970588235294116,1.0,0.0,0.0,0.0,0.0,1.0,1.0,0.0,0.0,0.0,0.0,0.0,1.0,0.0,MEDIUM
0.0019178371785132271,0.5739556135770236,0.003855705988566512,0.02311425999138842,0.007350367518375919,0.941176470588232,0.5,0.0,0.0,0.0,1.0,0.0,1.0,0.0,0.0,0.0,0.0,0.0,1.0,0.0,MEDIUM
0.0005908641902080802,0.635313315926893,0.0011635562450703675,0.006810975848436216,0.00015000750037501875,0.941176470588232,0.0,0.0,0.0,0.0,0.0,1.0,0.0,1.0,0.0,0.0,0.0,0.0,1.0,0.0,SHORT
0.0009148128968086491,0.28067885117493474,0.001825186266777047,0.010921047481113243,0.014450722536126805,1.0,1.0,0.0,0.0,0.0,0.0,1.0,1.0,0.0,0.0,0.0,0.0,0.0,1.0,0.0,MEDIUM
0.000292770544697697,0.6370104438642299,0.0005410373576517675,0.0029553372215915764,5.000250012500625e-05,0.941176470588232,0.0,0.0,0.0,0.0,0.0,1.0,1.0,0.0,0.0,0.0,0.0,0.0,1.0,0.0,SHORT
0.0002790825711793633,0.6354438642297651,0.0005182225293170544,0.002740047755118018,0.00025001250062503126,0.970588235294116,0.0,0.0,0.0,0.0,0.0,1.0,0.0,1.0,0.0,0.0,0.0,0.0,1.0,0.0,SHORT
0.0008843951778790176,0.34738903394255877,0.0017632603041542543,0.010549183857204368,0.01295064753237662,0.970588235294116,1.0,0.0,0.0,0.0,0.0,1.0,1.0,0.0,0.0,0.0,0.0,0.0,1.0,0.0,MEDIUM
0.0008843951778790176,0.34738903394255877,0.0017632603041542543,0.010549183857204368,0.01295064753237662,0.970588235294116,1.0,0.0,0.0,0.0,0.0,1.0,1.0,0.0,0.0,0.0,0.0,0.0,1.0,0.0,MEDIUM
0.001279065080990978,0.4699738903394256,0.0027182238330215307,0.014522253102125494,0.003450172508625431,0.5,0.5,0.0,0.0,1.0,0.0,0.0,0.0,1.0,0.0,0.0,0.0,0.0,1.0,0.0,SHORT
0.10283242194242989,0.0001305483028720627,0.1166685135813414,0.7002192038204095,0.24246212310615528,0.5588235294117609,1.0,0.0,0.0,1.0,0.0,0.0,1.0,0.0,0.0,0.0,0.0,1.0,0.0,0.0,LONG
0.0008843951778790176,0.34738903394255877,0.001760001042963581,0.010549183857204368,0.01295064753237662,0.970588235294116,1.0,0.0,0.0,0.0,0.0,1.0,1.0,0.0,0.0,0.0,0.0,0.0,1.0,0.0,MEDIUM
0.0008958018224776302,0.34634464751958227,0.0017860751324889675,0.01068618624496027,0.01295064753237662,0.941176470588232,1.0,0.0,0.0,0.0,0.0,1.0,1.0,0.0,0.0,0.0,0.0,0.0,1.0,0.0,MEDIUM
0.0009148128968086491,0.28067885117493474,0.001825186266777047,0.010921047481113243,0.014450722536126805,1.0,1.0,0.0,0.0,0.0,0.0,1.0,1.0,0.0,0.0,0.0,0.0,0.0,1.0,0.0,MEDIUM
0.0008843951778790176,0.34738903394255877,0.0017632603041542543,0.010549183857204368,0.01295064753237662,0.970588235294116,1.0,0.0,0.0,0.0,0.0,1.0,1.0,0.0,0.0,0.0,0.0,0.0,1.0,0.0,MEDIUM
0.0008843951778790176,0.34738903394255877,0.0017632603041542543,0.010529612087524955,0.01295064753237662,0.970588235294116,1.0,0.0,0.0,0.0,0.0,1.0,1.0,0.0,0.0,0.0,0.0,0.0,1.0,0.0,MEDIUM
0.0008958018224776302,0.34627937336814624,0.0017860751324889675,0.01068618624496027,0.01295064753237662,0.941176470588232,1.0,0.0,0.0,0.0,0.0,1.0,1.0,0.0,0.0,0.0,0.0,0.0,1.0,0.0,MEDIUM
0.0003665335131020518,0.34614882506527417,0.0006974818948040859,0.0038947821662034684,0.01295064753237662,0.941176470588232,1.0,0.0,0.0,0.0,0.0,1.0,1.0,0.0,0.0,0.0,0.0,0.0,1.0,0.0,MEDIUM
0.000295051873617419,0.3460835509138382,0.0005280003128890743,0.0030923396093474774,0.01295064753237662,0.941176470588232,1.0,0.0,0.0,0.0,0.0,1.0,1.0,0.0,0.0,0.0,0.0,0.0,1.0,0.0,MEDIUM
0.0008843951778790176,0.34738903394255877,0.0017632603041542543,0.010549183857204368,0.01295064753237662,0.970588235294116,1.0,0.0,0.0,0.0,0.0,1.0,1.0,0.0,0.0,0.0,0.0,0.0,1.0,0.0,MEDIUM
0.10425901296022959,0.07362924281984334,0.11785488465474647,0.707421615062434,0.15895794789739484,0.382352941176471,1.0,0.0,0.0,0.0,0.0,1.0,1.0,0.0,0.0,0.0,0.0,1.0,0.0,0.0,LONG
0.0008729885332804067,0.6368798955613577,0.001760001042963581,0.010275179081692567,0.00040002000100005,0.852941176470587,0.5,0.0,0.0,1.0,0.0,0.0,0.0,0.0,0.0,1.0,0.0,0.0,1.0,0.0,SHORT
0.0008843951778790176,0.34738903394255877,0.0017632603041542543,0.010549183857204368,0.01295064753237662,0.970588235294116,1.0,0.0,0.0,0.0,0.0,1.0,1.0,0.0,0.0,0.0,0.0,0.0,1.0,0.0,MEDIUM
0.0008843951778790176,0.34738903394255877,0.0017632603041542543,0.010549183857204368,0.01295064753237662,0.941176470588232,1.0,0.0,0.0,0.0,0.0,1.0,1.0,0.0,0.0,0.0,0.0,0.0,1.0,0.0,MEDIUM
0.0005794575456094693,0.6351827676240209,0.0011309636331636346,0.006693545230359729,0.00015000750037501875,0.941176470588232,0.0,0.0,0.0,0.0,0.0,1.0,0.0,1.0,0.0,0.0,0.0,0.0,1.0,0.0,SHORT
0.1043936113664932,0.02741514360313316,0.1179982921471361,0.7079109093044194,0.0704535226761338,0.647058823529413,1.0,0.0,0.0,1.0,0.0,0.0,1.0,0.0,0.0,0.0,0.0,1.0,0.0,0.0,LONG
0.0008843951778790176,0.34738903394255877,0.0017632603041542543,0.010549183857204368,0.01295064753237662,0.970588235294116,1.0,0.0,0.0,0.0,0.0,1.0,1.0,0.0,0.0,0.0,0.0,0.0,1.0,0.0,MEDIUM
0.0008843951778790176,0.34738903394255877,0.0017632603041542543,0.010549183857204368,0.01295064753237662,0.970588235294116,1.0,0.0,0.0,0.0,0.0,1.0,1.0,0.0,0.0,0.0,0.0,0.0,1.0,0.0,MEDIUM
0.0008958018224776302,0.34627937336814624,0.0017860751324889675,0.01068618624496027,0.01295064753237662,0.941176470588232,1.0,0.0,0.0,0.0,0.0,1.0,1.0,0.0,0.0,0.0,0.0,0.0,1.0,0.0,MEDIUM
0.0007634847451337351,0.6363577023498694,0.001518815714853757,0.009003014052530631,0.002450122506125306,1.0,0.5,0.0,1.0,0.0,0.0,0.0,0.0,0.0,0.0,1.0,0.0,0.0,1.0,0.0,SHORT
0.0006714711453716018,0.6355744125326371,0.0013297785657947058,0.007828707871765766,0.00025001250062503126,1.0,0.0,0.0,0.0,0.0,0.0,1.0,0.0,1.0,0.0,0.0,0.0,0.0,1.0,0.0,SHORT
0.0008958018224776302,0.34634464751958227,0.0017860751324889675,0.01068618624496027,0.01295064753237662,0.911764705882355,1.0,0.0,0.0,0.0,0.0,1.0,1.0,0.0,0.0,0.0,0.0,0.0,1.0,0.0,MEDIUM
0.0008843951778790176,0.34738903394255877,0.0017632603041542543,0.010549183857204368,0.01295064753237662,0.970588235294116,1.0,0.0,0.0,0.0,0.0,1.0,1.0,0.0,0.0,0.0,0.0,0.0,1.0,0.0,MEDIUM
0.10283622415729611,0.0002610966057441254,0.11665221727538802,0.7003366344384859,0.1689084454222711,0.911764705882355,1.0,0.0,0.0,1.0,0.0,0.0,0.0,1.0,0.0,0.0,0.0,1.0,0.0,0.0,LONG
0.0009353448570861497,0.4569190600522194,0.0018708159234464732,0.011155908717266216,0.014450722536126805,1.0,1.0,0.0,0.0,0.0,0.0,1.0,1.0,0.0,0.0,0.0,0.0,0.0,1.0,0.0,MEDIUM
0.0008958018224776302,0.34634464751958227,0.0017860751324889675,0.01068618624496027,0.01295064753237662,0.911764705882355,1.0,0.0,0.0,0.0,0.0,1.0,1.0,0.0,0.0,0.0,0.0,0.0,1.0,0.0,MEDIUM
0.0008843951778790176,0.34738903394255877,0.0017632603041542543,0.010549183857204368,0.01295064753237662,0.970588235294116,1.0,0.0,0.0,0.0,0.0,1.0,1.0,0.0,0.0,0.0,0.0,0.0,1.0,0.0,MEDIUM
0.0008843951778790176,0.34738903394255877,0.0017632603041542543,0.010549183857204368,0.01295064753237662,0.970588235294116,1.0,0.0,0.0,0.0,0.0,1.0,1.0,0.0,0.0,0.0,0.0,0.0,1.0,0.0,MEDIUM
0.00033991800903862557,0.635052219321149,0.0006388151933719665,0.003562062081653423,0.00015000750037501875,0.941176470588232,0.0,0.0,0.0,0.0,0.0,1.0,0.0,1.0,0.0,0.0,0.0,0.0,1.0,0.0,SHORT
0.0009148128968086491,0.28067885117493474,0.001825186266777047,0.010940619250792658,0.01295064753237662,0.970588235294116,1.0,0.0,0.0,0.0,0.0,1.0,1.0,0.0,0.0,0.0,0.0,0.0,1.0,0.0,MEDIUM
0.001963463756907674,0.5737597911227155,0.003946965301905365,0.02364269777273261,0.007350367518375919,0.941176470588232,0.5,0.0,0.0,0.0,1.0,0.0,1.0,0.0,0.0,0.0,0.0,0.0,1.0,0.0,MEDIUM
0.0008843951778790176,0.34738903394255877,0.0017632603041542543,0.010549183857204368,0.01295064753237662,0.970588235294116,1.0,0.0,0.0,0.0,0.0,1.0,1.0,0.0,0.0,0.0,0.0,0.0,1.0,0.0,MEDIUM
0.05242645946116531,0.36664490861618804,0.07029900462163237,0.42053861510157753,0.18995949797489872,0.6764705882352899,1.0,0.0,1.0,0.0,0.0,0.0,0.0,0.0,1.0,0.0,0.0,0.0,0.0,1.0,LONG
0.0008958018224776302,0.34634464751958227,0.0017893343936796408,0.01068618624496027,0.01295064753237662,0.941176470588232,1.0,0.0,0.0,0.0,0.0,1.0,1.0,0.0,0.0,0.0,0.0,0.0,1.0,0.0,MEDIUM
0.00030037497443010513,0.34614882506527417,0.000534518835270421,0.0031901984577445493,0.01295064753237662,0.911764705882355,1.0,0.0,0.0,0.0,0.0,1.0,1.0,0.0,0.0,0.0,0.0,0.0,1.0,0.0,MEDIUM
0.0008843951778790176,0.34738903394255877,0.0017632603041542543,0.010549183857204368,0.01295064753237662,0.970588235294116,1.0,0.0,0.0,0.0,0.0,1.0,1.0,0.0,0.0,0.0,0.0,0.0,1.0,0.0,MEDIUM
0.0003133025049751985,0.6351174934725848,0.0005834077531305204,0.0032293419971033783,0.00015000750037501875,0.911764705882355,0.0,0.0,0.0,0.0,0.0,1.0,0.0,1.0,0.0,0.0,0.0,0.0,1.0,0.0,SHORT
0.0008958018224776302,0.34634464751958227,0.0017860751324889675,0.01068618624496027,0.01295064753237662,0.911764705882355,1.0,0.0,0.0,0.0,0.0,1.0,1.0,0.0,0.0,0.0,0.0,0.0,1.0,0.0,MEDIUM
0.001963463756907674,0.5737597911227155,0.003946965301905365,0.02364269777273261,0.007350367518375919,0.941176470588232,1.0,0.0,0.0,0.0,1.0,0.0,1.0,0.0,0.0,0.0,0.0,0.0,1.0,0.0,MEDIUM
0.0009634812470960584,0.6381201044386424,0.0019262233636879193,0.01152777234117509,0.07145357267863393,0.882352941176471,1.0,0.0,0.0,1.0,0.0,0.0,0.0,1.0,0.0,0.0,0.0,0.0,1.0,0.0,MEDIUM
0.0019376086958174873,0.5737597911227155,0.0038948171228545916,0.023329549457861982,0.007350367518375919,0.970588235294116,1.0,0.0,0.0,0.0,1.0,0.0,1.0,0.0,0.0,0.0,0.0,0.0,1.0,0.0,MEDIUM
0.00031862560578788373,0.34614882506527417,0.0005866670143211937,0.0033467726151798645,0.01295064753237662,0.911764705882355,1.0,0.0,0.0,0.0,0.0,1.0,1.0,0.0,0.0,0.0,0.0,0.0,1.0,0.0,MEDIUM
0.0008958018224776302,0.34634464751958227,0.0017860751324889675,0.01068618624496027,0.01295064753237662,0.941176470588232,1.0,0.0,0.0,0.0,0.0,1.0,1.0,0.0,0.0,0.0,0.0,0.0,1.0,0.0,MEDIUM
0.0009148128968086491,0.28067885117493474,0.001825186266777047,0.010921047481113243,0.01295064753237662,0.970588235294116,1.0,0.0,0.0,0.0,0.0,1.0,1.0,0.0,0.0,0.0,0.0,0.0,1.0,0.0,MEDIUM
0.0019832352742119343,0.5736292428198434,0.003986076436193444,0.023877559008885586,0.007350367518375919,0.911764705882355,1.0,0.0,0.0,0.0,1.0,0.0,1.0,0.0,0.0,0.0,0.0,0.0,1.0,0.0,MEDIUM
0.001963463756907674,0.5737597911227155,0.003946965301905365,0.02364269777273261,0.007350367518375919,0.941176470588232,1.0,0.0,0.0,0.0,1.0,0.0,1.0,0.0,0.0,0.0,0.0,0.0,1.0,0.0,MEDIUM
0.00028668700091177054,0.6351827676240209,0.000534518835270421,0.00283790660351509,5.000250012500625e-05,0.970588235294116,0.0,0.0,0.0,0.0,0.0,1.0,1.0,0.0,0.0,0.0,0.0,0.0,1.0,0.0,SHORT
0.00032775092146677346,0.3462140992167102,0.0006094818426559068,0.003444631463576937,0.01295064753237662,0.941176470588232,1.0,0.0,0.0,0.0,0.0,1.0,1.0,0.0,0.0,0.0,0.0,0.0,1.0,0.0,MEDIUM
0.00029657275956390065,0.34614882506527417,0.0005312595740797477,0.0031119113790268917,0.01295064753237662,0.911764705882355,1.0,0.0,0.0,0.0,0.0,1.0,1.0,0.0,0.0,0.0,0.0,0.0,1.0,0.0,MEDIUM
0.00028136390009908616,0.6354438642297651,0.0005182225293170544,0.0028183348338356755,0.0002350117505875294,0.970588235294116,0.0,0.0,0.0,0.0,0.0,1.0,0.0,1.0,0.0,0.0,0.0,0.0,1.0,0.0,SHORT
0.10405293291448135,0.0393603133159269,0.11772125494592886,0.7061690218029515,0.2599629981499075,0.764705882352942,1.0,0.0,1.0,0.0,0.0,0.0,1.0,0.0,0.0,0.0,0.0,1.0,0.0,0.0,LONG
0.0009208964405945756,0.637402088772846,0.0018414825727304136,0.010979762790151486,0.01295064753237662,0.970588235294116,1.0,0.0,0.0,0.0,0.0,1.0,1.0,0.0,0.0,0.0,0.0,0.0,1.0,0.0,MEDIUM
0.001970307743666841,0.5736292428198434,0.00396326160785873,0.02372098485145027,0.007350367518375919,0.941176470588232,0.5,0.0,0.0,0.0,1.0,0.0,1.0,0.0,0.0,0.0,0.0,0.0,1.0,0.0,MEDIUM
0.05242645946116531,0.36736292428198436,0.0702338193978189,0.4209300504951658,0.039951997599879996,0.852941176470587,1.0,0.0,1.0,0.0,0.0,0.0,0.0,0.0,1.0,0.0,0.0,0.0,0.0,1.0,LONG
0.0002707176984737148,0.34725848563968675,0.0005117040069357078,0.0025639018280032883,0.01295064753237662,0.970588235294116,1.0,0.0,0.0,0.0,0.0,1.0,1.0,0.0,0.0,0.0,0.0,0.0,1.0,0.0,MEDIUM
0.0006904822197026208,0.6355744125326371,0.0013721489612734585,0.008043997338239324,0.00025001250062503126,1.0,0.5,0.0,0.0,0.0,0.0,1.0,0.0,1.0,0.0,0.0,0.0,0.0,1.0,0.0,SHORT
0.0009353448570861497,0.4569190600522194,0.0018708159234464732,0.011155908717266216,0.01295064753237662,0.941176470588232,1.0,0.0,0.0,0.0,0.0,1.0,1.0,0.0,0.0,0.0,0.0,0.0,1.0,0.0,MEDIUM
0.0002729990273934377,0.4567885117493473,0.0004954077009823413,0.0027204759854386035,0.014450722536126805,1.0,1.0,0.0,0.0,0.0,0.0,1.0,1.0,0.0,0.0,0.0,0.0,0.0,1.0,0.0,MEDIUM
0.10283166149945666,0.07708877284595302,0.11667829136491341,0.7001409167416918,0.07545377268863443,0.29411764705882604,1.0,0.0,0.0,0.0,1.0,0.0,1.0,0.0,0.0,0.0,0.0,1.0,0.0,0.0,MEDIUM
0.0009148128968086491,0.2807441253263708,0.0018284455279677203,0.010901475711433828,0.014450722536126805,1.0,1.0,0.0,0.0,0.0,0.0,1.0,1.0,0.0,0.0,0.0,0.0,0.0,1.0,0.0,MEDIUM
0.0012615748926064416,0.5639686684073107,0.0025389644675344993,0.015187693271225586,0.04295214760738037,0.852941176470587,1.0,0.0,0.0,0.0,0.0,1.0,1.0,0.0,0.0,0.0,0.0,0.0,1.0,0.0,LONG
0.0012615748926064416,0.5639686684073107,0.0025389644675344993,0.015187693271225586,0.04295214760738037,0.882352941176471,1.0,0.0,0.0,0.0,0.0,1.0,1.0,0.0,0.0,0.0,0.0,0.0,1.0,0.0,LONG
0.0005794575456094693,0.6351827676240209,0.0011277043719729613,0.006713117000039144,0.00015000750037501875,0.941176470588232,0.0,0.0,0.0,0.0,0.0,1.0,0.0,1.0,0.0,0.0,0.0,0.0,1.0,0.0,SHORT
0.0009148128968086491,0.28067885117493474,0.001825186266777047,0.010921047481113243,0.014450722536126805,1.0,1.0,0.0,0.0,0.0,0.0,1.0,1.0,0.0,0.0,0.0,0.0,0.0,1.0,0.0,MEDIUM
0.04500909870017483,0.4222584856396867,0.06252892594306723,0.3732727913257917,0.07395369768488425,0.5,1.0,1.0,0.0,0.0,0.0,0.0,0.0,0.0,1.0,0.0,0.0,0.0,0.0,1.0,MEDIUM
0.0008843951778790176,0.34738903394255877,0.0017632603041542543,0.010549183857204368,0.01295064753237662,0.970588235294116,1.0,0.0,0.0,0.0,0.0,1.0,1.0,0.0,0.0,0.0,0.0,0.0,1.0,0.0,MEDIUM
0.0002912496587512154,0.34614882506527417,0.0005182225293170544,0.0030531960699886483,0.01295064753237662,0.941176470588232,1.0,0.0,0.0,0.0,0.0,1.0,1.0,0.0,0.0,0.0,0.0,0.0,1.0,0.0,MEDIUM
0.0007201394956590111,0.6402088772845953,0.0014340749238962512,0.008435432731827612,0.0,0.794117647058826,0.0,0.0,0.0,0.0,0.0,1.0,0.0,0.0,0.0,1.0,0.0,0.0,1.0,0.0,SHORT
0.0019763912874527674,0.5736292428198434,0.0039762986526214236,0.023799271930167926,0.007350367518375919,1.0,1.0,0.0,0.0,0.0,1.0,0.0,1.0,0.0,0.0,0.0,0.0,0.0,1.0,0.0,MEDIUM
0.0003315531363329771,0.34614882506527417,0.0006094818426559068,0.0035229185422945945,0.01295064753237662,0.941176470588232,1.0,0.0,0.0,0.0,0.0,1.0,1.0,0.0,0.0,0.0,0.0,0.0,1.0,0.0,MEDIUM
0.10283242194242989,0.0001305483028720627,0.11663918023062533,0.7003953497475242,0.01295064753237662,0.735294117647058,1.0,0.0,0.0,1.0,0.0,0.0,1.0,0.0,0.0,0.0,0.0,1.0,0.0,0.0,LONG
0.0009208964405945756,0.637467362924282,0.001834964050349067,0.011018906329510315,0.01295064753237662,0.970588235294116,1.0,0.0,0.0,0.0,0.0,1.0,1.0,0.0,0.0,0.0,0.0,0.0,1.0,0.0,MEDIUM
0.0008958018224776302,0.34627937336814624,0.0017860751324889675,0.01068618624496027,0.01295064753237662,0.941176470588232,1.0,0.0,0.0,0.0,0.0,1.0,1.0,0.0,0.0,0.0,0.0,0.0,1.0,0.0,MEDIUM
0.0008843951778790176,0.34738903394255877,0.0017632603041542543,0.010549183857204368,0.01295064753237662,0.970588235294116,1.0,0.0,0.0,0.0,0.0,1.0,1.0,0.0,0.0,0.0,0.0,0.0,1.0,0.0,MEDIUM
0.0008843951778790176,0.34738903394255877,0.0017632603041542543,0.010549183857204368,0.01295064753237662,0.941176470588232,1.0,0.0,0.0,0.0,0.0,1.0,1.0,0.0,0.0,0.0,0.0,0.0,1.0,0.0,MEDIUM
0.0008843951778790176,0.34738903394255877,0.0017632603041542543,0.010549183857204368,0.01295064753237662,0.970588235294116,1.0,0.0,0.0,0.0,0.0,1.0,1.0,0.0,0.0,0.0,0.0,0.0,1.0,0.0,MEDIUM
0.0008958018224776302,0.34627937336814624,0.0017860751324889675,0.01068618624496027,0.01295064753237662,0.941176470588232,1.0,0.0,0.0,0.0,0.0,1.0,1.0,0.0,0.0,0.0,0.0,0.0,1.0,0.0,MEDIUM
0.0008843951778790176,0.34738903394255877,0.0017632603041542543,0.010549183857204368,0.01295064753237662,0.941176470588232,1.0,0.0,0.0,0.0,0.0,1.0,1.0,0.0,0.0,0.0,0.0,0.0,1.0,0.0,MEDIUM
0.0008843951778790176,0.34738903394255877,0.0017632603041542543,0.010549183857204368,0.01295064753237662,0.970588235294116,1.0,0.0,0.0,0.0,0.0,1.0,1.0,0.0,0.0,0.0,0.0,0.0,1.0,0.0,MEDIUM
0.0008843951778790176,0.34738903394255877,0.0017632603041542543,0.010549183857204368,0.01295064753237662,0.970588235294116,1.0,0.0,0.0,0.0,0.0,1.0,1.0,0.0,0.0,0.0,0.0,0.0,1.0,0.0,MEDIUM
0.0008843951778790176,0.34738903394255877,0.0017632603041542543,0.010549183857204368,0.01295064753237662,0.970588235294116,1.0,0.0,0.0,0.0,0.0,1.0,1.0,0.0,0.0,0.0,0.0,0.0,1.0,0.0,MEDIUM
0.001091996109573749,0.6385117493472585,0.0022586680051365957,0.012721650291619369,0.0021501075053752686,0.794117647058826,0.5,0.0,0.0,0.0,0.0,1.0,0.0,1.0,0.0,0.0,0.0,0.0,1.0,0.0,SHORT
0.0019763912874527674,0.5736292428198434,0.003973039391430751,0.023799271930167926,0.007350367518375919,0.911764705882355,1.0,0.0,0.0,0.0,1.0,0.0,1.0,0.0,0.0,0.0,0.0,0.0,1.0,0.0,MEDIUM
0.0008843951778790176,0.34738903394255877,0.0017632603041542543,0.010549183857204368,0.01295064753237662,0.970588235294116,1.0,0.0,0.0,0.0,0.0,1.0,1.0,0.0,0.0,0.0,0.0,0.0,1.0,0.0,MEDIUM
0.0009208964405945756,0.637467362924282,0.0018382233115397403,0.010979762790151486,0.01295064753237662,0.970588235294116,1.0,0.0,0.0,0.0,0.0,1.0,1.0,0.0,0.0,0.0,0.0,0.0,1.0,0.0,MEDIUM
0.0008843951778790176,0.34738903394255877,0.0017632603041542543,0.010549183857204368,0.01295064753237662,0.970588235294116,1.0,0.0,0.0,0.0,0.0,1.0,1.0,0.0,0.0,0.0,0.0,0.0,1.0,0.0,MEDIUM
0.0008843951778790176,0.34738903394255877,0.001760001042963581,0.010549183857204368,0.01295064753237662,0.970588235294116,1.0,0.0,0.0,0.0,0.0,1.0,1.0,0.0,0.0,0.0,0.0,0.0,1.0,0.0,MEDIUM
0.0008843951778790176,0.34738903394255877,0.001760001042963581,0.010549183857204368,0.01295064753237662,0.941176470588232,1.0,0.0,0.0,0.0,0.0,1.0,1.0,0.0,0.0,0.0,0.0,0.0,1.0,0.0,MEDIUM
0.0008843951778790176,0.34738903394255877,0.0017632603041542543,0.010549183857204368,0.01295064753237662,0.970588235294116,1.0,0.0,0.0,0.0,0.0,1.0,1.0,0.0,0.0,0.0,0.0,0.0,1.0,0.0,MEDIUM
0.0008843951778790176,0.34738903394255877,0.0017632603041542543,0.010549183857204368,0.01295064753237662,0.941176470588232,1.0,0.0,0.0,0.0,0.0,1.0,1.0,0.0,0.0,0.0,0.0,0.0,1.0,0.0,MEDIUM
0.00029657275956390065,0.6352480417754569,0.0005540744024144607,0.0029944807609504054,0.00015000750037501875,0.911764705882355,0.0,0.0,0.0,0.0,0.0,1.0,0.0,1.0,0.0,0.0,0.0,0.0,1.0,0.0,SHORT
0.0008843951778790176,0.34738903394255877,0.0017632603041542543,0.010549183857204368,0.01295064753237662,0.970588235294116,1.0,0.0,0.0,0.0,0.0,1.0,1.0,0.0,0.0,0.0,0.0,0.0,1.0,0.0,MEDIUM
0.0003961907890584421,0.34719321148825066,0.0007659263798082251,0.004247074020432928,0.01295064753237662,0.970588235294116,1.0,0.0,0.0,0.0,0.0,1.0,1.0,0.0,0.0,0.0,0.0,0.0,1.0,0.0,MEDIUM
0.0008958018224776302,0.34634464751958227,0.0017860751324889675,0.01068618624496027,0.01295064753237662,0.941176470588232,1.0,0.0,0.0,0.0,0.0,1.0,1.0,0.0,0.0,0.0,0.0,0.0,1.0,0.0,MEDIUM
0.0008843951778790176,0.34738903394255877,0.0017632603041542543,0.010549183857204368,0.01295064753237662,0.970588235294116,1.0,0.0,0.0,0.0,0.0,1.0,1.0,0.0,0.0,0.0,0.0,0.0,1.0,0.0,MEDIUM
0.0009353448570861497,0.4569190600522194,0.0018708159234464732,0.011155908717266216,0.014450722536126805,1.0,1.0,0.0,0.0,0.0,0.0,1.0,1.0,0.0,0.0,0.0,0.0,0.0,1.0,0.0,MEDIUM
0.0009148128968086491,0.28067885117493474,0.001825186266777047,0.010921047481113243,0.014450722536126805,1.0,1.0,0.0,0.0,0.0,0.0,1.0,1.0,0.0,0.0,0.0,0.0,0.0,1.0,0.0,MEDIUM
0.001970307743666841,0.5736945169712794,0.003960002346668058,0.02372098485145027,0.007350367518375919,0.941176470588232,0.5,0.0,0.0,0.0,1.0,0.0,1.0,0.0,0.0,0.0,0.0,0.0,1.0,0.0,MEDIUM
0.0008843951778790176,0.34738903394255877,0.0017632603041542543,0.010549183857204368,0.01295064753237662,0.970588235294116,1.0,0.0,0.0,0.0,0.0,1.0,1.0,0.0,0.0,0.0,0.0,0.0,1.0,0.0,MEDIUM
0.0008958018224776302,0.34627937336814624,0.0017860751324889675,0.01068618624496027,0.01295064753237662,0.941176470588232,1.0,0.0,0.0,0.0,0.0,1.0,1.0,0.0,0.0,0.0,0.0,0.0,1.0,0.0,MEDIUM
0.10283546371432285,0.06605744125326371,0.11668806914848542,0.7001213449720124,0.05775288764438222,0.41176470588235503,1.0,0.0,0.0,0.0,0.0,1.0,1.0,0.0,0.0,0.0,0.0,1.0,0.0,0.0,LONG
0.0008843951778790176,0.34738903394255877,0.0017632603041542543,0.010529612087524955,0.01295064753237662,0.970588235294116,1.0,0.0,0.0,0.0,0.0,1.0,1.0,0.0,0.0,0.0,0.0,0.0,1.0,0.0,MEDIUM
0.0008843951778790176,0.34738903394255877,0.0017632603041542543,0.010549183857204368,0.01295064753237662,0.970588235294116,1.0,0.0,0.0,0.0,0.0,1.0,1.0,0.0,0.0,0.0,0.0,0.0,1.0,0.0,MEDIUM
0.0008843951778790176,0.34738903394255877,0.0017632603041542543,0.010549183857204368,0.01295064753237662,0.970588235294116,1.0,0.0,0.0,0.0,0.0,1.0,1.0,0.0,0.0,0.0,0.0,0.0,1.0,0.0,MEDIUM
0.0008843951778790176,0.34738903394255877,0.0017632603041542543,0.010549183857204368,0.01295064753237662,0.970588235294116,1.0,0.0,0.0,0.0,0.0,1.0,1.0,0.0,0.0,0.0,0.0,0.0,1.0,0.0,MEDIUM
0.0008843951778790176,0.34738903394255877,0.0017632603041542543,0.010549183857204368,0.01295064753237662,0.970588235294116,1.0,0.0,0.0,0.0,0.0,1.0,1.0,0.0,0.0,0.0,0.0,0.0,1.0,0.0,MEDIUM
0.0019505362263625807,0.5738250652741514,0.003917631951189305,0.02350569538497671,0.007350367518375919,0.941176470588232,1.0,0.0,0.0,0.0,1.0,0.0,1.0,0.0,0.0,0.0,0.0,0.0,1.0,0.0,MEDIUM
0.0002828847860455669,0.3462140992167102,0.0004986669621730147,0.0029553372215915764,0.01295064753237662,0.911764705882355,1.0,0.0,0.0,0.0,0.0,1.0,1.0,0.0,0.0,0.0,0.0,0.0,1.0,0.0,MEDIUM
0.00029657275956390065,0.34719321148825066,0.0005508151412237874,0.0030140525306298197,0.01295064753237662,0.970588235294116,1.0,0.0,0.0,0.0,0.0,1.0,1.0,0.0,0.0,0.0,0.0,0.0,1.0,0.0,MEDIUM
0.0008843951778790176,0.34738903394255877,0.0017632603041542543,0.010549183857204368,0.01295064753237662,0.970588235294116,1.0,0.0,0.0,0.0,0.0,1.0,1.0,0.0,0.0,0.0,0.0,0.0,1.0,0.0,MEDIUM
0.0008958018224776302,0.34627937336814624,0.0017860751324889675,0.01068618624496027,0.01295064753237662,0.941176470588232,1.0,0.0,0.0,0.0,0.0,1.0,1.0,0.0,0.0,0.0,0.0,0.0,1.0,0.0,MEDIUM
0.0008958018224776302,0.34634464751958227,0.0017860751324889675,0.01068618624496027,0.01295064753237662,0.941176470588232,1.0,0.0,0.0,0.0,0.0,1.0,1.0,0.0,0.0,0.0,0.0,0.0,1.0,0.0,MEDIUM
0.0008958018224776302,0.34738903394255877,0.0017860751324889675,0.01068618624496027,0.038451922596129805,0.5588235294117609,1.0,0.0,0.0,1.0,0.0,0.0,0.0,1.0,0.0,0.0,0.0,0.0,1.0,0.0,LONG
0.0008843951778790176,0.34738903394255877,0.0017632603041542543,0.010549183857204368,0.01295064753237662,0.970588235294116,1.0,0.0,0.0,0.0,0.0,1.0,1.0,0.0,0.0,0.0,0.0,0.0,1.0,0.0,MEDIUM
0.05786134539091713,0.360378590078329,0.07571263745934072,0.4543390613379262,0.035701785089254465,0.823529411764703,1.0,0.0,0.0,1.0,0.0,0.0,0.0,0.0,1.0,0.0,0.0,0.0,0.0,1.0,LONG
0.0008843951778790176,0.34738903394255877,0.0017632603041542543,0.010549183857204368,0.01295064753237662,0.970588235294116,1.0,0.0,0.0,0.0,0.0,1.0,1.0,0.0,0.0,0.0,0.0,0.0,1.0,0.0,MEDIUM
0.10283318238540314,0.027676240208877288,0.11667177284253206,0.7001996320507301,0.2679633981699085,0.617647058823529,1.0,0.0,0.0,0.0,0.0,1.0,1.0,0.0,0.0,0.0,0.0,1.0,0.0,0.0,LONG
0.0008843951778790176,0.34738903394255877,0.0017632603041542543,0.010549183857204368,0.01295064753237662,0.970588235294116,1.0,0.0,0.0,0.0,0.0,1.0,1.0,0.0,0.0,0.0,0.0,0.0,1.0,0.0,MEDIUM
0.10283546371432285,0.0001305483028720627,0.11668155062610408,0.7001604885113712,0.34996749837491875,0.941176470588232,1.0,0.0,0.0,0.0,0.0,1.0,1.0,0.0,0.0,0.0,0.0,1.0,0.0,0.0,LONG
0.0009148128968086491,0.28067885117493474,0.001825186266777047,0.010921047481113243,0.014450722536126805,1.0,1.0,0.0,0.0,0.0,0.0,1.0,1.0,0.0,0.0,0.0,0.0,0.0,1.0,0.0,MEDIUM
0.0009208964405945756,0.637467362924282,0.001844741833921087,0.010960191020472071,0.01295064753237662,0.970588235294116,1.0,0.0,0.0,0.0,0.0,1.0,1.0,0.0,0.0,0.0,0.0,0.0,1.0,0.0,MEDIUM
0.10283470327134961,6.527415143603134e-05,0.11664569875300668,0.7003757779778448,0.2749637481874094,0.794117647058826,1.0,0.0,0.0,1.0,0.0,0.0,1.0,0.0,0.0,0.0,0.0,1.0,0.0,0.0,LONG
0.10283470327134961,0.06331592689295039,0.11667503210372274,0.7001996320507301,0.15995799789989498,0.29411764705882604,1.0,0.0,0.0,0.0,0.0,1.0,1.0,0.0,0.0,0.0,0.0,1.0,0.0,0.0,MEDIUM
0.0008631027746282757,0.2808093994778068,0.0017958529160609874,0.009825028379066035,0.1249562478123906,0.823529411764703,1.0,0.0,1.0,0.0,0.0,0.0,0.0,0.0,0.0,1.0,0.0,0.0,1.0,0.0,MEDIUM
0.0008843951778790176,0.34738903394255877,0.0017632603041542543,0.010549183857204368,0.01295064753237662,0.970588235294116,1.0,0.0,0.0,0.0,0.0,1.0,1.0,0.0,0.0,0.0,0.0,0.0,1.0,0.0,MEDIUM
0.0008843951778790176,0.34738903394255877,0.0017632603041542543,0.010549183857204368,0.01295064753237662,0.970588235294116,1.0,0.0,0.0,0.0,0.0,1.0,1.0,0.0,0.0,0.0,0.0,0.0,1.0,0.0,MEDIUM
0.0008843951778790176,0.34738903394255877,0.0017632603041542543,0.010549183857204368,0.01295064753237662,0.970588235294116,1.0,0.0,0.0,0.0,0.0,1.0,1.0,0.0,0.0,0.0,0.0,0.0,1.0,0.0,MEDIUM
0.0002874474438850118,0.28054830287206267,0.0005182225293170544,0.0029553372215915764,0.014450722536126805,1.0,1.0,0.0,0.0,0.0,0.0,1.0,1.0,0.0,0.0,0.0,0.0,0.0,1.0,0.0,MEDIUM
0.0008843951778790176,0.34738903394255877,0.0017632603041542543,0.010549183857204368,0.01295064753237662,0.970588235294116,1.0,0.0,0.0,0.0,0.0,1.0,1.0,0.0,0.0,0.0,0.0,0.0,1.0,0.0,MEDIUM
0.0019573802131217476,0.5738250652741514,0.0039339282571426715,0.023564410694014954,0.007350367518375919,0.941176470588232,1.0,0.0,0.0,0.0,1.0,0.0,1.0,0.0,0.0,0.0,0.0,0.0,1.0,0.0,MEDIUM
0.00036273129823584816,0.6356396866840731,0.0006844448500413926,0.0038947821662034684,0.00025001250062503126,1.0,0.0,0.0,0.0,0.0,0.0,1.0,0.0,1.0,0.0,0.0,0.0,0.0,1.0,0.0,SHORT
0.0008843951778790176,0.34738903394255877,0.0017632603041542543,0.010549183857204368,0.01295064753237662,0.970588235294116,1.0,0.0,0.0,0.0,0.0,1.0,1.0,0.0,0.0,0.0,0.0,0.0,1.0,0.0,MEDIUM
0.0019239207222991536,0.5739556135770236,0.0038687430333292053,0.023172975300426665,0.007350367518375919,0.970588235294116,1.0,0.0,0.0,0.0,1.0,0.0,1.0,0.0,0.0,0.0,0.0,0.0,1.0,0.0,MEDIUM
0.05786134539091713,0.3605744125326371,0.07570937819815005,0.4543586331076056,0.03610180509025451,0.794117647058826,1.0,0.0,0.0,1.0,0.0,0.0,0.0,0.0,1.0,0.0,0.0,0.0,0.0,1.0,LONG
0.0009353448570861497,0.4569190600522194,0.0018708159234464732,0.01117548048694563,0.014450722536126805,1.0,1.0,0.0,0.0,0.0,0.0,1.0,1.0,0.0,0.0,0.0,0.0,0.0,1.0,0.0,MEDIUM
0.10283470327134961,0.0030026109660574417,0.11670110619324812,0.7000430578932948,0.1897094854742737,0.852941176470587,1.0,0.0,0.0,1.0,0.0,0.0,1.0,0.0,0.0,0.0,0.0,1.0,0.0,0.0,LONG
0.0008958018224776302,0.34627937336814624,0.0017860751324889675,0.01068618624496027,0.01295064753237662,0.911764705882355,1.0,0.0,0.0,0.0,0.0,1.0,1.0,0.0,0.0,0.0,0.0,0.0,1.0,0.0,MEDIUM
0.0008843951778790176,0.34738903394255877,0.0017632603041542543,0.010549183857204368,0.01295064753237662,0.970588235294116,1.0,0.0,0.0,0.0,0.0,1.0,1.0,0.0,0.0,0.0,0.0,0.0,1.0,0.0,MEDIUM
0.001015191369276431,0.6389686684073108,0.0020337789829801382,0.012173640740595765,0.15245762288114403,0.911764705882355,1.0,0.0,0.0,1.0,0.0,0.0,0.0,1.0,0.0,0.0,0.0,0.0,1.0,0.0,MEDIUM
0.0008958018224776302,0.34627937336814624,0.0017893343936796408,0.01068618624496027,0.01295064753237662,0.941176470588232,1.0,0.0,0.0,0.0,0.0,1.0,1.0,0.0,0.0,0.0,0.0,0.0,1.0,0.0,MEDIUM
0.0008843951778790176,0.34738903394255877,0.0017632603041542543,0.010549183857204368,0.01295064753237662,0.970588235294116,1.0,0.0,0.0,0.0,0.0,1.0,1.0,0.0,0.0,0.0,0.0,0.0,1.0,0.0,MEDIUM
0.0002942914306441795,0.6372715404699739,0.0005540744024144607,0.002916193682232748,0.01295064753237662,0.970588235294116,1.0,0.0,0.0,0.0,0.0,1.0,1.0,0.0,0.0,0.0,0.0,0.0,1.0,0.0,MEDIUM
0.0008106322094746628,0.6370104438642299,0.0016133342893832826,0.009609738912592477,0.1849592479623981,0.970588235294116,1.0,1.0,0.0,0.0,0.0,0.0,0.0,1.0,0.0,0.0,0.0,0.0,1.0,0.0,MEDIUM
0.0008843951778790176,0.34738903394255877,0.0017632603041542543,0.010549183857204368,0.01295064753237662,0.970588235294116,1.0,0.0,0.0,0.0,0.0,1.0,1.0,0.0,0.0,0.0,0.0,0.0,1.0,0.0,MEDIUM
0.0008958018224776302,0.34627937336814624,0.0017893343936796408,0.010666614475280856,0.01295064753237662,0.911764705882355,1.0,0.0,0.0,0.0,0.0,1.0,1.0,0.0,0.0,0.0,0.0,0.0,1.0,0.0,MEDIUM
0.10283698460026935,0.0004569190600522194,0.11670110619324812,0.7000626296629742,0.3247162358117906,0.882352941176471,1.0,0.0,0.0,1.0,0.0,0.0,1.0,0.0,0.0,0.0,0.0,1.0,0.0,0.0,LONG
0.0008843951778790176,0.34738903394255877,0.0017632603041542543,0.010529612087524955,0.01295064753237662,0.970588235294116,1.0,0.0,0.0,0.0,0.0,1.0,1.0,0.0,0.0,0.0,0.0,0.0,1.0,0.0,MEDIUM
0.0003171047198414021,0.6370104438642299,0.0005931855367025402,0.003268485536462207,5.000250012500625e-05,0.941176470588232,0.0,0.0,0.0,0.0,0.0,1.0,1.0,0.0,0.0,0.0,0.0,0.0,1.0,0.0,SHORT
0.0009353448570861497,0.4569190600522194,0.0018708159234464732,0.011155908717266216,0.014450722536126805,1.0,1.0,0.0,0.0,0.0,0.0,1.0,1.0,0.0,0.0,0.0,0.0,0.0,1.0,0.0,MEDIUM
0.0008843951778790176,0.34738903394255877,0.0017632603041542543,0.010529612087524955,0.01295064753237662,0.970588235294116,1.0,0.0,0.0,0.0,0.0,1.0,1.0,0.0,0.0,0.0,0.0,0.0,1.0,0.0,MEDIUM
0.0008843951778790176,0.34738903394255877,0.0017632603041542543,0.010549183857204368,0.01295064753237662,0.970588235294116,1.0,0.0,0.0,0.0,0.0,1.0,1.0,0.0,0.0,0.0,0.0,0.0,1.0,0.0,MEDIUM
0.0003543664255301997,0.6369451697127938,0.0006746670664693728,0.003738208008768153,5.000250012500625e-05,0.941176470588232,0.0,0.0,0.0,0.0,0.0,1.0,1.0,0.0,0.0,0.0,0.0,0.0,1.0,0.0,SHORT
0.10283546371432285,0.027610966057441257,0.11669458767086677,0.700101773202333,0.23496174808740436,0.529411764705884,1.0,0.0,0.0,0.0,1.0,0.0,1.0,0.0,0.0,0.0,0.0,1.0,0.0,0.0,LONG
0.0008843951778790176,0.34738903394255877,0.0017632603041542543,0.010549183857204368,0.01295064753237662,0.970588235294116,1.0,0.0,0.0,0.0,0.0,1.0,1.0,0.0,0.0,0.0,0.0,0.0,1.0,0.0,MEDIUM
0.0008843951778790176,0.34738903394255877,0.001760001042963581,0.010549183857204368,0.01295064753237662,0.970588235294116,1.0,0.0,0.0,0.0,0.0,1.0,1.0,0.0,0.0,0.0,0.0,0.0,1.0,0.0,MEDIUM
0.0008843951778790176,0.34738903394255877,0.0017632603041542543,0.010549183857204368,0.01295064753237662,0.970588235294116,1.0,0.0,0.0,0.0,0.0,1.0,1.0,0.0,0.0,0.0,0.0,0.0,1.0,0.0,MEDIUM
0.0008843951778790176,0.34738903394255877,0.0017632603041542543,0.010549183857204368,0.01295064753237662,0.941176470588232,1.0,0.0,0.0,0.0,0.0,1.0,1.0,0.0,0.0,0.0,0.0,0.0,1.0,0.0,MEDIUM
0.0019832352742119343,0.5736292428198434,0.003986076436193444,0.023877559008885586,0.007350367518375919,0.970588235294116,1.0,0.0,0.0,0.0,1.0,0.0,1.0,0.0,0.0,0.0,0.0,0.0,1.0,0.0,MEDIUM
0.0008843951778790176,0.34738903394255877,0.0017632603041542543,0.010549183857204368,0.01295064753237662,0.970588235294116,1.0,0.0,0.0,0.0,0.0,1.0,1.0,0.0,0.0,0.0,0.0,0.0,1.0,0.0,MEDIUM
0.0002798430141526037,0.34725848563968675,0.0004954077009823413,0.002896621912553333,0.01295064753237662,0.970588235294116,1.0,0.0,0.0,0.0,0.0,1.0,1.0,0.0,0.0,0.0,0.0,0.0,1.0,0.0,MEDIUM
0.0009353448570861497,0.4569190600522194,0.0018708159234464732,0.011155908717266216,0.014450722536126805,1.0,1.0,0.0,0.0,0.0,0.0,1.0,1.0,0.0,0.0,0.0,0.0,0.0,1.0,0.0,MEDIUM
0.00046995375746279686,0.3462140992167102,0.0009093338721978502,0.0052648060437624775,0.01295064753237662,0.911764705882355,1.0,0.0,0.0,0.0,0.0,1.0,1.0,0.0,0.0,0.0,0.0,0.0,1.0,0.0,MEDIUM
0.1028377450432426,0.0001305483028720627,0.11666199505896004,0.7002974908991272,0.31496574828741436,0.794117647058826,1.0,0.0,0.0,0.0,0.0,1.0,1.0,0.0,0.0,0.0,0.0,1.0,0.0,0.0,LONG
0.0009353448570861497,0.4569190600522194,0.0018708159234464732,0.011155908717266216,0.014450722536126805,1.0,1.0,0.0,0.0,0.0,0.0,1.0,1.0,0.0,0.0,0.0,0.0,0.0,1.0,0.0,MEDIUM
0.0008843951778790176,0.34738903394255877,0.0017632603041542543,0.010549183857204368,0.01295064753237662,0.970588235294116,1.0,0.0,0.0,0.0,0.0,1.0,1.0,0.0,0.0,0.0,0.0,0.0,1.0,0.0,MEDIUM
0.0009208964405945756,0.637402088772846,0.0018414825727304136,0.010979762790151486,0.01295064753237662,0.970588235294116,1.0,0.0,0.0,0.0,0.0,1.0,1.0,0.0,0.0,0.0,0.0,0.0,1.0,0.0,MEDIUM
0.0019573802131217476,0.5738250652741514,0.003937187518333344,0.023564410694014954,0.007350367518375919,0.941176470588232,1.0,0.0,0.0,0.0,1.0,0.0,1.0,0.0,0.0,0.0,0.0,0.0,1.0,0.0,MEDIUM
0.0003269904784935322,0.3460835509138382,0.0006062225814652335,0.003464203233256351,0.01295064753237662,0.941176470588232,1.0,0.0,0.0,0.0,0.0,1.0,1.0,0.0,0.0,0.0,0.0,0.0,1.0,0.0,MEDIUM
0.0019376086958174873,0.5737597911227155,0.0038980763840452647,0.023329549457861982,0.007350367518375919,1.0,1.0,0.0,0.0,0.0,1.0,0.0,1.0,0.0,0.0,0.0,0.0,0.0,1.0,0.0,MEDIUM
0.0008958018224776302,0.34627937336814624,0.0017860751324889675,0.01068618624496027,0.01295064753237662,0.941176470588232,1.0,0.0,0.0,0.0,0.0,1.0,1.0,0.0,0.0,0.0,0.0,0.0,1.0,0.0,MEDIUM
0.10283926592918907,0.000391644908616188,0.11667503210372274,0.7002387755900888,0.11145557277863893,0.823529411764703,1.0,0.0,0.0,1.0,0.0,0.0,1.0,0.0,0.0,0.0,0.0,1.0,0.0,0.0,LONG
0.0024372197292366754,0.5384464751958224,0.004908447353153988,0.029024934434571575,0.013950697534876743,0.764705882352942,1.0,1.0,0.0,0.0,0.0,0.0,1.0,0.0,0.0,0.0,0.0,0.0,1.0,0.0,MEDIUM
0.0008843951778790176,0.34738903394255877,0.0017632603041542543,0.010549183857204368,0.01295064753237662,0.970588235294116,1.0,0.0,0.0,0.0,0.0,1.0,1.0,0.0,0.0,0.0,0.0,0.0,1.0,0.0,MEDIUM
0.0002707176984737148,0.3460835509138382,0.0004758521338383016,0.002779191294476847,0.01295064753237662,0.941176470588232,1.0,0.0,0.0,0.0,0.0,1.0,1.0,0.0,0.0,0.0,0.0,0.0,1.0,0.0,MEDIUM
0.0008843951778790176,0.34738903394255877,0.0017632603041542543,0.010549183857204368,0.01295064753237662,0.970588235294116,1.0,0.0,0.0,0.0,0.0,1.0,1.0,0.0,0.0,0.0,0.0,0.0,1.0,0.0,MEDIUM
0.10283470327134961,0.000783289817232376,0.11671088397682014,0.6999843425842565,0.07495374768738437,0.911764705882355,1.0,0.0,0.0,1.0,0.0,0.0,1.0,0.0,0.0,0.0,0.0,1.0,0.0,0.0,LONG
0.0008843951778790176,0.34738903394255877,0.0017632603041542543,0.010549183857204368,0.01295064753237662,0.970588235294116,1.0,0.0,0.0,0.0,0.0,1.0,1.0,0.0,0.0,0.0,0.0,0.0,1.0,0.0,MEDIUM
0.00031634427686816086,0.6353785900783291,0.0005931855367025402,0.0032293419971033783,0.00025001250062503126,0.970588235294116,0.5,0.0,0.0,0.0,0.0,1.0,0.0,1.0,0.0,0.0,0.0,0.0,1.0,0.0,SHORT
0.0019573802131217476,0.5738250652741514,0.0039339282571426715,0.023583982463694367,0.007350367518375919,1.0,1.0,0.0,0.0,0.0,1.0,0.0,1.0,0.0,0.0,0.0,0.0,0.0,1.0,0.0,MEDIUM
0.0008843951778790176,0.34738903394255877,0.0017632603041542543,0.010549183857204368,0.01295064753237662,0.970588235294116,1.0,0.0,0.0,0.0,0.0,1.0,1.0,0.0,0.0,0.0,0.0,0.0,1.0,0.0,MEDIUM
0.10283242194242989,0.0001305483028720627,0.116642439491816,0.7003757779778448,0.10745537276863842,0.911764705882355,1.0,1.0,0.0,0.0,0.0,0.0,1.0,0.0,0.0,0.0,0.0,1.0,0.0,0.0,LONG
0.0003087398471357536,0.34614882506527417,0.000567111447177154,0.003209770227423964,0.01295064753237662,0.911764705882355,1.0,0.0,0.0,0.0,0.0,1.0,1.0,0.0,0.0,0.0,0.0,0.0,1.0,0.0,MEDIUM
0.0008843951778790176,0.34738903394255877,0.0017632603041542543,0.010549183857204368,0.01295064753237662,0.970588235294116,1.0,0.0,0.0,0.0,0.0,1.0,1.0,0.0,0.0,0.0,0.0,0.0,1.0,0.0,MEDIUM
0.0006015103918334506,0.3462140992167102,0.0011863710734050805,0.006928406466512702,0.01295064753237662,0.941176470588232,1.0,0.0,0.0,0.0,0.0,1.0,1.0,0.0,0.0,0.0,0.0,0.0,1.0,0.0,MEDIUM
0.0008106322094746628,0.6357049608355092,0.0016133342893832826,0.009590167142913063,0.2249612480624031,0.529411764705884,1.0,0.0,0.0,0.0,0.0,1.0,0.0,1.0,0.0,0.0,0.0,0.0,1.0,0.0,LONG
0.0019239207222991536,0.5738903394255875,0.0038687430333292053,0.023172975300426665,0.007350367518375919,0.970588235294116,1.0,0.0,0.0,0.0,1.0,0.0,1.0,0.0,0.0,0.0,0.0,0.0,1.0,0.0,MEDIUM
0.10283014061351017,0.000391644908616188,0.11665221727538802,0.7002974908991272,0.255962798139907,0.647058823529413,1.0,0.0,0.0,1.0,0.0,0.0,1.0,0.0,0.0,0.0,0.0,1.0,0.0,0.0,LONG
0.0008843951778790176,0.34738903394255877,0.0017632603041542543,0.010549183857204368,0.01295064753237662,0.970588235294116,1.0,0.0,0.0,0.0,0.0,1.0,1.0,0.0,0.0,0.0,0.0,0.0,1.0,0.0,MEDIUM
0.0008843951778790176,0.34738903394255877,0.0017632603041542543,0.010549183857204368,0.01295064753237662,0.970588235294116,1.0,0.0,0.0,0.0,0.0,1.0,1.0,0.0,0.0,0.0,0.0,0.0,1.0,0.0,MEDIUM
0.0008843951778790176,0.34738903394255877,0.0017632603041542543,0.010549183857204368,0.01295064753237662,0.970588235294116,1.0,0.0,0.0,0.0,0.0,1.0,1.0,0.0,0.0,0.0,0.0,0.0,1.0,0.0,MEDIUM
0.0007748913897323469,0.6357049608355092,0.0015677046327138564,0.008983442282851216,0.00015000750037501875,0.852941176470587,0.0,0.0,0.0,0.0,0.0,1.0,0.0,1.0,0.0,0.0,0.0,0.0,1.0,0.0,SHORT
0.0008843951778790176,0.34738903394255877,0.0017665195653449278,0.010529612087524955,0.01295064753237662,0.970588235294116,1.0,0.0,0.0,0.0,0.0,1.0,1.0,0.0,0.0,0.0,0.0,0.0,1.0,0.0,MEDIUM
0.0009353448570861497,0.4569190600522194,0.0018675566622558,0.01117548048694563,0.014450722536126805,1.0,1.0,0.0,0.0,0.0,0.0,1.0,1.0,0.0,0.0,0.0,0.0,0.0,1.0,0.0,MEDIUM
0.0009634812470960584,0.6381201044386424,0.0019262233636879193,0.01152777234117509,0.07145357267863393,0.882352941176471,1.0,0.0,0.0,1.0,0.0,0.0,0.0,1.0,0.0,0.0,0.0,0.0,1.0,0.0,MEDIUM
0.0008843951778790176,0.34738903394255877,0.0017632603041542543,0.010549183857204368,0.01295064753237662,0.970588235294116,1.0,0.0,0.0,0.0,0.0,1.0,1.0,0.0,0.0,0.0,0.0,0.0,1.0,0.0,MEDIUM
0.0003254695925470506,0.34614882506527417,0.0006029633202745602,0.003405487924218108,0.01295064753237662,0.941176470588232,1.0,0.0,0.0,0.0,0.0,1.0,1.0,0.0,0.0,0.0,0.0,0.0,1.0,0.0,MEDIUM
0.0009148128968086491,0.28067885117493474,0.001825186266777047,0.010921047481113243,0.014450722536126805,1.0,1.0,0.0,0.0,0.0,0.0,1.0,1.0,0.0,0.0,0.0,0.0,0.0,1.0,0.0,MEDIUM
0.0019307647090583205,0.5738250652741514,0.0038817800780918984,0.023251262379144322,0.007350367518375919,0.941176470588232,1.0,0.0,0.0,0.0,1.0,0.0,1.0,0.0,0.0,0.0,0.0,0.0,1.0,0.0,MEDIUM
0.0008958018224776302,0.34738903394255877,0.0017860751324889675,0.01068618624496027,0.079953997699885,0.764705882352942,1.0,0.0,0.0,1.0,0.0,0.0,0.0,1.0,0.0,0.0,0.0,0.0,1.0,0.0,MEDIUM
0.0012615748926064416,0.5639686684073107,0.0025389644675344993,0.015187693271225586,0.04295214760738037,0.823529411764703,1.0,0.0,0.0,0.0,0.0,1.0,1.0,0.0,0.0,0.0,0.0,0.0,1.0,0.0,LONG
0.0008843951778790176,0.34738903394255877,0.0017632603041542543,0.010549183857204368,0.01295064753237662,0.970588235294116,1.0,0.0,0.0,0.0,0.0,1.0,1.0,0.0,0.0,0.0,0.0,0.0,1.0,0.0,MEDIUM
0.0008843951778790176,0.34738903394255877,0.0017632603041542543,0.010549183857204368,0.01295064753237662,0.970588235294116,1.0,0.0,0.0,0.0,0.0,1.0,1.0,0.0,0.0,0.0,0.0,0.0,1.0,0.0,MEDIUM
0.0008958018224776302,0.34627937336814624,0.0017860751324889675,0.01068618624496027,0.01295064753237662,0.941176470588232,1.0,0.0,0.0,0.0,0.0,1.0,1.0,0.0,0.0,0.0,0.0,0.0,1.0,0.0,MEDIUM
0.0007977046789295695,0.6345300261096606,0.001606815767001936,0.009335734137080675,0.004700235011750587,0.852941176470587,0.5,0.0,1.0,0.0,0.0,0.0,0.0,1.0,0.0,0.0,0.0,0.0,1.0,0.0,SHORT
0.0009353448570861497,0.4569190600522194,0.0018708159234464732,0.011155908717266216,0.014450722536126805,1.0,1.0,0.0,0.0,0.0,0.0,1.0,1.0,0.0,0.0,0.0,0.0,0.0,1.0,0.0,MEDIUM
0.0009208964405945756,0.637467362924282,0.001844741833921087,0.010960191020472071,0.01295064753237662,0.970588235294116,1.0,0.0,0.0,0.0,0.0,1.0,1.0,0.0,0.0,0.0,0.0,0.0,1.0,0.0,MEDIUM
0.0006843986759166951,0.34738903394255877,0.0013460748717480722,0.008043997338239324,0.01295064753237662,0.970588235294116,1.0,0.0,0.0,0.0,0.0,1.0,1.0,0.0,0.0,0.0,0.0,0.0,1.0,0.0,MEDIUM
0.0003034167463230675,0.2806135770234987,0.0005442966188424408,0.003209770227423964,0.014450722536126805,1.0,1.0,0.0,0.0,0.0,0.0,1.0,1.0,0.0,0.0,0.0,0.0,0.0,1.0,0.0,MEDIUM
0.10283166149945666,0.0002610966057441254,0.11668480988729475,0.700101773202333,0.1834091704585229,0.823529411764703,1.0,0.0,0.0,1.0,0.0,0.0,1.0,0.0,0.0,0.0,0.0,1.0,0.0,0.0,LONG
0.0008843951778790176,0.34738903394255877,0.0017632603041542543,0.010549183857204368,0.01295064753237662,0.970588235294116,1.0,0.0,0.0,0.0,0.0,1.0,1.0,0.0,0.0,0.0,0.0,0.0,1.0,0.0,MEDIUM
0.00032090693470760573,0.34614882506527417,0.0005866670143211937,0.003405487924218108,0.01295064753237662,0.941176470588232,1.0,0.0,0.0,0.0,0.0,1.0,1.0,0.0,0.0,0.0,0.0,0.0,1.0,0.0,MEDIUM
0.0012615748926064416,0.5639686684073107,0.0025389644675344993,0.015187693271225586,0.04295214760738037,0.882352941176471,1.0,0.0,0.0,0.0,0.0,1.0,1.0,0.0,0.0,0.0,0.0,0.0,1.0,0.0,LONG
0.00030189586037658676,0.34614882506527417,0.0005377780964610943,0.003209770227423964,0.01295064753237662,0.941176470588232,1.0,0.0,0.0,0.0,0.0,1.0,1.0,0.0,0.0,0.0,0.0,0.0,1.0,0.0,MEDIUM
0.10283850548621583,0.0003263707571801567,0.11668806914848542,0.7001409167416918,0.01295064753237662,0.911764705882355,1.0,0.0,0.0,1.0,0.0,0.0,1.0,0.0,0.0,0.0,0.0,1.0,0.0,0.0,LONG
0.0009376261860058717,0.6370104438642299,0.0018968900129718597,0.011038478099189728,0.004950247512375619,0.941176470588232,0.5,0.0,0.0,1.0,0.0,0.0,0.0,1.0,0.0,0.0,0.0,0.0,1.0,0.0,MEDIUM
0.0002669154836075103,0.3460835509138382,0.00048237065621964815,0.00266176067640036,0.01295064753237662,0.941176470588232,1.0,0.0,0.0,0.0,0.0,1.0,1.0,0.0,0.0,0.0,0.0,0.0,1.0,0.0,MEDIUM
0.0019376086958174873,0.5737597911227155,0.0038948171228545916,0.023329549457861982,0.007350367518375919,1.0,1.0,0.0,0.0,0.0,1.0,0.0,1.0,0.0,0.0,0.0,0.0,0.0,1.0,0.0,MEDIUM
1.0,0.5552219321148826,1.0,1.0,0.18295914795739784,0.647058823529413,1.0,1.0,0.0,0.0,0.0,0.0,0.0,0.0,0.0,1.0,1.0,0.0,0.0,0.0,MEDIUM
0.0008843951778790176,0.34738903394255877,0.0017632603041542543,0.010549183857204368,0.01295064753237662,0.941176470588232,1.0,0.0,0.0,0.0,0.0,1.0,1.0,0.0,0.0,0.0,0.0,0.0,1.0,0.0,MEDIUM
0.0009353448570861497,0.4569190600522194,0.0018708159234464732,0.011155908717266216,0.01295064753237662,0.941176470588232,1.0,0.0,0.0,0.0,0.0,1.0,1.0,0.0,0.0,0.0,0.0,0.0,1.0,0.0,MEDIUM
0.0019239207222991536,0.5739556135770236,0.0038687430333292053,0.02319254707010608,0.007350367518375919,1.0,1.0,0.0,0.0,0.0,1.0,0.0,1.0,0.0,0.0,0.0,0.0,0.0,1.0,0.0,MEDIUM
0.0008843951778790176,0.34738903394255877,0.001760001042963581,0.010549183857204368,0.01295064753237662,0.970588235294116,1.0,0.0,0.0,0.0,0.0,1.0,1.0,0.0,0.0,0.0,0.0,0.0,1.0,0.0,MEDIUM
0.00042584806501483243,0.34738903394255877,0.0008148152976683245,0.004716796492738874,0.01295064753237662,0.970588235294116,1.0,0.0,0.0,0.0,0.0,1.0,1.0,0.0,0.0,0.0,0.0,0.0,1.0,0.0,MEDIUM
0.001970307743666841,0.5736945169712794,0.003960002346668058,0.02372098485145027,0.007350367518375919,0.911764705882355,1.0,0.0,0.0,0.0,1.0,0.0,1.0,0.0,0.0,0.0,0.0,0.0,1.0,0.0,MEDIUM
0.0005467584977601149,0.4569190600522194,0.001069037670540842,0.006243394527733198,0.01295064753237662,0.941176470588232,1.0,0.0,0.0,0.0,0.0,1.0,1.0,0.0,0.0,0.0,0.0,0.0,1.0,0.0,MEDIUM
0.0024372197292366754,0.5384464751958224,0.004905188091963314,0.02904450620425099,0.013950697534876743,0.764705882352942,1.0,1.0,0.0,0.0,0.0,0.0,1.0,0.0,0.0,0.0,0.0,0.0,1.0,0.0,MEDIUM
0.10345674562346058,0.02049608355091384,0.11720303241661181,0.7032723998903981,0.2499624981249062,0.617647058823529,1.0,0.0,1.0,0.0,0.0,0.0,1.0,0.0,0.0,0.0,0.0,1.0,0.0,0.0,LONG
0.0009353448570861497,0.4569190600522194,0.0018708159234464732,0.011155908717266216,0.014450722536126805,1.0,1.0,0.0,0.0,0.0,0.0,1.0,1.0,0.0,0.0,0.0,0.0,0.0,1.0,0.0,MEDIUM
0.0007748913897323469,0.6357049608355092,0.0015677046327138564,0.008983442282851216,0.00015000750037501875,0.852941176470587,0.0,0.0,0.0,0.0,0.0,1.0,0.0,1.0,0.0,0.0,0.0,0.0,1.0,0.0,SHORT
0.0019109931917540603,0.5739556135770236,0.0038426689438038186,0.02301640114299135,0.007350367518375919,0.970588235294116,1.0,0.0,0.0,0.0,1.0,0.0,1.0,0.0,0.0,0.0,0.0,0.0,1.0,0.0,MEDIUM
0.0008843951778790176,0.34738903394255877,0.001760001042963581,0.010549183857204368,0.01295064753237662,0.970588235294116,1.0,0.0,0.0,0.0,0.0,1.0,1.0,0.0,0.0,0.0,0.0,0.0,1.0,0.0,MEDIUM
0.0008843951778790176,0.34738903394255877,0.0017632603041542543,0.010549183857204368,0.01295064753237662,0.941176470588232,1.0,0.0,0.0,0.0,0.0,1.0,1.0,0.0,0.0,0.0,0.0,0.0,1.0,0.0,MEDIUM
0.0019573802131217476,0.5738250652741514,0.0039339282571426715,0.023564410694014954,0.007350367518375919,0.941176470588232,1.0,0.0,0.0,0.0,1.0,0.0,1.0,0.0,0.0,0.0,0.0,0.0,1.0,0.0,MEDIUM
0.00030189586037658676,0.3469321148825065,0.0005442966188424408,0.0031901984577445493,0.01295064753237662,0.941176470588232,1.0,0.0,0.0,0.0,0.0,1.0,1.0,0.0,0.0,0.0,0.0,0.0,1.0,0.0,MEDIUM
0.0002783221282061229,0.6356396866840731,0.0005117040069357078,0.002759619524797432,5.000250012500625e-05,1.0,0.0,0.0,0.0,0.0,0.0,1.0,1.0,0.0,0.0,0.0,0.0,0.0,1.0,0.0,SHORT
0.000292770544697697,0.345822454308094,0.0005475558800331141,0.002935765451912162,0.01295064753237662,0.941176470588232,1.0,0.0,0.0,0.0,0.0,1.0,1.0,0.0,0.0,0.0,0.0,0.0,1.0,0.0,MEDIUM
0.0008958018224776302,0.34627937336814624,0.0017860751324889675,0.01068618624496027,0.01295064753237662,0.941176470588232,1.0,0.0,0.0,0.0,0.0,1.0,1.0,0.0,0.0,0.0,0.0,0.0,1.0,0.0,MEDIUM
0.0008958018224776302,0.34627937336814624,0.0017860751324889675,0.010705758014639685,0.01295064753237662,0.941176470588232,1.0,0.0,0.0,0.0,0.0,1.0,1.0,0.0,0.0,0.0,0.0,0.0,1.0,0.0,MEDIUM
0.0008958018224776302,0.34627937336814624,0.0017860751324889675,0.01068618624496027,0.01295064753237662,0.941176470588232,1.0,0.0,0.0,0.0,0.0,1.0,1.0,0.0,0.0,0.0,0.0,0.0,1.0,0.0,MEDIUM
0.10282557795567074,0.000195822454308094,0.11666525432015071,0.7001604885113712,0.14465723286164306,0.29411764705882604,1.0,0.0,0.0,1.0,0.0,0.0,1.0,0.0,0.0,0.0,0.0,1.0,0.0,0.0,LONG
0.0019832352742119343,0.5736292428198434,0.003989335697384118,0.023877559008885586,0.007350367518375919,0.911764705882355,1.0,0.0,0.0,0.0,1.0,0.0,1.0,0.0,0.0,0.0,0.0,0.0,1.0,0.0,MEDIUM
0.0008843951778790176,0.34738903394255877,0.0017632603041542543,0.010549183857204368,0.01295064753237662,0.970588235294116,1.0,0.0,0.0,0.0,0.0,1.0,1.0,0.0,0.0,0.0,0.0,0.0,1.0,0.0,MEDIUM
0.0008843951778790176,0.34738903394255877,0.0017632603041542543,0.010549183857204368,0.01295064753237662,0.970588235294116,1.0,0.0,0.0,0.0,0.0,1.0,1.0,0.0,0.0,0.0,0.0,0.0,1.0,0.0,MEDIUM
0.0524279803471118,0.3537206266318538,0.07020448604710285,0.42112576819195996,0.039951997599879996,0.852941176470587,1.0,0.0,1.0,0.0,0.0,0.0,0.0,0.0,1.0,0.0,0.0,0.0,0.0,1.0,LONG
0.0008843951778790176,0.34738903394255877,0.0017632603041542543,0.010549183857204368,0.01295064753237662,0.970588235294116,1.0,0.0,0.0,0.0,0.0,1.0,1.0,0.0,0.0,0.0,0.0,0.0,1.0,0.0,MEDIUM
0.0019307647090583205,0.5738250652741514,0.0038817800780918984,0.023251262379144322,0.007350367518375919,0.941176470588232,1.0,0.0,0.0,0.0,1.0,0.0,1.0,0.0,0.0,0.0,0.0,0.0,1.0,0.0,MEDIUM
0.0008958018224776302,0.34627937336814624,0.0017893343936796408,0.010666614475280856,0.01295064753237662,0.911764705882355,1.0,0.0,0.0,0.0,0.0,1.0,1.0,0.0,0.0,0.0,0.0,0.0,1.0,0.0,MEDIUM
0.0008843951778790176,0.34738903394255877,0.0017632603041542543,0.010529612087524955,0.01295064753237662,0.970588235294116,1.0,0.0,0.0,0.0,0.0,1.0,1.0,0.0,0.0,0.0,0.0,0.0,1.0,0.0,MEDIUM
0.0008958018224776302,0.34627937336814624,0.0017860751324889675,0.01068618624496027,0.01295064753237662,0.941176470588232,1.0,0.0,0.0,0.0,0.0,1.0,1.0,0.0,0.0,0.0,0.0,0.0,1.0,0.0,MEDIUM
0.00028440567199204854,0.34614882506527417,0.0005149632681263811,0.002896621912553333,0.01295064753237662,0.911764705882355,1.0,0.0,0.0,0.0,0.0,1.0,1.0,0.0,0.0,0.0,0.0,0.0,1.0,0.0,MEDIUM
0.0024372197292366754,0.5386422976501306,0.004901928830772641,0.029064077973930406,0.013950697534876743,0.882352941176471,1.0,1.0,0.0,0.0,0.0,0.0,1.0,0.0,0.0,0.0,0.0,0.0,1.0,0.0,MEDIUM
0.0008843951778790176,0.34738903394255877,0.0017632603041542543,0.010549183857204368,0.01295064753237662,0.970588235294116,1.0,0.0,0.0,0.0,0.0,1.0,1.0,0.0,0.0,0.0,0.0,0.0,1.0,0.0,MEDIUM
0.00030417718929630876,0.34725848563968675,0.0005475558800331141,0.003209770227423964,0.01295064753237662,0.970588235294116,1.0,0.0,0.0,0.0,0.0,1.0,1.0,0.0,0.0,0.0,0.0,0.0,1.0,0.0,MEDIUM
0.0009208964405945756,0.637402088772846,0.001834964050349067,0.0109993345598309,0.01295064753237662,0.970588235294116,1.0,0.0,0.0,0.0,0.0,1.0,1.0,0.0,0.0,0.0,0.0,0.0,1.0,0.0,MEDIUM
0.05242721990413855,0.3531331592689295,0.0701979675247215,0.42114533996163933,0.039951997599879996,0.852941176470587,1.0,0.0,1.0,0.0,0.0,0.0,0.0,0.0,1.0,0.0,0.0,0.0,0.0,1.0,LONG
0.0003079794041625124,0.3462140992167102,0.0005605929247958073,0.0032293419971033783,0.01295064753237662,0.941176470588232,1.0,0.0,0.0,0.0,0.0,1.0,1.0,0.0,0.0,0.0,0.0,0.0,1.0,0.0,MEDIUM
0.0019573802131217476,0.5738250652741514,0.003930668995951998,0.023583982463694367,0.007350367518375919,0.941176470588232,1.0,0.0,0.0,0.0,1.0,0.0,1.0,0.0,0.0,0.0,0.0,0.0,1.0,0.0,MEDIUM
0.0002851661149652898,0.6361618798955614,0.0005214817905077277,0.002896621912553333,5.000250012500625e-05,0.970588235294116,0.0,0.0,0.0,0.0,0.0,1.0,1.0,0.0,0.0,0.0,0.0,0.0,1.0,0.0,SHORT
0.001017472698196153,0.6389686684073108,0.0020370382441708113,0.01219321251027518,0.04595229761488075,0.941176470588232,1.0,0.0,0.0,1.0,0.0,0.0,0.0,1.0,0.0,0.0,0.0,0.0,1.0,0.0,LONG
0.0008843951778790176,0.34738903394255877,0.0017632603041542543,0.010549183857204368,0.01295064753237662,0.970588235294116,1.0,0.0,0.0,0.0,0.0,1.0,1.0,0.0,0.0,0.0,0.0,0.0,1.0,0.0,MEDIUM
0.001963463756907674,0.5737597911227155,0.003950224563096037,0.02364269777273261,0.007350367518375919,0.941176470588232,1.0,0.0,0.0,0.0,1.0,0.0,1.0,0.0,0.0,0.0,0.0,0.0,1.0,0.0,MEDIUM
0.10283090105648342,0.36005221932114884,0.11784510687117444,0.6931342231964615,0.039951997599879996,0.852941176470587,1.0,0.0,1.0,0.0,0.0,0.0,0.0,0.0,1.0,0.0,0.0,1.0,0.0,0.0,LONG
0.0019763912874527674,0.5736292428198434,0.003973039391430751,0.023799271930167926,0.007350367518375919,0.911764705882355,1.0,0.0,0.0,0.0,1.0,0.0,1.0,0.0,0.0,0.0,0.0,0.0,1.0,0.0,MEDIUM
0.0008843951778790176,0.34738903394255877,0.0017632603041542543,0.010549183857204368,0.01295064753237662,0.970588235294116,1.0,0.0,0.0,0.0,0.0,1.0,1.0,0.0,0.0,0.0,0.0,0.0,1.0,0.0,MEDIUM
0.0008843951778790176,0.34738903394255877,0.0017632603041542543,0.010549183857204368,0.01295064753237662,0.970588235294116,1.0,0.0,0.0,0.0,0.0,1.0,1.0,0.0,0.0,0.0,0.0,0.0,1.0,0.0,MEDIUM
0.0019505362263625807,0.5738250652741514,0.003920891212379978,0.02350569538497671,0.007350367518375919,0.941176470588232,0.5,0.0,0.0,0.0,1.0,0.0,1.0,0.0,0.0,0.0,0.0,0.0,1.0,0.0,MEDIUM
0.10432897371376774,0.025718015665796345,0.11795918101284801,0.7074999021411517,0.10425521276063802,0.470588235294116,1.0,0.0,0.0,0.0,0.0,1.0,1.0,0.0,0.0,0.0,0.0,1.0,0.0,0.0,LONG
0.0007262230394449376,0.34627937336814624,0.0014340749238962512,0.008572435119583513,0.01295064753237662,0.911764705882355,1.0,0.0,0.0,0.0,0.0,1.0,1.0,0.0,0.0,0.0,0.0,0.0,1.0,0.0,MEDIUM
0.0008843951778790176,0.34738903394255877,0.0017632603041542543,0.010549183857204368,0.01295064753237662,0.970588235294116,1.0,0.0,0.0,0.0,0.0,1.0,1.0,0.0,0.0,0.0,0.0,0.0,1.0,0.0,MEDIUM
0.0006707107023983605,0.6355744125326371,0.0013362970881760524,0.0077699925627275224,0.00025001250062503126,1.0,0.5,0.0,0.0,0.0,0.0,1.0,0.0,1.0,0.0,0.0,0.0,0.0,1.0,0.0,SHORT
0.0010037847246778192,0.6394255874673629,0.0020598530725055245,0.011723490037969233,0.011750587529376468,0.705882352941174,1.0,0.0,0.0,0.0,0.0,1.0,0.0,0.0,0.0,1.0,0.0,0.0,1.0,0.0,SHORT
0.0019505362263625807,0.5738250652741514,0.003920891212379978,0.023486123615297297,0.007350367518375919,1.0,0.5,0.0,0.0,0.0,1.0,0.0,1.0,0.0,0.0,0.0,0.0,0.0,1.0,0.0,MEDIUM
0.0019376086958174873,0.5737597911227155,0.0038948171228545916,0.023329549457861982,0.007350367518375919,1.0,1.0,0.0,0.0,0.0,1.0,0.0,1.0,0.0,0.0,0.0,0.0,0.0,1.0,0.0,MEDIUM
0.10283166149945666,0.0001305483028720627,0.116642439491816,0.7003562062081654,0.07130356517825891,0.735294117647058,1.0,1.0,0.0,0.0,0.0,0.0,1.0,0.0,0.0,0.0,0.0,1.0,0.0,0.0,LONG
0.0008843951778790176,0.34738903394255877,0.001760001042963581,0.010549183857204368,0.01295064753237662,0.970588235294116,1.0,0.0,0.0,0.0,0.0,1.0,1.0,0.0,0.0,0.0,0.0,0.0,1.0,0.0,MEDIUM
0.0008843951778790176,0.34738903394255877,0.0017632603041542543,0.010549183857204368,0.01295064753237662,0.970588235294116,1.0,0.0,0.0,0.0,0.0,1.0,1.0,0.0,0.0,0.0,0.0,0.0,1.0,0.0,MEDIUM
0.00034828288174427405,0.34725848563968675,0.0006485929769439863,0.0037186362390887384,0.01295064753237662,0.970588235294116,1.0,0.0,0.0,0.0,0.0,1.0,1.0,0.0,0.0,0.0,0.0,0.0,1.0,0.0,MEDIUM
0.0008958018224776302,0.34627937336814624,0.0017860751324889675,0.01068618624496027,0.01295064753237662,0.941176470588232,1.0,0.0,0.0,0.0,0.0,1.0,1.0,0.0,0.0,0.0,0.0,0.0,1.0,0.0,MEDIUM
0.0008843951778790176,0.34738903394255877,0.0017632603041542543,0.010549183857204368,0.01295064753237662,0.970588235294116,1.0,0.0,0.0,0.0,0.0,1.0,1.0,0.0,0.0,0.0,0.0,0.0,1.0,0.0,MEDIUM
0.0003741379428344599,0.6353785900783291,0.0007040004171854324,0.004051356323638783,0.00025001250062503126,0.970588235294116,0.0,0.0,0.0,0.0,0.0,1.0,0.0,1.0,0.0,0.0,0.0,0.0,1.0,0.0,SHORT
0.0008958018224776302,0.34627937336814624,0.0017860751324889675,0.01068618624496027,0.01295064753237662,0.941176470588232,1.0,0.0,0.0,0.0,0.0,1.0,1.0,0.0,0.0,0.0,0.0,0.0,1.0,0.0,MEDIUM
0.0008843951778790176,0.34738903394255877,0.0017632603041542543,0.010549183857204368,0.01295064753237662,0.970588235294116,1.0,0.0,0.0,0.0,0.0,1.0,1.0,0.0,0.0,0.0,0.0,0.0,1.0,0.0,MEDIUM
0.0008958018224776302,0.34627937336814624,0.0017860751324889675,0.01068618624496027,0.01295064753237662,0.941176470588232,1.0,0.0,0.0,0.0,0.0,1.0,1.0,0.0,0.0,0.0,0.0,0.0,1.0,0.0,MEDIUM
0.0003353553511991807,0.34614882506527417,0.0006192596262279267,0.003581633851332838,0.01295064753237662,0.941176470588232,1.0,0.0,0.0,0.0,0.0,1.0,1.0,0.0,0.0,0.0,0.0,0.0,1.0,0.0,MEDIUM
0.0019763912874527674,0.5736292428198434,0.0039762986526214236,0.023799271930167926,0.007350367518375919,0.911764705882355,1.0,0.0,0.0,0.0,1.0,0.0,1.0,0.0,0.0,0.0,0.0,0.0,1.0,0.0,MEDIUM
0.00027604079928640005,0.34725848563968675,0.0004986669621730147,0.002779191294476847,0.01295064753237662,0.970588235294116,1.0,0.0,0.0,0.0,0.0,1.0,1.0,0.0,0.0,0.0,0.0,0.0,1.0,0.0,MEDIUM
0.0009208964405945756,0.637402088772846,0.0018414825727304136,0.010979762790151486,0.01295064753237662,0.970588235294116,1.0,0.0,0.0,0.0,0.0,1.0,1.0,0.0,0.0,0.0,0.0,0.0,1.0,0.0,MEDIUM
0.0008843951778790176,0.34738903394255877,0.001760001042963581,0.010549183857204368,0.01295064753237662,0.970588235294116,1.0,0.0,0.0,0.0,0.0,1.0,1.0,0.0,0.0,0.0,0.0,0.0,1.0,0.0,MEDIUM
0.0006364907686025271,0.3460182767624021,0.00125481555840922,0.007398128938818648,0.01295064753237662,0.911764705882355,1.0,0.0,0.0,0.0,0.0,1.0,1.0,0.0,0.0,0.0,0.0,0.0,1.0,0.0,MEDIUM
0.10283622415729611,0.03296344647519582,0.11670110619324812,0.7000430578932948,0.2361118055902795,0.352941176470587,1.0,0.0,0.0,1.0,0.0,0.0,1.0,0.0,0.0,0.0,0.0,1.0,0.0,0.0,LONG
0.0008843951778790176,0.34738903394255877,0.0017632603041542543,0.010549183857204368,0.01295064753237662,0.970588235294116,1.0,0.0,0.0,0.0,0.0,1.0,1.0,0.0,0.0,0.0,0.0,0.0,1.0,0.0,MEDIUM
0.10283394282837638,0.0001305483028720627,0.11666199505896004,0.7002779191294477,0.2544627231361568,0.647058823529413,1.0,0.0,0.0,1.0,0.0,0.0,1.0,0.0,0.0,0.0,0.0,1.0,0.0,0.0,LONG
0.0008843951778790176,0.34738903394255877,0.0017632603041542543,0.010549183857204368,0.01295064753237662,0.970588235294116,1.0,0.0,0.0,0.0,0.0,1.0,1.0,0.0,0.0,0.0,0.0,0.0,1.0,0.0,MEDIUM
0.0008843951778790176,0.34738903394255877,0.0017632603041542543,0.010549183857204368,0.01295064753237662,0.970588235294116,1.0,0.0,0.0,0.0,0.0,1.0,1.0,0.0,0.0,0.0,0.0,0.0,1.0,0.0,MEDIUM
0.10420806328102246,0.011031331592689295,0.11790377357260656,0.706619172505578,0.01295064753237662,0.5588235294117609,1.0,0.0,0.0,1.0,0.0,0.0,1.0,0.0,0.0,0.0,0.0,1.0,0.0,0.0,LONG
0.0019307647090583205,0.5738250652741514,0.0038817800780918984,0.023251262379144322,0.007350367518375919,0.941176470588232,1.0,0.0,0.0,0.0,1.0,0.0,1.0,0.0,0.0,0.0,0.0,0.0,1.0,0.0,MEDIUM
0.0019436922396034138,0.5737597911227155,0.003907854167617284,0.02340783653657964,0.007350367518375919,1.0,0.5,0.0,0.0,0.0,1.0,0.0,1.0,0.0,0.0,0.0,0.0,0.0,1.0,0.0,MEDIUM
0.0013855270972446872,0.13035248041775457,0.0028127424075510563,0.016557717148784595,0.0004950247512375619,0.647058823529413,0.5,0.0,0.0,1.0,0.0,0.0,0.0,0.0,0.0,1.0,0.0,0.0,1.0,0.0,SHORT
0.0008843951778790176,0.34738903394255877,0.0017632603041542543,0.010529612087524955,0.01295064753237662,0.970588235294116,1.0,0.0,0.0,0.0,0.0,1.0,1.0,0.0,0.0,0.0,0.0,0.0,1.0,0.0,MEDIUM
0.0008843951778790176,0.34738903394255877,0.0017632603041542543,0.010549183857204368,0.01295064753237662,0.970588235294116,1.0,0.0,0.0,0.0,0.0,1.0,1.0,0.0,0.0,0.0,0.0,0.0,1.0,0.0,MEDIUM
0.0009140524538354079,0.28067885117493474,0.001825186266777047,0.010901475711433828,0.01295064753237662,0.970588235294116,1.0,0.0,0.0,0.0,0.0,1.0,1.0,0.0,0.0,0.0,0.0,0.0,1.0,0.0,MEDIUM
0.0008843951778790176,0.34738903394255877,0.0017632603041542543,0.010549183857204368,0.01295064753237662,0.970588235294116,1.0,0.0,0.0,0.0,0.0,1.0,1.0,0.0,0.0,0.0,0.0,0.0,1.0,0.0,MEDIUM
0.0019178371785132271,0.5739556135770236,0.003855705988566512,0.02311425999138842,0.007350367518375919,0.941176470588232,0.5,0.0,0.0,0.0,1.0,0.0,1.0,0.0,0.0,0.0,0.0,0.0,1.0,0.0,MEDIUM
0.0019832352742119343,0.5736292428198434,0.003986076436193444,0.023877559008885586,0.007350367518375919,0.970588235294116,1.0,0.0,0.0,0.0,1.0,0.0,1.0,0.0,0.0,0.0,0.0,0.0,1.0,0.0,MEDIUM
0.0008843951778790176,0.34738903394255877,0.0017632603041542543,0.010549183857204368,0.01295064753237662,0.970588235294116,1.0,0.0,0.0,0.0,0.0,1.0,1.0,0.0,0.0,0.0,0.0,0.0,1.0,0.0,MEDIUM
0.0009148128968086491,0.28067885117493474,0.001825186266777047,0.010921047481113243,0.014450722536126805,1.0,1.0,0.0,0.0,0.0,0.0,1.0,1.0,0.0,0.0,0.0,0.0,0.0,1.0,0.0,MEDIUM
0.0008958018224776302,0.34634464751958227,0.0017860751324889675,0.01068618624496027,0.01295064753237662,0.911764705882355,1.0,0.0,0.0,0.0,0.0,1.0,1.0,0.0,0.0,0.0,0.0,0.0,1.0,0.0,MEDIUM
0.0019763912874527674,0.5736292428198434,0.003973039391430751,0.023799271930167926,0.007350367518375919,0.911764705882355,1.0,0.0,0.0,0.0,1.0,0.0,1.0,0.0,0.0,0.0,0.0,0.0,1.0,0.0,MEDIUM
0.0019505362263625807,0.5738250652741514,0.003920891212379978,0.02350569538497671,0.007350367518375919,0.941176470588232,1.0,0.0,0.0,0.0,1.0,0.0,1.0,0.0,0.0,0.0,0.0,0.0,1.0,0.0,MEDIUM
0.0008958018224776302,0.34627937336814624,0.0017893343936796408,0.01068618624496027,0.01295064753237662,0.911764705882355,1.0,0.0,0.0,0.0,0.0,1.0,1.0,0.0,0.0,0.0,0.0,0.0,1.0,0.0,MEDIUM
0.0002707176984737148,0.34595300261096606,0.00048562991741032144,0.0027204759854386035,0.01295064753237662,0.941176470588232,1.0,0.0,0.0,0.0,0.0,1.0,1.0,0.0,0.0,0.0,0.0,0.0,1.0,0.0,MEDIUM
0.0009307821992467049,0.4569190600522194,0.0018642974010651266,0.011116765177907387,0.014450722536126805,1.0,1.0,0.0,0.0,0.0,0.0,1.0,1.0,0.0,0.0,0.0,0.0,0.0,1.0,0.0,MEDIUM
0.05786210583389036,0.3626631853785901,0.07574523007124745,0.45414334364113207,0.03495174758737937,0.6764705882352899,1.0,0.0,0.0,1.0,0.0,0.0,0.0,0.0,1.0,0.0,0.0,0.0,0.0,1.0,LONG
0.0009376261860058717,0.6364882506527416,0.0018936307517811864,0.011097193408227972,0.004950247512375619,0.852941176470587,0.5,0.0,0.0,1.0,0.0,0.0,0.0,1.0,0.0,0.0,0.0,0.0,1.0,0.0,MEDIUM
0.0008843951778790176,0.34738903394255877,0.0017632603041542543,0.010549183857204368,0.01295064753237662,0.941176470588232,1.0,0.0,0.0,0.0,0.0,1.0,1.0,0.0,0.0,0.0,0.0,0.0,1.0,0.0,MEDIUM
0.0005018923623389092,0.3462140992167102,0.0009712598348206429,0.005695384976709595,0.01295064753237662,0.911764705882355,1.0,0.0,0.0,0.0,0.0,1.0,1.0,0.0,0.0,0.0,0.0,0.0,1.0,0.0,MEDIUM
0.0003520850966104777,0.34614882506527417,0.0006616300217066796,0.0037577797784475674,0.01295064753237662,0.941176470588232,1.0,0.0,0.0,0.0,0.0,1.0,1.0,0.0,0.0,0.0,0.0,0.0,1.0,0.0,MEDIUM
0.0019307647090583205,0.5738250652741514,0.0038817800780918984,0.023251262379144322,0.007350367518375919,0.941176470588232,0.5,0.0,0.0,0.0,1.0,0.0,1.0,0.0,0.0,0.0,0.0,0.0,1.0,0.0,MEDIUM
0.0002806034571258449,0.3460835509138382,0.0005084447457450346,0.0028574783731945045,0.01295064753237662,0.911764705882355,1.0,0.0,0.0,0.0,0.0,1.0,1.0,0.0,0.0,0.0,0.0,0.0,1.0,0.0,MEDIUM
0.10283242194242989,0.0004569190600522194,0.11666199505896004,0.7002583473597683,0.22996149807490374,0.647058823529413,1.0,0.0,0.0,1.0,0.0,0.0,1.0,0.0,0.0,0.0,0.0,1.0,0.0,0.0,LONG
0.00028592655793853016,0.3458877284595301,0.0005280003128890743,0.0028770501428739188,0.01295064753237662,0.941176470588232,1.0,0.0,0.0,0.0,0.0,1.0,1.0,0.0,0.0,0.0,0.0,0.0,1.0,0.0,MEDIUM
0.0008843951778790176,0.34738903394255877,0.0017632603041542543,0.010549183857204368,0.01295064753237662,0.970588235294116,1.0,0.0,0.0,0.0,0.0,1.0,1.0,0.0,0.0,0.0,0.0,0.0,1.0,0.0,MEDIUM
0.10283242194242989,0.0002610966057441254,0.11665873579776936,0.7002583473597683,0.2499624981249062,0.647058823529413,1.0,0.0,1.0,0.0,0.0,0.0,1.0,0.0,0.0,0.0,0.0,1.0,0.0,0.0,LONG
0.0008958018224776302,0.34634464751958227,0.0017860751324889675,0.01068618624496027,0.01295064753237662,0.941176470588232,1.0,0.0,0.0,0.0,0.0,1.0,1.0,0.0,0.0,0.0,0.0,0.0,1.0,0.0,MEDIUM
0.0008843951778790176,0.34738903394255877,0.0017632603041542543,0.010549183857204368,0.01295064753237662,0.970588235294116,1.0,0.0,0.0,0.0,0.0,1.0,1.0,0.0,0.0,0.0,0.0,0.0,1.0,0.0,MEDIUM
0.00030493763226954913,0.34614882506527417,0.0005540744024144607,0.0031901984577445493,0.01295064753237662,0.941176470588232,1.0,0.0,0.0,0.0,0.0,1.0,1.0,0.0,0.0,0.0,0.0,0.0,1.0,0.0,MEDIUM
0.001970307743666841,0.5736292428198434,0.003960002346668058,0.02372098485145027,0.007350367518375919,0.911764705882355,1.0,0.0,0.0,0.0,1.0,0.0,1.0,0.0,0.0,0.0,0.0,0.0,1.0,0.0,MEDIUM
0.0002851661149652898,0.3460835509138382,0.0005117040069357078,0.002935765451912162,0.01295064753237662,0.941176470588232,1.0,0.0,0.0,0.0,0.0,1.0,1.0,0.0,0.0,0.0,0.0,0.0,1.0,0.0,MEDIUM
0.0009353448570861497,0.4569190600522194,0.0018708159234464732,0.011155908717266216,0.014450722536126805,1.0,1.0,0.0,0.0,0.0,0.0,1.0,1.0,0.0,0.0,0.0,0.0,0.0,1.0,0.0,MEDIUM
0.0009148128968086491,0.28067885117493474,0.001825186266777047,0.010921047481113243,0.014450722536126805,1.0,1.0,0.0,0.0,0.0,0.0,1.0,1.0,0.0,0.0,0.0,0.0,0.0,1.0,0.0,MEDIUM
0.0004448591393458514,0.34732375979112273,0.0008441486483843842,0.005029944807609504,0.01295064753237662,0.970588235294116,1.0,0.0,0.0,0.0,0.0,1.0,1.0,0.0,0.0,0.0,0.0,0.0,1.0,0.0,MEDIUM
0.0008843951778790176,0.34738903394255877,0.0017632603041542543,0.010549183857204368,0.01295064753237662,0.970588235294116,1.0,0.0,0.0,0.0,0.0,1.0,1.0,0.0,0.0,0.0,0.0,0.0,1.0,0.0,MEDIUM
0.0008843951778790176,0.34738903394255877,0.0017632603041542543,0.010549183857204368,0.01295064753237662,0.970588235294116,1.0,0.0,0.0,0.0,0.0,1.0,1.0,0.0,0.0,0.0,0.0,0.0,1.0,0.0,MEDIUM
0.0008843951778790176,0.34738903394255877,0.0017632603041542543,0.010549183857204368,0.01295064753237662,0.970588235294116,1.0,0.0,0.0,0.0,0.0,1.0,1.0,0.0,0.0,0.0,0.0,0.0,1.0,0.0,MEDIUM
0.0010425673163130984,0.6382506527415144,0.002095704945602931,0.012467217285786982,0.040202010100505024,0.852941176470587,1.0,0.0,1.0,0.0,0.0,0.0,0.0,1.0,0.0,0.0,0.0,0.0,1.0,0.0,LONG
0.0002874474438850118,0.635313315926893,0.0005312595740797477,0.0028770501428739188,0.00015000750037501875,0.911764705882355,0.5,0.0,0.0,1.0,0.0,0.0,0.0,0.0,0.0,1.0,0.0,0.0,1.0,0.0,SHORT
0.0008843951778790176,0.34738903394255877,0.0017632603041542543,0.010549183857204368,0.01295064753237662,0.970588235294116,1.0,0.0,0.0,0.0,0.0,1.0,1.0,0.0,0.0,0.0,0.0,0.0,1.0,0.0,MEDIUM
0.0005155803358572438,0.637402088772846,0.0009940746631553559,0.005930246212862567,0.01295064753237662,0.970588235294116,0.5,0.0,0.0,0.0,0.0,1.0,1.0,0.0,0.0,0.0,0.0,0.0,1.0,0.0,MEDIUM
0.0009353448570861497,0.4569190600522194,0.0018740751846371465,0.0111363369475868,0.014450722536126805,1.0,1.0,0.0,0.0,0.0,0.0,1.0,1.0,0.0,0.0,0.0,0.0,0.0,1.0,0.0,MEDIUM
0.0008843951778790176,0.34738903394255877,0.0017632603041542543,0.010549183857204368,0.01295064753237662,0.970588235294116,1.0,0.0,0.0,0.0,0.0,1.0,1.0,0.0,0.0,0.0,0.0,0.0,1.0,0.0,MEDIUM
0.0019208789504061904,0.5739556135770236,0.0038622245109478587,0.023133831761067838,0.007350367518375919,0.970588235294116,0.5,0.0,0.0,0.0,1.0,0.0,1.0,0.0,0.0,0.0,0.0,0.0,1.0,0.0,MEDIUM
0.0008958018224776302,0.34627937336814624,0.0017860751324889675,0.01068618624496027,0.01295064753237662,0.941176470588232,1.0,0.0,0.0,0.0,0.0,1.0,1.0,0.0,0.0,0.0,0.0,0.0,1.0,0.0,MEDIUM
0.0008843951778790176,0.34738903394255877,0.0017632603041542543,0.010549183857204368,0.01295064753237662,0.970588235294116,1.0,0.0,0.0,0.0,0.0,1.0,1.0,0.0,0.0,0.0,0.0,0.0,1.0,0.0,MEDIUM
0.0008843951778790176,0.34738903394255877,0.0017632603041542543,0.010549183857204368,0.01295064753237662,0.970588235294116,1.0,0.0,0.0,0.0,0.0,1.0,1.0,0.0,0.0,0.0,0.0,0.0,1.0,0.0,MEDIUM
0.0008958018224776302,0.34627937336814624,0.0017860751324889675,0.01068618624496027,0.01295064753237662,0.941176470588232,1.0,0.0,0.0,0.0,0.0,1.0,1.0,0.0,0.0,0.0,0.0,0.0,1.0,0.0,MEDIUM
0.0012615748926064416,0.5639686684073107,0.0025389644675344993,0.015187693271225586,0.04295214760738037,0.852941176470587,1.0,0.0,0.0,0.0,0.0,1.0,1.0,0.0,0.0,0.0,0.0,0.0,1.0,0.0,LONG
0.0019109931917540603,0.5739556135770236,0.0038426689438038186,0.02301640114299135,0.007350367518375919,0.970588235294116,1.0,0.0,0.0,0.0,1.0,0.0,1.0,0.0,0.0,0.0,0.0,0.0,1.0,0.0,MEDIUM
0.0003269904784935322,0.34614882506527417,0.0006062225814652335,0.003444631463576937,0.01295064753237662,0.941176470588232,1.0,0.0,0.0,0.0,0.0,1.0,1.0,0.0,0.0,0.0,0.0,0.0,1.0,0.0,MEDIUM
0.05786134539091713,0.36044386422976504,0.07570937819815005,0.45437820487728503,0.035701785089254465,0.823529411764703,1.0,0.0,0.0,1.0,0.0,0.0,0.0,0.0,1.0,0.0,0.0,0.0,0.0,1.0,LONG
0.0009208964405945756,0.637402088772846,0.0018382233115397403,0.0109993345598309,0.01295064753237662,0.970588235294116,1.0,0.0,0.0,0.0,0.0,1.0,1.0,0.0,0.0,0.0,0.0,0.0,1.0,0.0,MEDIUM
0.000679075575104009,0.6355744125326371,0.0013493341329387455,0.007906994950483423,0.00025001250062503126,1.0,0.5,0.0,0.0,0.0,0.0,1.0,0.0,1.0,0.0,0.0,0.0,0.0,1.0,0.0,SHORT
0.10283470327134961,0.0006527415143603134,0.116642439491816,0.7003757779778448,0.4214210710535527,1.0,1.0,1.0,0.0,0.0,0.0,0.0,0.0,1.0,0.0,0.0,0.0,1.0,0.0,0.0,LONG
0.10283318238540314,0.0002610966057441254,0.11666199505896004,0.7002583473597683,0.15245762288114403,0.588235294117645,1.0,0.0,0.0,1.0,0.0,0.0,1.0,0.0,0.0,0.0,0.0,1.0,0.0,0.0,LONG
0.0008843951778790176,0.34738903394255877,0.0017632603041542543,0.010549183857204368,0.01295064753237662,0.970588235294116,1.0,0.0,0.0,0.0,0.0,1.0,1.0,0.0,0.0,0.0,0.0,0.0,1.0,0.0,MEDIUM
0.0008843951778790176,0.34738903394255877,0.0017632603041542543,0.010549183857204368,0.01295064753237662,0.970588235294116,1.0,0.0,0.0,0.0,0.0,1.0,1.0,0.0,0.0,0.0,0.0,0.0,1.0,0.0,MEDIUM
0.0008843951778790176,0.34738903394255877,0.0017632603041542543,0.010549183857204368,0.01295064753237662,0.970588235294116,1.0,0.0,0.0,0.0,0.0,1.0,1.0,0.0,0.0,0.0,0.0,0.0,1.0,0.0,MEDIUM
0.00030037497443010513,0.6356396866840731,0.0005605929247958073,0.0030531960699886483,5.000250012500625e-05,1.0,0.0,0.0,0.0,0.0,0.0,1.0,1.0,0.0,0.0,0.0,0.0,0.0,1.0,0.0,SHORT
0.00029201010172445665,0.34719321148825066,0.0005214817905077277,0.003072767839668063,0.01295064753237662,0.970588235294116,1.0,0.0,0.0,0.0,0.0,1.0,1.0,0.0,0.0,0.0,0.0,0.0,1.0,0.0,MEDIUM
0.0008958018224776302,0.34627937336814624,0.0017893343936796408,0.01068618624496027,0.01295064753237662,0.941176470588232,1.0,0.0,0.0,0.0,0.0,1.0,1.0,0.0,0.0,0.0,0.0,0.0,1.0,0.0,MEDIUM
0.0008958018224776302,0.34627937336814624,0.0017860751324889675,0.010705758014639685,0.01295064753237662,0.941176470588232,1.0,0.0,0.0,0.0,0.0,1.0,1.0,0.0,0.0,0.0,0.0,0.0,1.0,0.0,MEDIUM
0.0008958018224776302,0.34627937336814624,0.0017860751324889675,0.01068618624496027,0.01295064753237662,0.941176470588232,1.0,0.0,0.0,0.0,0.0,1.0,1.0,0.0,0.0,0.0,0.0,0.0,1.0,0.0,MEDIUM
0.0008068299946084592,0.34627937336814624,0.0016231120729553025,0.009453164755157163,0.01295064753237662,0.911764705882355,1.0,0.0,0.0,0.0,0.0,1.0,1.0,0.0,0.0,0.0,0.0,0.0,1.0,0.0,MEDIUM
0.0008843951778790176,0.34738903394255877,0.0017632603041542543,0.010549183857204368,0.01295064753237662,0.970588235294116,1.0,0.0,0.0,0.0,0.0,1.0,1.0,0.0,0.0,0.0,0.0,0.0,1.0,0.0,MEDIUM
0.0012615748926064416,0.5639686684073107,0.0025389644675344993,0.015187693271225586,0.04295214760738037,0.823529411764703,1.0,0.0,0.0,0.0,0.0,1.0,1.0,0.0,0.0,0.0,0.0,0.0,1.0,0.0,LONG
0.0008843951778790176,0.34738903394255877,0.001760001042963581,0.010549183857204368,0.01295064753237662,0.970588235294116,1.0,0.0,0.0,0.0,0.0,1.0,1.0,0.0,0.0,0.0,0.0,0.0,1.0,0.0,MEDIUM
0.0007642451881069764,0.5807441253263708,0.0015318527596164502,0.008944298743492387,0.029951497574878742,0.852941176470587,0.5,0.0,0.0,0.0,0.0,1.0,0.0,1.0,0.0,0.0,0.0,0.0,1.0,0.0,MEDIUM
0.0009353448570861497,0.4569190600522194,0.0018708159234464732,0.011155908717266216,0.014450722536126805,1.0,1.0,0.0,0.0,0.0,0.0,1.0,1.0,0.0,0.0,0.0,0.0,0.0,1.0,0.0,MEDIUM
0.0011292578152625465,0.6430156657963447,0.002314075445378042,0.013308803382001801,0.030951547577378866,0.794117647058826,1.0,0.0,1.0,0.0,0.0,0.0,0.0,1.0,0.0,0.0,0.0,0.0,1.0,0.0,SHORT
0.0008843951778790176,0.34738903394255877,0.0017632603041542543,0.010549183857204368,0.01295064753237662,0.970588235294116,1.0,0.0,0.0,0.0,0.0,1.0,1.0,0.0,0.0,0.0,0.0,0.0,1.0,0.0,MEDIUM
0.0013665160229136674,0.6445169712793734,0.0027703720120723038,0.01636199945199045,0.05765288264413221,0.5,1.0,0.0,0.0,0.0,0.0,1.0,0.0,1.0,0.0,0.0,0.0,0.0,1.0,0.0,MEDIUM
0.0019307647090583205,0.5738250652741514,0.0038817800780918984,0.023251262379144322,0.007350367518375919,1.0,1.0,0.0,0.0,0.0,1.0,0.0,1.0,0.0,0.0,0.0,0.0,0.0,1.0,0.0,MEDIUM
0.0008843951778790176,0.34738903394255877,0.0017632603041542543,0.010549183857204368,0.01295064753237662,0.970588235294116,1.0,0.0,0.0,0.0,0.0,1.0,1.0,0.0,0.0,0.0,0.0,0.0,1.0,0.0,MEDIUM
0.0003064585182160316,0.34725848563968675,0.0005540744024144607,0.0032293419971033783,0.01295064753237662,0.970588235294116,1.0,0.0,0.0,0.0,0.0,1.0,1.0,0.0,0.0,0.0,0.0,0.0,1.0,0.0,MEDIUM
0.0007650056310802168,0.6363577023498694,0.0015220749760444304,0.009022585822210044,0.002450122506125306,1.0,0.5,0.0,1.0,0.0,0.0,0.0,0.0,0.0,0.0,1.0,0.0,0.0,1.0,0.0,SHORT
0.10283014061351017,0.002480417754569191,0.11668480988729475,0.7000822014326535,0.2735136756837842,0.617647058823529,1.0,0.0,0.0,1.0,0.0,0.0,1.0,0.0,0.0,0.0,0.0,1.0,0.0,0.0,LONG
0.0008843951778790176,0.34738903394255877,0.0017632603041542543,0.010549183857204368,0.01295064753237662,0.941176470588232,1.0,0.0,0.0,0.0,0.0,1.0,1.0,0.0,0.0,0.0,0.0,0.0,1.0,0.0,MEDIUM
0.0012615748926064416,0.5639686684073107,0.0025389644675344993,0.015187693271225586,0.04295214760738037,0.852941176470587,1.0,0.0,0.0,0.0,0.0,1.0,1.0,0.0,0.0,0.0,0.0,0.0,1.0,0.0,LONG
0.0006151983653517852,0.34725848563968675,0.0012189636853118136,0.007065408854268603,0.01295064753237662,0.970588235294116,1.0,0.0,0.0,0.0,0.0,1.0,1.0,0.0,0.0,0.0,0.0,0.0,1.0,0.0,MEDIUM
0.0019307647090583205,0.5738250652741514,0.0038817800780918984,0.023251262379144322,0.007350367518375919,0.941176470588232,1.0,0.0,0.0,0.0,1.0,0.0,1.0,0.0,0.0,0.0,0.0,0.0,1.0,0.0,MEDIUM
0.00037033572796825627,0.34719321148825066,0.0006974818948040859,0.004012212784279955,0.01295064753237662,0.941176470588232,1.0,0.0,0.0,0.0,0.0,1.0,1.0,0.0,0.0,0.0,0.0,0.0,1.0,0.0,MEDIUM
0.0009353448570861497,0.4569190600522194,0.0018708159234464732,0.011155908717266216,0.014450722536126805,1.0,1.0,0.0,0.0,0.0,0.0,1.0,1.0,0.0,0.0,0.0,0.0,0.0,1.0,0.0,MEDIUM
0.0008843951778790176,0.34738903394255877,0.0017632603041542543,0.010549183857204368,0.01295064753237662,0.970588235294116,1.0,0.0,0.0,0.0,0.0,1.0,1.0,0.0,0.0,0.0,0.0,0.0,1.0,0.0,MEDIUM
0.0008843951778790176,0.34738903394255877,0.0017632603041542543,0.010549183857204368,0.01295064753237662,0.970588235294116,1.0,0.0,0.0,0.0,0.0,1.0,1.0,0.0,0.0,0.0,0.0,0.0,1.0,0.0,MEDIUM
0.0008843951778790176,0.34738903394255877,0.0017632603041542543,0.010549183857204368,0.01295064753237662,0.970588235294116,1.0,0.0,0.0,0.0,0.0,1.0,1.0,0.0,0.0,0.0,0.0,0.0,1.0,0.0,MEDIUM
0.0007490363286421602,0.34738903394255877,0.0014797045805656774,0.00886601166477473,0.01295064753237662,0.970588235294116,1.0,0.0,0.0,0.0,0.0,1.0,1.0,0.0,0.0,0.0,0.0,0.0,1.0,0.0,MEDIUM
0.0008843951778790176,0.34738903394255877,0.0017632603041542543,0.010549183857204368,0.01295064753237662,0.970588235294116,1.0,0.0,0.0,0.0,0.0,1.0,1.0,0.0,0.0,0.0,0.0,0.0,1.0,0.0,MEDIUM
0.0008843951778790176,0.34738903394255877,0.0017632603041542543,0.010549183857204368,0.01295064753237662,0.970588235294116,1.0,0.0,0.0,0.0,0.0,1.0,1.0,0.0,0.0,0.0,0.0,0.0,1.0,0.0,MEDIUM
0.0008843951778790176,0.34738903394255877,0.0017632603041542543,0.010549183857204368,0.01295064753237662,0.970588235294116,1.0,0.0,0.0,0.0,0.0,1.0,1.0,0.0,0.0,0.0,0.0,0.0,1.0,0.0,MEDIUM
0.0008958018224776302,0.34627937336814624,0.0017860751324889675,0.01068618624496027,0.01295064753237662,0.941176470588232,1.0,0.0,0.0,0.0,0.0,1.0,1.0,0.0,0.0,0.0,0.0,0.0,1.0,0.0,MEDIUM
0.0008958018224776302,0.34634464751958227,0.0017860751324889675,0.01068618624496027,0.01295064753237662,0.941176470588232,1.0,0.0,0.0,0.0,0.0,1.0,1.0,0.0,0.0,0.0,0.0,0.0,1.0,0.0,MEDIUM
0.0009345844141129085,0.4569190600522194,0.0018708159234464732,0.011155908717266216,0.01295064753237662,0.941176470588232,1.0,0.0,0.0,0.0,0.0,1.0,1.0,0.0,0.0,0.0,0.0,0.0,1.0,0.0,MEDIUM
0.0009353448570861497,0.4569190600522194,0.0018675566622558,0.01117548048694563,0.014450722536126805,1.0,1.0,0.0,0.0,0.0,0.0,1.0,1.0,0.0,0.0,0.0,0.0,0.0,1.0,0.0,MEDIUM
0.0002912496587512154,0.3458877284595301,0.0005540744024144607,0.00283790660351509,0.01295064753237662,0.911764705882355,1.0,0.0,0.0,0.0,0.0,1.0,1.0,0.0,0.0,0.0,0.0,0.0,1.0,0.0,MEDIUM
0.00028972877280473465,0.3460835509138382,0.0005312595740797477,0.002935765451912162,0.01295064753237662,0.911764705882355,1.0,0.0,0.0,0.0,0.0,1.0,1.0,0.0,0.0,0.0,0.0,0.0,1.0,0.0,MEDIUM
0.0008836347349057781,0.34738903394255877,0.001760001042963581,0.010549183857204368,0.01295064753237662,0.970588235294116,1.0,0.0,0.0,0.0,0.0,1.0,1.0,0.0,0.0,0.0,0.0,0.0,1.0,0.0,MEDIUM
0.0009208964405945756,0.637467362924282,0.001834964050349067,0.011018906329510315,0.01295064753237662,0.970588235294116,1.0,0.0,0.0,0.0,0.0,1.0,1.0,0.0,0.0,0.0,0.0,0.0,1.0,0.0,MEDIUM
0.0008843951778790176,0.34738903394255877,0.0017632603041542543,0.010549183857204368,0.01295064753237662,0.970588235294116,1.0,0.0,0.0,0.0,0.0,1.0,1.0,0.0,0.0,0.0,0.0,0.0,1.0,0.0,MEDIUM
0.0008958018224776302,0.34627937336814624,0.0017860751324889675,0.01068618624496027,0.01295064753237662,0.941176470588232,1.0,0.0,0.0,0.0,0.0,1.0,1.0,0.0,0.0,0.0,0.0,0.0,1.0,0.0,MEDIUM
0.10283394282837638,0.001174934725848564,0.1166913284096761,0.7000822014326535,0.22311115555777786,0.6764705882352899,1.0,1.0,0.0,0.0,0.0,0.0,1.0,0.0,0.0,0.0,0.0,1.0,0.0,0.0,LONG
0.0009148128968086491,0.2807441253263708,0.001825186266777047,0.010921047481113243,0.014450722536126805,1.0,1.0,0.0,0.0,0.0,0.0,1.0,1.0,0.0,0.0,0.0,0.0,0.0,1.0,0.0,MEDIUM
0.0012783046380177385,0.4701697127937337,0.0026595571315894116,0.014874544956354954,0.003450172508625431,0.5,0.5,0.0,0.0,1.0,0.0,0.0,0.0,1.0,0.0,0.0,0.0,0.0,1.0,0.0,SHORT
0.0008843951778790176,0.34738903394255877,0.0017632603041542543,0.010549183857204368,0.01295064753237662,0.970588235294116,1.0,0.0,0.0,0.0,0.0,1.0,1.0,0.0,0.0,0.0,0.0,0.0,1.0,0.0,MEDIUM
0.0008958018224776302,0.34627937336814624,0.0017860751324889675,0.01068618624496027,0.01295064753237662,0.941176470588232,1.0,0.0,0.0,0.0,0.0,1.0,1.0,0.0,0.0,0.0,0.0,0.0,1.0,0.0,MEDIUM
0.0009148128968086491,0.28067885117493474,0.001825186266777047,0.010921047481113243,0.014450722536126805,1.0,1.0,0.0,0.0,0.0,0.0,1.0,1.0,0.0,0.0,0.0,0.0,0.0,1.0,0.0,MEDIUM
0.0009148128968086491,0.28067885117493474,0.001825186266777047,0.010921047481113243,0.01295064753237662,0.970588235294116,1.0,0.0,0.0,0.0,0.0,1.0,1.0,0.0,0.0,0.0,0.0,0.0,1.0,0.0,MEDIUM
0.0003155838338949196,0.34614882506527417,0.0005834077531305204,0.0032880573061416216,0.01295064753237662,0.911764705882355,1.0,0.0,0.0,0.0,0.0,1.0,1.0,0.0,0.0,0.0,0.0,0.0,1.0,0.0,MEDIUM
0.00037337749986121865,0.635313315926893,0.000710518939566779,0.00399264101460054,0.00015000750037501875,0.941176470588232,0.5,0.0,0.0,0.0,0.0,1.0,0.0,1.0,0.0,0.0,0.0,0.0,1.0,0.0,SHORT
0.0009148128968086491,0.28067885117493474,0.001825186266777047,0.010921047481113243,0.014450722536126805,1.0,1.0,0.0,0.0,0.0,0.0,1.0,1.0,0.0,0.0,0.0,0.0,0.0,1.0,0.0,MEDIUM
0.0008843951778790176,0.34738903394255877,0.0017665195653449278,0.01051004031784554,0.01295064753237662,0.970588235294116,1.0,0.0,0.0,0.0,0.0,1.0,1.0,0.0,0.0,0.0,0.0,0.0,1.0,0.0,MEDIUM
0.0008843951778790176,0.34738903394255877,0.0017632603041542543,0.010549183857204368,0.01295064753237662,0.970588235294116,1.0,0.0,0.0,0.0,0.0,1.0,1.0,0.0,0.0,0.0,0.0,0.0,1.0,0.0,MEDIUM
0.0007748913897323469,0.6357049608355092,0.0015742231550952032,0.008944298743492387,0.00015000750037501875,0.852941176470587,0.0,0.0,0.0,0.0,0.0,1.0,0.0,1.0,0.0,0.0,0.0,0.0,1.0,0.0,SHORT
0.00029809364551038314,0.3462140992167102,0.0005410373576517675,0.0030923396093474774,0.01295064753237662,0.941176470588232,1.0,0.0,0.0,0.0,0.0,1.0,1.0,0.0,0.0,0.0,0.0,0.0,1.0,0.0,MEDIUM
0.0008843951778790176,0.34738903394255877,0.0017632603041542543,0.010549183857204368,0.01295064753237662,0.970588235294116,1.0,0.0,0.0,0.0,0.0,1.0,1.0,0.0,0.0,0.0,0.0,0.0,1.0,0.0,MEDIUM
0.0002798430141526037,0.6354438642297651,0.0005214817905077277,0.002740047755118018,0.00025001250062503126,0.970588235294116,0.0,0.0,0.0,0.0,0.0,1.0,0.0,1.0,0.0,0.0,0.0,0.0,1.0,0.0,SHORT
0.0008843951778790176,0.34738903394255877,0.0017632603041542543,0.010549183857204368,0.01295064753237662,0.970588235294116,1.0,0.0,0.0,0.0,0.0,1.0,1.0,0.0,0.0,0.0,0.0,0.0,1.0,0.0,MEDIUM
0.0008843951778790176,0.34738903394255877,0.0017632603041542543,0.010549183857204368,0.01295064753237662,0.970588235294116,1.0,0.0,0.0,0.0,0.0,1.0,1.0,0.0,0.0,0.0,0.0,0.0,1.0,0.0,MEDIUM
0.0008843951778790176,0.34738903394255877,0.0017632603041542543,0.010549183857204368,0.01295064753237662,0.970588235294116,1.0,0.0,0.0,0.0,0.0,1.0,1.0,0.0,0.0,0.0,0.0,0.0,1.0,0.0,MEDIUM
0.0008843951778790176,0.34738903394255877,0.0017632603041542543,0.010549183857204368,0.01295064753237662,0.970588235294116,1.0,0.0,0.0,0.0,0.0,1.0,1.0,0.0,0.0,0.0,0.0,0.0,1.0,0.0,MEDIUM
0.00041672274933594357,0.635313315926893,0.0008017782529056314,0.004540650565624144,0.00015000750037501875,0.911764705882355,0.0,0.0,0.0,0.0,0.0,1.0,0.0,1.0,0.0,0.0,0.0,0.0,1.0,0.0,SHORT
0.0008843951778790176,0.34732375979112273,0.0017632603041542543,0.010529612087524955,0.01295064753237662,0.970588235294116,1.0,0.0,0.0,0.0,0.0,1.0,1.0,0.0,0.0,0.0,0.0,0.0,1.0,0.0,MEDIUM
0.0009353448570861497,0.4569190600522194,0.0018708159234464732,0.011155908717266216,0.01295064753237662,0.941176470588232,1.0,0.0,0.0,0.0,0.0,1.0,1.0,0.0,0.0,0.0,0.0,0.0,1.0,0.0,MEDIUM
0.0008958018224776302,0.34627937336814624,0.0017860751324889675,0.01068618624496027,0.01295064753237662,0.941176470588232,1.0,0.0,0.0,0.0,0.0,1.0,1.0,0.0,0.0,0.0,0.0,0.0,1.0,0.0,MEDIUM
0.0019505362263625807,0.5738250652741514,0.003920891212379978,0.02350569538497671,0.007350367518375919,1.0,1.0,0.0,0.0,0.0,1.0,0.0,1.0,0.0,0.0,0.0,0.0,0.0,1.0,0.0,MEDIUM
0.0008843951778790176,0.34738903394255877,0.0017632603041542543,0.010549183857204368,0.01295064753237662,0.970588235294116,1.0,0.0,0.0,0.0,0.0,1.0,1.0,0.0,0.0,0.0,0.0,0.0,1.0,0.0,MEDIUM
0.0524279803471118,0.3537206266318538,0.0702338193978189,0.4209496222648452,0.039951997599879996,0.852941176470587,1.0,0.0,1.0,0.0,0.0,0.0,0.0,0.0,1.0,0.0,0.0,0.0,0.0,1.0,LONG
0.10283546371432285,0.004699738903394256,0.11668480988729475,0.7001409167416918,0.27321366068303415,0.588235294117645,1.0,0.0,0.0,1.0,0.0,0.0,1.0,0.0,0.0,0.0,0.0,1.0,0.0,0.0,LONG
0.0008843951778790176,0.34738903394255877,0.0017632603041542543,0.010549183857204368,0.01295064753237662,0.970588235294116,1.0,0.0,0.0,0.0,0.0,1.0,1.0,0.0,0.0,0.0,0.0,0.0,1.0,0.0,MEDIUM
0.0009148128968086491,0.28067885117493474,0.001825186266777047,0.010921047481113243,0.01295064753237662,0.970588235294116,1.0,0.0,0.0,0.0,0.0,1.0,1.0,0.0,0.0,0.0,0.0,0.0,1.0,0.0,MEDIUM
0.00029353098767093827,0.6354438642297651,0.0005377780964610943,0.0029944807609504054,0.00015000750037501875,0.911764705882355,0.0,0.0,0.0,0.0,0.0,1.0,0.0,1.0,0.0,0.0,0.0,0.0,1.0,0.0,SHORT
0.0008958018224776302,0.34627937336814624,0.0017860751324889675,0.01068618624496027,0.01295064753237662,0.941176470588232,1.0,0.0,0.0,0.0,0.0,1.0,1.0,0.0,0.0,0.0,0.0,0.0,1.0,0.0,MEDIUM
0.0008958018224776302,0.34627937336814624,0.0017860751324889675,0.01068618624496027,0.01295064753237662,0.911764705882355,1.0,0.0,0.0,0.0,0.0,1.0,1.0,0.0,0.0,0.0,0.0,0.0,1.0,0.0,MEDIUM
0.0009353448570861497,0.4569190600522194,0.0018708159234464732,0.011155908717266216,0.01295064753237662,0.941176470588232,1.0,0.0,0.0,0.0,0.0,1.0,1.0,0.0,0.0,0.0,0.0,0.0,1.0,0.0,MEDIUM
0.0008843951778790176,0.34738903394255877,0.0017632603041542543,0.010549183857204368,0.01295064753237662,0.941176470588232,1.0,0.0,0.0,0.0,0.0,1.0,1.0,0.0,0.0,0.0,0.0,0.0,1.0,0.0,MEDIUM
0.0008958018224776302,0.34627937336814624,0.0017893343936796408,0.01068618624496027,0.01295064753237662,0.941176470588232,1.0,0.0,0.0,0.0,0.0,1.0,1.0,0.0,0.0,0.0,0.0,0.0,1.0,0.0,MEDIUM
0.0019573802131217476,0.5738250652741514,0.003937187518333344,0.023564410694014954,0.007350367518375919,1.0,1.0,0.0,0.0,0.0,1.0,0.0,1.0,0.0,0.0,0.0,0.0,0.0,1.0,0.0,MEDIUM
0.0019573802131217476,0.5738250652741514,0.0039339282571426715,0.023583982463694367,0.007350367518375919,0.941176470588232,1.0,0.0,0.0,0.0,1.0,0.0,1.0,0.0,0.0,0.0,0.0,0.0,1.0,0.0,MEDIUM
0.0009148128968086491,0.28067885117493474,0.001825186266777047,0.010921047481113243,0.01295064753237662,0.970588235294116,1.0,0.0,0.0,0.0,0.0,1.0,1.0,0.0,0.0,0.0,0.0,0.0,1.0,0.0,MEDIUM
0.001963463756907674,0.5737597911227155,0.003946965301905365,0.02364269777273261,0.007350367518375919,0.941176470588232,0.5,0.0,0.0,0.0,1.0,0.0,1.0,0.0,0.0,0.0,0.0,0.0,1.0,0.0,MEDIUM
0.0019832352742119343,0.5736292428198434,0.003986076436193444,0.023877559008885586,0.007350367518375919,0.911764705882355,1.0,0.0,0.0,0.0,1.0,0.0,1.0,0.0,0.0,0.0,0.0,0.0,1.0,0.0,MEDIUM
0.0009148128968086491,0.28067885117493474,0.001825186266777047,0.010921047481113243,0.014450722536126805,1.0,1.0,0.0,0.0,0.0,0.0,1.0,1.0,0.0,0.0,0.0,0.0,0.0,1.0,0.0,MEDIUM
0.10283470327134961,6.527415143603134e-05,0.1166685135813414,0.7002387755900888,0.26351317565878296,0.794117647058826,1.0,0.0,0.0,1.0,0.0,0.0,1.0,0.0,0.0,0.0,0.0,1.0,0.0,0.0,LONG
0.0008958018224776302,0.34627937336814624,0.0017860751324889675,0.01068618624496027,0.01295064753237662,0.941176470588232,1.0,0.0,0.0,0.0,0.0,1.0,1.0,0.0,0.0,0.0,0.0,0.0,1.0,0.0,MEDIUM
0.10283242194242989,0.0004569190600522194,0.11668806914848542,0.700101773202333,0.01295064753237662,0.588235294117645,1.0,0.0,0.0,1.0,0.0,0.0,1.0,0.0,0.0,0.0,0.0,1.0,0.0,0.0,LONG
0.0008958018224776302,0.34627937336814624,0.0017860751324889675,0.01068618624496027,0.01295064753237662,0.941176470588232,1.0,0.0,0.0,0.0,0.0,1.0,1.0,0.0,0.0,0.0,0.0,0.0,1.0,0.0,MEDIUM
0.0024372197292366754,0.5383812010443865,0.004905188091963314,0.02904450620425099,0.013950697534876743,0.764705882352942,1.0,1.0,0.0,0.0,0.0,0.0,1.0,0.0,0.0,0.0,0.0,0.0,1.0,0.0,MEDIUM
0.0008843951778790176,0.34738903394255877,0.0017632603041542543,0.010549183857204368,0.01295064753237662,0.970588235294116,1.0,0.0,0.0,0.0,0.0,1.0,1.0,0.0,0.0,0.0,0.0,0.0,1.0,0.0,MEDIUM
0.0009353448570861497,0.4569190600522194,0.0018708159234464732,0.011155908717266216,0.01295064753237662,0.941176470588232,1.0,0.0,0.0,0.0,0.0,1.0,1.0,0.0,0.0,0.0,0.0,0.0,1.0,0.0,MEDIUM
0.0008843951778790176,0.34738903394255877,0.0017632603041542543,0.010549183857204368,0.01295064753237662,0.970588235294116,1.0,0.0,0.0,0.0,0.0,1.0,1.0,0.0,0.0,0.0,0.0,0.0,1.0,0.0,MEDIUM
0.10282557795567074,0.023825065274151437,0.11665873579776936,0.7001996320507301,0.17265863293164657,0.735294117647058,1.0,0.0,0.0,0.0,0.0,1.0,1.0,0.0,0.0,0.0,0.0,1.0,0.0,0.0,LONG
0.0008843951778790176,0.34738903394255877,0.0017632603041542543,0.010549183857204368,0.01295064753237662,0.970588235294116,1.0,0.0,0.0,0.0,0.0,1.0,1.0,0.0,0.0,0.0,0.0,0.0,1.0,0.0,MEDIUM
0.001970307743666841,0.5736945169712794,0.003960002346668058,0.02372098485145027,0.007350367518375919,1.0,1.0,0.0,0.0,0.0,1.0,0.0,1.0,0.0,0.0,0.0,0.0,0.0,1.0,0.0,MEDIUM
0.00028592655793853016,0.34614882506527417,0.0005084447457450346,0.0029749089912709907,0.01295064753237662,0.941176470588232,1.0,0.0,0.0,0.0,0.0,1.0,1.0,0.0,0.0,0.0,0.0,0.0,1.0,0.0,MEDIUM
0.0007901002491971622,0.6354438642297651,0.0015872601998578964,0.009257447058363018,0.002050102505125256,1.0,0.5,0.0,0.0,1.0,0.0,0.0,0.0,1.0,0.0,0.0,0.0,0.0,1.0,0.0,SHORT
0.0019573802131217476,0.5738250652741514,0.0039339282571426715,0.023564410694014954,0.007350367518375919,0.941176470588232,1.0,0.0,0.0,0.0,1.0,0.0,1.0,0.0,0.0,0.0,0.0,0.0,1.0,0.0,MEDIUM
0.001137622687968195,0.3067885117493473,0.0022880013558526555,0.01366109523623126,0.008550427521376068,0.764705882352942,0.5,0.0,0.0,1.0,0.0,0.0,1.0,0.0,0.0,0.0,0.0,0.0,1.0,0.0,MEDIUM
0.0008958018224776302,0.34627937336814624,0.0017860751324889675,0.01068618624496027,0.01295064753237662,0.941176470588232,1.0,0.0,0.0,0.0,0.0,1.0,1.0,0.0,0.0,0.0,0.0,0.0,1.0,0.0,MEDIUM
0.0008843951778790176,0.34738903394255877,0.0017632603041542543,0.010549183857204368,0.01295064753237662,0.970588235294116,1.0,0.0,0.0,0.0,0.0,1.0,1.0,0.0,0.0,0.0,0.0,0.0,1.0,0.0,MEDIUM
0.0008958018224776302,0.34634464751958227,0.0017860751324889675,0.01068618624496027,0.01295064753237662,0.970588235294116,1.0,0.0,0.0,0.0,0.0,1.0,1.0,0.0,0.0,0.0,0.0,0.0,1.0,0.0,MEDIUM
0.0003231882636273286,0.3460182767624021,0.0005931855367025402,0.003425059693897522,0.01295064753237662,0.911764705882355,1.0,0.0,0.0,0.0,0.0,1.0,1.0,0.0,0.0,0.0,0.0,0.0,1.0,0.0,MEDIUM
0.0009148128968086491,0.28067885117493474,0.001825186266777047,0.010921047481113243,0.014450722536126805,1.0,1.0,0.0,0.0,0.0,0.0,1.0,1.0,0.0,0.0,0.0,0.0,0.0,1.0,0.0,MEDIUM
0.05242645946116531,0.36736292428198436,0.07025663422615362,0.4207930481074099,0.039951997599879996,0.852941176470587,1.0,0.0,1.0,0.0,0.0,0.0,0.0,0.0,1.0,0.0,0.0,0.0,0.0,1.0,LONG
0.0008843951778790176,0.34738903394255877,0.0017632603041542543,0.010549183857204368,0.01295064753237662,0.970588235294116,1.0,0.0,0.0,0.0,0.0,1.0,1.0,0.0,0.0,0.0,0.0,0.0,1.0,0.0,MEDIUM
0.0009148128968086491,0.28067885117493474,0.001825186266777047,0.010921047481113243,0.014450722536126805,1.0,1.0,0.0,0.0,0.0,0.0,1.0,1.0,0.0,0.0,0.0,0.0,0.0,1.0,0.0,MEDIUM
0.04822653291995653,0.35548302872062665,0.06748952147527199,0.3847418483579285,0.11080554027701385,0.5588235294117609,1.0,0.0,0.0,0.0,0.0,1.0,0.0,0.0,1.0,0.0,0.0,0.0,0.0,1.0,LONG
0.0019239207222991536,0.5739556135770236,0.0038687430333292053,0.02319254707010608,0.007350367518375919,1.0,1.0,0.0,0.0,0.0,1.0,0.0,1.0,0.0,0.0,0.0,0.0,0.0,1.0,0.0,MEDIUM
0.0009353448570861497,0.4569190600522194,0.0018708159234464732,0.011155908717266216,0.014450722536126805,1.0,1.0,0.0,0.0,0.0,0.0,1.0,1.0,0.0,0.0,0.0,0.0,0.0,1.0,0.0,MEDIUM
0.0002851661149652898,0.3958877284595301,0.0005084447457450346,0.0029553372215915764,0.00020001000050002502,0.941176470588232,0.5,0.0,0.0,1.0,0.0,0.0,0.0,1.0,0.0,0.0,0.0,0.0,1.0,0.0,MEDIUM
0.0008843951778790176,0.34738903394255877,0.0017632603041542543,0.010549183857204368,0.01295064753237662,0.970588235294116,1.0,0.0,0.0,0.0,0.0,1.0,1.0,0.0,0.0,0.0,0.0,0.0,1.0,0.0,MEDIUM
0.0008958018224776302,0.34627937336814624,0.0017893343936796408,0.01068618624496027,0.01295064753237662,0.941176470588232,1.0,0.0,0.0,0.0,0.0,1.0,1.0,0.0,0.0,0.0,0.0,0.0,1.0,0.0,MEDIUM
0.0006783151321307686,0.4569190600522194,0.0013362970881760524,0.007946138489842252,0.01295064753237662,0.941176470588232,1.0,0.0,0.0,0.0,0.0,1.0,1.0,0.0,0.0,0.0,0.0,0.0,1.0,0.0,MEDIUM
0.00027451991333991843,0.34719321148825066,0.00047911139502897486,0.0028574783731945045,0.01295064753237662,0.941176470588232,1.0,0.0,0.0,0.0,0.0,1.0,1.0,0.0,0.0,0.0,0.0,0.0,1.0,0.0,MEDIUM
0.0011421853458076399,0.6409921671018277,0.002294519878234002,0.013739382314948919,0.09495474773738687,0.6764705882352899,1.0,0.0,0.0,1.0,0.0,0.0,0.0,1.0,0.0,0.0,0.0,0.0,1.0,0.0,MEDIUM
0.0019436922396034138,0.5737597911227155,0.003907854167617284,0.02340783653657964,0.007335366768338417,0.882352941176471,1.0,0.0,0.0,0.0,1.0,0.0,1.0,0.0,0.0,0.0,0.0,0.0,1.0,0.0,MEDIUM
0.0008958018224776302,0.34634464751958227,0.0017860751324889675,0.01068618624496027,0.01295064753237662,0.941176470588232,1.0,0.0,0.0,0.0,0.0,1.0,1.0,0.0,0.0,0.0,0.0,0.0,1.0,0.0,MEDIUM
0.10283318238540314,0.000391644908616188,0.11666525432015071,0.7002387755900888,0.2249612480624031,0.970588235294116,1.0,0.0,0.0,1.0,0.0,0.0,1.0,0.0,0.0,0.0,0.0,1.0,0.0,0.0,LONG
0.0009148128968086491,0.28067885117493474,0.001825186266777047,0.010921047481113243,0.014450722536126805,1.0,1.0,0.0,0.0,0.0,0.0,1.0,1.0,0.0,0.0,0.0,0.0,0.0,1.0,0.0,MEDIUM
0.10283242194242989,0.0003263707571801567,0.11665547653657869,0.7002974908991272,0.26246312315615783,0.970588235294116,1.0,0.0,1.0,0.0,0.0,0.0,1.0,0.0,0.0,0.0,0.0,1.0,0.0,0.0,LONG
0.001970307743666841,0.5736945169712794,0.003960002346668058,0.02372098485145027,0.007350367518375919,0.911764705882355,1.0,0.0,0.0,0.0,1.0,0.0,1.0,0.0,0.0,0.0,0.0,0.0,1.0,0.0,MEDIUM
0.0008843951778790176,0.34738903394255877,0.0017632603041542543,0.010549183857204368,0.01295064753237662,0.970588235294116,1.0,0.0,0.0,0.0,0.0,1.0,1.0,0.0,0.0,0.0,0.0,0.0,1.0,0.0,MEDIUM
0.0009353448570861497,0.4569190600522194,0.0018708159234464732,0.01117548048694563,0.014450722536126805,1.0,1.0,0.0,0.0,0.0,0.0,1.0,1.0,0.0,0.0,0.0,0.0,0.0,1.0,0.0,MEDIUM
0.0009353448570861497,0.4569190600522194,0.0018708159234464732,0.011155908717266216,0.014450722536126805,1.0,1.0,0.0,0.0,0.0,0.0,1.0,1.0,0.0,0.0,0.0,0.0,0.0,1.0,0.0,MEDIUM
0.0011345809160752326,0.6409921671018277,0.0022782235722806354,0.013641523466551847,0.04845242262113106,0.6764705882352899,1.0,0.0,0.0,1.0,0.0,0.0,0.0,1.0,0.0,0.0,0.0,0.0,1.0,0.0,MEDIUM
0.10283546371432285,0.0002610966057441254,0.1166685135813414,0.7002387755900888,0.12245612280614031,0.617647058823529,1.0,0.0,0.0,1.0,0.0,0.0,1.0,0.0,0.0,0.0,0.0,1.0,0.0,0.0,LONG
0.0008958018224776302,0.34634464751958227,0.0017860751324889675,0.01068618624496027,0.01295064753237662,0.941176470588232,1.0,0.0,0.0,0.0,0.0,1.0,1.0,0.0,0.0,0.0,0.0,0.0,1.0,0.0,MEDIUM
0.0008843951778790176,0.34732375979112273,0.0017632603041542543,0.010529612087524955,0.01295064753237662,0.970588235294116,1.0,0.0,0.0,0.0,0.0,1.0,1.0,0.0,0.0,0.0,0.0,0.0,1.0,0.0,MEDIUM
0.0009353448570861497,0.4569190600522194,0.0018708159234464732,0.011155908717266216,0.014450722536126805,1.0,1.0,0.0,0.0,0.0,0.0,1.0,1.0,0.0,0.0,0.0,0.0,0.0,1.0,0.0,MEDIUM
0.002301860879999817,0.33942558746736295,0.0046085953236120435,0.027654910557012566,0.03495174758737937,0.617647058823529,1.0,0.0,0.0,1.0,0.0,0.0,1.0,0.0,0.0,0.0,0.0,0.0,1.0,0.0,LONG
0.0008843951778790176,0.34738903394255877,0.0017632603041542543,0.010549183857204368,0.01295064753237662,0.970588235294116,1.0,0.0,0.0,0.0,0.0,1.0,1.0,0.0,0.0,0.0,0.0,0.0,1.0,0.0,MEDIUM
0.0008958018224776302,0.34627937336814624,0.0017860751324889675,0.01068618624496027,0.01295064753237662,0.941176470588232,1.0,0.0,0.0,0.0,0.0,1.0,1.0,0.0,0.0,0.0,0.0,0.0,1.0,0.0,MEDIUM
0.0019832352742119343,0.5736292428198434,0.003986076436193444,0.023877559008885586,0.007350367518375919,0.911764705882355,1.0,0.0,0.0,0.0,1.0,0.0,1.0,0.0,0.0,0.0,0.0,0.0,1.0,0.0,MEDIUM
0.10427270093374792,0.016449086161879897,0.1179363661845133,0.707088894977884,0.1249562478123906,0.617647058823529,1.0,1.0,0.0,0.0,0.0,0.0,1.0,0.0,0.0,0.0,0.0,1.0,0.0,0.0,MEDIUM
0.0019376086958174873,0.5737597911227155,0.0038948171228545916,0.023329549457861982,0.007350367518375919,0.941176470588232,1.0,0.0,0.0,0.0,1.0,0.0,1.0,0.0,0.0,0.0,0.0,0.0,1.0,0.0,MEDIUM
0.00034828288174427405,0.635509138381201,0.0006583707605160063,0.00367949269972991,0.00025001250062503126,0.970588235294116,0.0,0.0,0.0,0.0,0.0,1.0,0.0,1.0,0.0,0.0,0.0,0.0,1.0,0.0,SHORT
0.001970307743666841,0.5736945169712794,0.003960002346668058,0.02372098485145027,0.007350367518375919,0.911764705882355,1.0,0.0,0.0,0.0,1.0,0.0,1.0,0.0,0.0,0.0,0.0,0.0,1.0,0.0,MEDIUM
0.0019505362263625807,0.5738250652741514,0.003920891212379978,0.023486123615297297,0.007350367518375919,0.941176470588232,1.0,0.0,0.0,0.0,1.0,0.0,1.0,0.0,0.0,0.0,0.0,0.0,1.0,0.0,MEDIUM
0.0008843951778790176,0.34738903394255877,0.0017632603041542543,0.010549183857204368,0.01295064753237662,0.941176470588232,1.0,0.0,0.0,0.0,0.0,1.0,1.0,0.0,0.0,0.0,0.0,0.0,1.0,0.0,MEDIUM
0.0019109931917540603,0.5739556135770236,0.0038426689438038186,0.023035972912670764,0.007350367518375919,1.0,1.0,0.0,0.0,0.0,1.0,0.0,1.0,0.0,0.0,0.0,0.0,0.0,1.0,0.0,MEDIUM
0.0011414249028343986,0.6409268929503917,0.0022912606170433286,0.013739382314948919,0.1354567728386419,0.941176470588232,1.0,0.0,0.0,0.0,0.0,1.0,0.0,1.0,0.0,0.0,0.0,0.0,1.0,0.0,MEDIUM
0.0008843951778790176,0.34738903394255877,0.0017632603041542543,0.010549183857204368,0.01295064753237662,0.970588235294116,1.0,0.0,0.0,0.0,0.0,1.0,1.0,0.0,0.0,0.0,0.0,0.0,1.0,0.0,MEDIUM
0.0008958018224776302,0.34627937336814624,0.0017860751324889675,0.01068618624496027,0.01295064753237662,0.941176470588232,1.0,0.0,0.0,0.0,0.0,1.0,1.0,0.0,0.0,0.0,0.0,0.0,1.0,0.0,MEDIUM
0.1044438006027271,0.011422976501305485,0.11811888481119101,0.7076956198379458,0.25961298064903243,0.5,1.0,0.0,0.0,0.0,0.0,1.0,1.0,0.0,0.0,0.0,0.0,1.0,0.0,0.0,LONG
0.0008958018224776302,0.34634464751958227,0.0017860751324889675,0.01068618624496027,0.01295064753237662,0.941176470588232,1.0,0.0,0.0,0.0,0.0,1.0,1.0,0.0,0.0,0.0,0.0,0.0,1.0,0.0,MEDIUM
0.0008843951778790176,0.34738903394255877,0.0017632603041542543,0.010529612087524955,0.01295064753237662,0.970588235294116,1.0,0.0,0.0,0.0,0.0,1.0,1.0,0.0,0.0,0.0,0.0,0.0,1.0,0.0,MEDIUM
0.10283546371432285,0.0002610966057441254,0.11665547653657869,0.7003170626688066,0.19995999799989997,0.588235294117645,1.0,0.0,0.0,1.0,0.0,0.0,1.0,0.0,0.0,0.0,0.0,1.0,0.0,0.0,LONG
0.10283318238540314,0.03191906005221932,0.11665221727538802,0.7003170626688066,0.11995599779989,0.705882352941174,1.0,1.0,0.0,0.0,0.0,0.0,1.0,0.0,0.0,0.0,0.0,1.0,0.0,0.0,MEDIUM
0.0008843951778790176,0.34738903394255877,0.0017632603041542543,0.010549183857204368,0.01295064753237662,0.970588235294116,1.0,0.0,0.0,0.0,0.0,1.0,1.0,0.0,0.0,0.0,0.0,0.0,1.0,0.0,MEDIUM
0.0008958018224776302,0.34627937336814624,0.0017860751324889675,0.01068618624496027,0.01295064753237662,0.941176470588232,1.0,0.0,0.0,0.0,0.0,1.0,1.0,0.0,0.0,0.0,0.0,0.0,1.0,0.0,MEDIUM
0.0012965552693755163,0.4565926892950392,0.002653038609208065,0.015363839198340315,0.010700535026751338,0.235294117647058,1.0,0.0,0.0,0.0,0.0,1.0,0.0,1.0,0.0,0.0,0.0,0.0,1.0,0.0,SHORT
0.001050932189018747,0.6378590078328982,0.0021054827291749506,0.012623791443222296,0.02040102005100255,0.6764705882352899,1.0,0.0,0.0,1.0,0.0,0.0,0.0,1.0,0.0,0.0,0.0,0.0,1.0,0.0,MEDIUM
0.0008843951778790176,0.34738903394255877,0.0017632603041542543,0.010549183857204368,0.01295064753237662,0.970588235294116,1.0,0.0,0.0,0.0,0.0,1.0,1.0,0.0,0.0,0.0,0.0,0.0,1.0,0.0,MEDIUM
0.0002889683298314934,0.6341383812010445,0.0005280003128890743,0.0029553372215915764,0.0004500225011250563,0.823529411764703,0.0,0.0,0.0,1.0,0.0,0.0,0.0,0.0,0.0,1.0,0.0,0.0,1.0,0.0,SHORT
0.00025550883900889946,0.6337467362924283,0.00045629656669426174,0.0025247582886444592,0.29496474823741187,0.735294117647058,1.0,1.0,0.0,0.0,0.0,0.0,0.0,1.0,0.0,0.0,0.0,0.0,1.0,0.0,SHORT
0.0008958018224776302,0.34627937336814624,0.0017860751324889675,0.01068618624496027,0.01295064753237662,0.911764705882355,1.0,0.0,0.0,0.0,0.0,1.0,1.0,0.0,0.0,0.0,0.0,0.0,1.0,0.0,MEDIUM
0.0008843951778790176,0.34738903394255877,0.0017632603041542543,0.010549183857204368,0.01295064753237662,0.970588235294116,1.0,0.0,0.0,0.0,0.0,1.0,1.0,0.0,0.0,0.0,0.0,0.0,1.0,0.0,MEDIUM
0.0009148128968086491,0.2807441253263708,0.0018284455279677203,0.010921047481113243,0.014450722536126805,1.0,1.0,0.0,0.0,0.0,0.0,1.0,1.0,0.0,0.0,0.0,0.0,0.0,1.0,0.0,MEDIUM
0.0006646271586124349,0.3462140992167102,0.0013102229986506658,0.0077699925627275224,0.01295064753237662,0.911764705882355,1.0,0.0,0.0,0.0,0.0,1.0,1.0,0.0,0.0,0.0,0.0,0.0,1.0,0.0,MEDIUM
0.0003513246536372373,0.34699738903394256,0.0006616300217066796,0.0037186362390887384,0.01295064753237662,0.970588235294116,1.0,0.0,0.0,0.0,0.0,1.0,1.0,0.0,0.0,0.0,0.0,0.0,1.0,0.0,MEDIUM
0.00026995725550047443,0.635313315926893,0.0004986669621730147,0.0026226171370415316,0.02795139756987849,0.852941176470587,1.0,0.0,1.0,0.0,0.0,0.0,0.0,1.0,0.0,0.0,0.0,0.0,1.0,0.0,LONG
0.0011368622449949546,0.3068537859007833,0.002281482833471309,0.013680667005910675,0.008550427521376068,0.735294117647058,0.5,0.0,0.0,1.0,0.0,0.0,1.0,0.0,0.0,0.0,0.0,0.0,1.0,0.0,MEDIUM
0.0008843951778790176,0.34738903394255877,0.0017632603041542543,0.010549183857204368,0.01295064753237662,0.970588235294116,1.0,0.0,0.0,0.0,0.0,1.0,1.0,0.0,0.0,0.0,0.0,0.0,1.0,0.0,MEDIUM
0.0019763912874527674,0.5736292428198434,0.003973039391430751,0.023799271930167926,0.007350367518375919,0.911764705882355,1.0,0.0,0.0,0.0,1.0,0.0,1.0,0.0,0.0,0.0,0.0,0.0,1.0,0.0,MEDIUM
0.0002669154836075103,0.6347258485639686,0.000492148439791668,0.0025834735976827026,0.00015000750037501875,0.823529411764703,0.0,0.0,0.0,0.0,0.0,1.0,0.0,1.0,0.0,0.0,0.0,0.0,1.0,0.0,SHORT
0.0008843951778790176,0.34738903394255877,0.0017632603041542543,0.010549183857204368,0.01295064753237662,0.970588235294116,1.0,0.0,0.0,0.0,0.0,1.0,1.0,0.0,0.0,0.0,0.0,0.0,1.0,0.0,MEDIUM
0.10283014061351017,0.023302872062663186,0.11667829136491341,0.7001213449720124,0.18620931046552325,0.470588235294116,1.0,0.0,0.0,1.0,0.0,0.0,1.0,0.0,0.0,0.0,0.0,1.0,0.0,0.0,LONG
0.0008843951778790176,0.34738903394255877,0.0017632603041542543,0.010549183857204368,0.01295064753237662,0.970588235294116,1.0,0.0,0.0,0.0,0.0,1.0,1.0,0.0,0.0,0.0,0.0,0.0,1.0,0.0,MEDIUM
0.0008843951778790176,0.34738903394255877,0.0017632603041542543,0.010549183857204368,0.01295064753237662,0.970588235294116,1.0,0.0,0.0,0.0,0.0,1.0,1.0,0.0,0.0,0.0,0.0,0.0,1.0,0.0,MEDIUM
0.00028668700091177054,0.34614882506527417,0.0005084447457450346,0.0029944807609504054,0.01295064753237662,0.941176470588232,1.0,0.0,0.0,0.0,0.0,1.0,1.0,0.0,0.0,0.0,0.0,0.0,1.0,0.0,MEDIUM
0.0008843951778790176,0.34732375979112273,0.0017665195653449278,0.010529612087524955,0.01295064753237662,0.941176470588232,1.0,0.0,0.0,0.0,0.0,1.0,1.0,0.0,0.0,0.0,0.0,0.0,1.0,0.0,MEDIUM
0.0008843951778790176,0.34738903394255877,0.0017632603041542543,0.010549183857204368,0.01295064753237662,0.970588235294116,1.0,0.0,0.0,0.0,0.0,1.0,1.0,0.0,0.0,0.0,0.0,0.0,1.0,0.0,MEDIUM
0.0008843951778790176,0.34738903394255877,0.0017632603041542543,0.010549183857204368,0.01295064753237662,0.970588235294116,1.0,0.0,0.0,0.0,0.0,1.0,1.0,0.0,0.0,0.0,0.0,0.0,1.0,0.0,MEDIUM
0.0009148128968086491,0.28067885117493474,0.001825186266777047,0.010921047481113243,0.014450722536126805,1.0,1.0,0.0,0.0,0.0,0.0,1.0,1.0,0.0,0.0,0.0,0.0,0.0,1.0,0.0,MEDIUM
0.0008958018224776302,0.34634464751958227,0.0017860751324889675,0.01068618624496027,0.01295064753237662,0.941176470588232,1.0,0.0,0.0,0.0,0.0,1.0,1.0,0.0,0.0,0.0,0.0,0.0,1.0,0.0,MEDIUM
0.0006874404478096575,0.6348563968668408,0.0013591119165107654,0.008043997338239324,0.0017500875043752187,0.911764705882355,0.5,0.0,0.0,1.0,0.0,0.0,0.0,0.0,0.0,1.0,0.0,0.0,1.0,0.0,SHORT
0.0002669154836075103,0.6387728459530027,0.00047911139502897486,0.0026813324460797745,0.033951697584879245,0.529411764705884,1.0,0.0,0.0,1.0,0.0,0.0,0.0,1.0,0.0,0.0,0.0,0.0,1.0,0.0,MEDIUM
0.00029201010172445665,0.6345953002610967,0.000534518835270421,0.0029749089912709907,0.00015000750037501875,0.823529411764703,0.0,0.0,0.0,0.0,0.0,1.0,0.0,1.0,0.0,0.0,0.0,0.0,1.0,0.0,SHORT
0.0008843951778790176,0.34738903394255877,0.001760001042963581,0.010549183857204368,0.01295064753237662,0.970588235294116,1.0,0.0,0.0,0.0,0.0,1.0,1.0,0.0,0.0,0.0,0.0,0.0,1.0,0.0,MEDIUM
0.0019307647090583205,0.5738250652741514,0.0038817800780918984,0.023251262379144322,0.007350367518375919,0.941176470588232,1.0,0.0,0.0,0.0,1.0,0.0,1.0,0.0,0.0,0.0,0.0,0.0,1.0,0.0,MEDIUM
0.0008958018224776302,0.34627937336814624,0.0017860751324889675,0.01068618624496027,0.01295064753237662,0.941176470588232,1.0,0.0,0.0,0.0,0.0,1.0,1.0,0.0,0.0,0.0,0.0,0.0,1.0,0.0,MEDIUM
0.0008843951778790176,0.34738903394255877,0.0017632603041542543,0.010549183857204368,0.01295064753237662,0.970588235294116,1.0,0.0,0.0,0.0,0.0,1.0,1.0,0.0,0.0,0.0,0.0,0.0,1.0,0.0,MEDIUM
0.0008843951778790176,0.34738903394255877,0.001760001042963581,0.010549183857204368,0.01295064753237662,0.970588235294116,1.0,0.0,0.0,0.0,0.0,1.0,1.0,0.0,0.0,0.0,0.0,0.0,1.0,0.0,MEDIUM
0.0008494148011099429,0.34627937336814624,0.0016915565579594418,0.010118604924257252,0.01295064753237662,0.941176470588232,1.0,0.0,0.0,0.0,0.0,1.0,1.0,0.0,0.0,0.0,0.0,0.0,1.0,0.0,MEDIUM
0.0019474944544696175,0.5738250652741514,0.003914372689998631,0.023466551845617883,0.007350367518375919,0.941176470588232,1.0,0.0,0.0,0.0,1.0,0.0,1.0,0.0,0.0,0.0,0.0,0.0,1.0,0.0,MEDIUM
0.0019178371785132271,0.5739556135770236,0.003855705988566512,0.023094688221709007,0.007350367518375919,0.941176470588232,1.0,0.0,0.0,0.0,1.0,0.0,1.0,0.0,0.0,0.0,0.0,0.0,1.0,0.0,MEDIUM
0.0008843951778790176,0.34738903394255877,0.0017632603041542543,0.010549183857204368,0.01295064753237662,0.970588235294116,1.0,0.0,0.0,0.0,0.0,1.0,1.0,0.0,0.0,0.0,0.0,0.0,1.0,0.0,MEDIUM
0.0008958018224776302,0.34627937336814624,0.0017860751324889675,0.01068618624496027,0.01295064753237662,0.911764705882355,1.0,0.0,0.0,0.0,0.0,1.0,1.0,0.0,0.0,0.0,0.0,0.0,1.0,0.0,MEDIUM
0.0008843951778790176,0.34738903394255877,0.0017632603041542543,0.010549183857204368,0.01295064753237662,0.970588235294116,1.0,0.0,0.0,0.0,0.0,1.0,1.0,0.0,0.0,0.0,0.0,0.0,1.0,0.0,MEDIUM
0.0008958018224776302,0.34627937336814624,0.0017860751324889675,0.01068618624496027,0.01295064753237662,0.941176470588232,1.0,0.0,0.0,0.0,0.0,1.0,1.0,0.0,0.0,0.0,0.0,0.0,1.0,0.0,MEDIUM
0.0009353448570861497,0.4569190600522194,0.0018708159234464732,0.011155908717266216,0.014450722536126805,1.0,1.0,0.0,0.0,0.0,0.0,1.0,1.0,0.0,0.0,0.0,0.0,0.0,1.0,0.0,MEDIUM
0.0009208964405945756,0.637467362924282,0.001844741833921087,0.010960191020472071,0.01295064753237662,0.970588235294116,1.0,0.0,0.0,0.0,0.0,1.0,1.0,0.0,0.0,0.0,0.0,0.0,1.0,0.0,MEDIUM
0.0008843951778790176,0.34738903394255877,0.0017632603041542543,0.010549183857204368,0.01295064753237662,0.970588235294116,1.0,0.0,0.0,0.0,0.0,1.0,1.0,0.0,0.0,0.0,0.0,0.0,1.0,0.0,MEDIUM
0.0008843951778790176,0.34738903394255877,0.0017632603041542543,0.010549183857204368,0.01295064753237662,0.970588235294116,1.0,0.0,0.0,0.0,0.0,1.0,1.0,0.0,0.0,0.0,0.0,0.0,1.0,0.0,MEDIUM
0.0008843951778790176,0.34738903394255877,0.0017632603041542543,0.010549183857204368,0.01295064753237662,0.970588235294116,1.0,0.0,0.0,0.0,0.0,1.0,1.0,0.0,0.0,0.0,0.0,0.0,1.0,0.0,MEDIUM
0.0008958018224776302,0.34634464751958227,0.0017860751324889675,0.01068618624496027,0.01295064753237662,0.941176470588232,1.0,0.0,0.0,0.0,0.0,1.0,1.0,0.0,0.0,0.0,0.0,0.0,1.0,0.0,MEDIUM
0.0019376086958174873,0.5737597911227155,0.0038980763840452647,0.023329549457861982,0.007350367518375919,0.941176470588232,1.0,0.0,0.0,0.0,1.0,0.0,1.0,0.0,0.0,0.0,0.0,0.0,1.0,0.0,MEDIUM
0.0002889683298314934,0.6357049608355092,0.0005280003128890743,0.002935765451912162,0.00025001250062503126,1.0,0.0,0.0,0.0,0.0,0.0,1.0,0.0,1.0,0.0,0.0,0.0,0.0,1.0,0.0,SHORT
0.002431136185450749,0.5382506527415144,0.0048954103083912945,0.028946647355853918,0.0112005600280014,0.617647058823529,1.0,1.0,0.0,0.0,0.0,0.0,1.0,0.0,0.0,0.0,0.0,0.0,1.0,0.0,SHORT
0.0009148128968086491,0.28067885117493474,0.001825186266777047,0.010921047481113243,0.014450722536126805,1.0,1.0,0.0,0.0,0.0,0.0,1.0,1.0,0.0,0.0,0.0,0.0,0.0,1.0,0.0,MEDIUM
0.0008334454986718863,0.6362924281984335,0.001672000990815402,0.009825028379066035,0.004700235011750587,0.882352941176471,0.5,0.0,1.0,0.0,0.0,0.0,0.0,1.0,0.0,0.0,0.0,0.0,1.0,0.0,SHORT
0.0008958018224776302,0.34634464751958227,0.0017860751324889675,0.01068618624496027,0.01295064753237662,0.941176470588232,1.0,0.0,0.0,0.0,0.0,1.0,1.0,0.0,0.0,0.0,0.0,0.0,1.0,0.0,MEDIUM
0.0019573802131217476,0.5738250652741514,0.0039339282571426715,0.023564410694014954,0.007350367518375919,0.941176470588232,1.0,0.0,0.0,0.0,1.0,0.0,1.0,0.0,0.0,0.0,0.0,0.0,1.0,0.0,MEDIUM
0.0008958018224776302,0.34627937336814624,0.0017893343936796408,0.01068618624496027,0.01295064753237662,0.911764705882355,1.0,0.0,0.0,0.0,0.0,1.0,1.0,0.0,0.0,0.0,0.0,0.0,1.0,0.0,MEDIUM
0.0008843951778790176,0.34738903394255877,0.0017632603041542543,0.010549183857204368,0.01295064753237662,0.941176470588232,1.0,0.0,0.0,0.0,0.0,1.0,1.0,0.0,0.0,0.0,0.0,0.0,1.0,0.0,MEDIUM
0.0008843951778790176,0.34732375979112273,0.0017632603041542543,0.010549183857204368,0.01295064753237662,0.970588235294116,1.0,0.0,0.0,0.0,0.0,1.0,1.0,0.0,0.0,0.0,0.0,0.0,1.0,0.0,MEDIUM
0.0008843951778790176,0.34738903394255877,0.0017632603041542543,0.010549183857204368,0.01295064753237662,0.970588235294116,1.0,0.0,0.0,0.0,0.0,1.0,1.0,0.0,0.0,0.0,0.0,0.0,1.0,0.0,MEDIUM
0.0009353448570861497,0.4569190600522194,0.0018708159234464732,0.011155908717266216,0.014450722536126805,1.0,1.0,0.0,0.0,0.0,0.0,1.0,1.0,0.0,0.0,0.0,0.0,0.0,1.0,0.0,MEDIUM
0.0008843951778790176,0.34738903394255877,0.0017632603041542543,0.010549183857204368,0.01295064753237662,0.970588235294116,1.0,0.0,0.0,0.0,0.0,1.0,1.0,0.0,0.0,0.0,0.0,0.0,1.0,0.0,MEDIUM
0.0012045416696133838,0.29379895561357705,0.0024314088482422806,0.014443966023407837,0.0022001100055002746,0.235294117647058,0.5,0.0,0.0,1.0,0.0,0.0,1.0,0.0,0.0,0.0,0.0,0.0,1.0,0.0,MEDIUM
0.0008958018224776302,0.34627937336814624,0.0017860751324889675,0.01068618624496027,0.01295064753237662,0.941176470588232,1.0,0.0,0.0,0.0,0.0,1.0,1.0,0.0,0.0,0.0,0.0,0.0,1.0,0.0,MEDIUM
0.0011034027541723598,0.6404046997389035,0.0022162976096578428,0.013230516303284144,0.09770488524426221,0.5588235294117609,1.0,0.0,0.0,0.0,0.0,1.0,0.0,1.0,0.0,0.0,0.0,0.0,1.0,0.0,MEDIUM
0.10313964090361917,0.06135770234986946,0.11695206930492996,0.7016087994676479,0.10365518275913796,0.20588235294117396,1.0,0.0,0.0,1.0,0.0,0.0,1.0,0.0,0.0,0.0,0.0,1.0,0.0,0.0,LONG
0.10283318238540314,0.021214099216710185,0.11670762471562947,0.6999843425842565,0.18150907545377268,0.470588235294116,1.0,0.0,0.0,0.0,0.0,1.0,1.0,0.0,0.0,0.0,0.0,1.0,0.0,0.0,LONG
0.0008843951778790176,0.34738903394255877,0.0017632603041542543,0.010549183857204368,0.01295064753237662,0.970588235294116,1.0,0.0,0.0,0.0,0.0,1.0,1.0,0.0,0.0,0.0,0.0,0.0,1.0,0.0,MEDIUM
0.0008478939151634604,0.34627937336814624,0.0016882972967687685,0.010079461384898424,0.01295064753237662,0.911764705882355,1.0,0.0,0.0,0.0,0.0,1.0,1.0,0.0,0.0,0.0,0.0,0.0,1.0,0.0,MEDIUM
0.0005733740018235419,0.34712793733681463,0.001124445110782288,0.006595686381962658,0.01295064753237662,0.970588235294116,1.0,0.0,0.0,0.0,0.0,1.0,1.0,0.0,0.0,0.0,0.0,0.0,1.0,0.0,MEDIUM
0.0019376086958174873,0.5737597911227155,0.0038980763840452647,0.023329549457861982,0.007350367518375919,0.941176470588232,1.0,0.0,0.0,0.0,1.0,0.0,1.0,0.0,0.0,0.0,0.0,0.0,1.0,0.0,MEDIUM
0.0009353448570861497,0.4569190600522194,0.0018708159234464732,0.011155908717266216,0.01295064753237662,0.941176470588232,1.0,0.0,0.0,0.0,0.0,1.0,1.0,0.0,0.0,0.0,0.0,0.0,1.0,0.0,MEDIUM
0.0008958018224776302,0.34627937336814624,0.0017860751324889675,0.01068618624496027,0.01295064753237662,0.941176470588232,1.0,0.0,0.0,0.0,0.0,1.0,1.0,0.0,0.0,0.0,0.0,0.0,1.0,0.0,MEDIUM
0.0008843951778790176,0.34738903394255877,0.001779556610107621,0.010431753239127883,0.01295064753237662,0.970588235294116,1.0,0.0,0.0,0.0,0.0,1.0,1.0,0.0,0.0,0.0,0.0,0.0,1.0,0.0,MEDIUM
0.0008958018224776302,0.34738903394255877,0.0017860751324889675,0.01068618624496027,0.01295064753237662,0.823529411764703,1.0,0.0,0.0,1.0,0.0,0.0,1.0,0.0,0.0,0.0,0.0,1.0,0.0,0.0,LONG
0.0009353448570861497,0.4569190600522194,0.0018708159234464732,0.011155908717266216,0.01295064753237662,0.941176470588232,1.0,0.0,0.0,0.0,0.0,1.0,1.0,0.0,0.0,0.0,0.0,0.0,1.0,0.0,MEDIUM
0.0007802144905450321,0.6376631853785901,0.0015709638939045297,0.009100872900927702,0.04995249762488124,0.764705882352942,1.0,0.0,1.0,0.0,0.0,0.0,0.0,1.0,0.0,0.0,0.0,0.0,1.0,0.0,LONG
0.0003353553511991807,0.34614882506527417,0.0006225188874185999,0.003562062081653423,0.01295064753237662,0.941176470588232,1.0,0.0,0.0,0.0,0.0,1.0,1.0,0.0,0.0,0.0,0.0,0.0,1.0,0.0,MEDIUM
0.10283242194242989,0.0003263707571801567,0.11672066176039216,0.6998864837358594,0.15245762288114403,0.617647058823529,1.0,0.0,0.0,1.0,0.0,0.0,1.0,0.0,0.0,0.0,0.0,1.0,0.0,0.0,LONG
0.0019505362263625807,0.5738250652741514,0.003920891212379978,0.02350569538497671,0.007350367518375919,0.941176470588232,1.0,0.0,0.0,0.0,1.0,0.0,1.0,0.0,0.0,0.0,0.0,0.0,1.0,0.0,MEDIUM
0.0009208964405945756,0.637402088772846,0.0018382233115397403,0.0109993345598309,0.01295064753237662,0.970588235294116,1.0,0.0,0.0,0.0,0.0,1.0,1.0,0.0,0.0,0.0,0.0,0.0,1.0,0.0,MEDIUM
0.002301860879999817,0.33942558746736295,0.0046085953236120435,0.027654910557012566,0.03495174758737937,0.705882352941174,1.0,0.0,0.0,1.0,0.0,0.0,1.0,0.0,0.0,0.0,0.0,0.0,1.0,0.0,LONG
0.0008958018224776302,0.34627937336814624,0.0017860751324889675,0.01068618624496027,0.01295064753237662,0.941176470588232,1.0,0.0,0.0,0.0,0.0,1.0,1.0,0.0,0.0,0.0,0.0,0.0,1.0,0.0,MEDIUM
0.0008958018224776302,0.34627937336814624,0.0017860751324889675,0.01068618624496027,0.01295064753237662,0.941176470588232,1.0,0.0,0.0,0.0,0.0,1.0,1.0,0.0,0.0,0.0,0.0,0.0,1.0,0.0,MEDIUM
0.10283166149945666,0.0005221932114882507,0.11672066176039216,0.6998864837358594,0.2701635081754088,0.705882352941174,1.0,0.0,0.0,1.0,0.0,0.0,1.0,0.0,0.0,0.0,0.0,1.0,0.0,0.0,LONG
0.0008958018224776302,0.34627937336814624,0.0017860751324889675,0.01068618624496027,0.01295064753237662,0.941176470588232,1.0,0.0,0.0,0.0,0.0,1.0,1.0,0.0,0.0,0.0,0.0,0.0,1.0,0.0,MEDIUM
0.0008843951778790176,0.34738903394255877,0.0017632603041542543,0.010549183857204368,0.01295064753237662,0.970588235294116,1.0,0.0,0.0,0.0,0.0,1.0,1.0,0.0,0.0,0.0,0.0,0.0,1.0,0.0,MEDIUM
0.0009148128968086491,0.2807441253263708,0.0018284455279677203,0.010901475711433828,0.014450722536126805,1.0,1.0,0.0,0.0,0.0,0.0,1.0,1.0,0.0,0.0,0.0,0.0,0.0,1.0,0.0,MEDIUM
0.0009148128968086491,0.28067885117493474,0.001825186266777047,0.010921047481113243,0.01295064753237662,0.970588235294116,1.0,0.0,0.0,0.0,0.0,1.0,1.0,0.0,0.0,0.0,0.0,0.0,1.0,0.0,MEDIUM
0.0007026493072744729,0.34614882506527417,0.0013851860060361519,0.008278858574392298,0.01295064753237662,0.911764705882355,1.0,0.0,0.0,0.0,0.0,1.0,1.0,0.0,0.0,0.0,0.0,0.0,1.0,0.0,MEDIUM
0.0008843951778790176,0.34738903394255877,0.0017632603041542543,0.010549183857204368,0.01295064753237662,0.941176470588232,1.0,0.0,0.0,0.0,0.0,1.0,1.0,0.0,0.0,0.0,0.0,0.0,1.0,0.0,MEDIUM
0.0008843951778790176,0.34738903394255877,0.0017632603041542543,0.010549183857204368,0.01295064753237662,0.970588235294116,1.0,0.0,0.0,0.0,0.0,1.0,1.0,0.0,0.0,0.0,0.0,0.0,1.0,0.0,MEDIUM
0.05242645946116531,0.35548302872062665,0.07021100456948419,0.4210670528829217,0.039951997599879996,0.852941176470587,1.0,0.0,1.0,0.0,0.0,0.0,0.0,0.0,1.0,0.0,0.0,0.0,0.0,1.0,LONG
0.0006965657634885472,0.34614882506527417,0.0013688897000827852,0.008200571495674639,0.01295064753237662,0.911764705882355,1.0,0.0,0.0,0.0,0.0,1.0,1.0,0.0,0.0,0.0,0.0,0.0,1.0,0.0,MEDIUM
0.0008843951778790176,0.34738903394255877,0.0017632603041542543,0.010549183857204368,0.01295064753237662,0.970588235294116,1.0,0.0,0.0,0.0,0.0,1.0,1.0,0.0,0.0,0.0,0.0,0.0,1.0,0.0,MEDIUM
0.00028440567199204854,0.34725848563968675,0.000501926223363688,0.0029749089912709907,0.01295064753237662,0.970588235294116,1.0,0.0,0.0,0.0,0.0,1.0,1.0,0.0,0.0,0.0,0.0,0.0,1.0,0.0,MEDIUM
0.0008843951778790176,0.34738903394255877,0.0017632603041542543,0.010549183857204368,0.01295064753237662,0.970588235294116,1.0,0.0,0.0,0.0,0.0,1.0,1.0,0.0,0.0,0.0,0.0,0.0,1.0,0.0,MEDIUM
0.05786134539091713,0.3738903394255875,0.07572567450410342,0.4542607742592085,0.035701785089254465,0.852941176470587,1.0,0.0,0.0,1.0,0.0,0.0,0.0,0.0,1.0,0.0,0.0,0.0,0.0,1.0,LONG
0.00027451991333991843,0.6349869451697129,0.0005084447457450346,0.0026813324460797745,0.00015000750037501875,0.941176470588232,0.0,0.0,0.0,0.0,0.0,1.0,0.0,1.0,0.0,0.0,0.0,0.0,1.0,0.0,SHORT
0.00030189586037658676,0.4567885117493473,0.0005540744024144607,0.0031119113790268917,0.01295064753237662,0.941176470588232,1.0,0.0,0.0,0.0,0.0,1.0,1.0,0.0,0.0,0.0,0.0,0.0,1.0,0.0,MEDIUM
0.0012395220463824585,0.293733681462141,0.0025031125944370933,0.014874544956354954,0.0022001100055002746,0.264705882352942,0.5,0.0,0.0,1.0,0.0,0.0,1.0,0.0,0.0,0.0,0.0,0.0,1.0,0.0,MEDIUM
0.00027223858442019643,0.4567885117493473,0.0004986669621730147,0.0027009042157591892,0.01295064753237662,0.941176470588232,1.0,0.0,0.0,0.0,0.0,1.0,1.0,0.0,0.0,0.0,0.0,0.0,1.0,0.0,MEDIUM
0.00034295978093158794,0.3462140992167102,0.0006388151933719665,0.0036599209300504955,0.01295064753237662,0.941176470588232,1.0,0.0,0.0,0.0,0.0,1.0,1.0,0.0,0.0,0.0,0.0,0.0,1.0,0.0,MEDIUM
0.0013094827999206096,0.64177545691906,0.002666075653970758,0.015579128664813873,0.004550227511375569,0.647058823529413,0.5,0.0,0.0,1.0,0.0,0.0,0.0,0.0,0.0,1.0,0.0,0.0,1.0,0.0,SHORT
0.0019109931917540603,0.5739556135770236,0.0038426689438038186,0.02301640114299135,0.007350367518375919,1.0,1.0,0.0,0.0,0.0,1.0,0.0,1.0,0.0,0.0,0.0,0.0,0.0,1.0,0.0,MEDIUM
0.0009353448570861497,0.4569190600522194,0.0018708159234464732,0.011155908717266216,0.014450722536126805,1.0,1.0,0.0,0.0,0.0,0.0,1.0,1.0,0.0,0.0,0.0,0.0,0.0,1.0,0.0,MEDIUM
0.0010281188998215235,0.6391644908616189,0.0020598530725055245,0.01233021489803108,0.10595529776488824,0.735294117647058,1.0,0.0,0.0,1.0,0.0,0.0,0.0,1.0,0.0,0.0,0.0,0.0,1.0,0.0,MEDIUM
0.0019109931917540603,0.5739556135770236,0.0038426689438038186,0.02301640114299135,0.007350367518375919,0.970588235294116,1.0,0.0,0.0,0.0,1.0,0.0,1.0,0.0,0.0,0.0,0.0,0.0,1.0,0.0,MEDIUM
0.0009330635281664269,0.4569843342036554,0.0018708159234464732,0.011097193408227972,0.014450722536126805,1.0,1.0,0.0,0.0,0.0,0.0,1.0,1.0,0.0,0.0,0.0,0.0,0.0,1.0,0.0,MEDIUM
0.001963463756907674,0.5737597911227155,0.003946965301905365,0.02364269777273261,0.007350367518375919,0.941176470588232,1.0,0.0,0.0,0.0,1.0,0.0,1.0,0.0,0.0,0.0,0.0,0.0,1.0,0.0,MEDIUM
0.0008843951778790176,0.34738903394255877,0.001760001042963581,0.010549183857204368,0.01295064753237662,0.970588235294116,1.0,0.0,0.0,0.0,0.0,1.0,1.0,0.0,0.0,0.0,0.0,0.0,1.0,0.0,MEDIUM
0.0009208964405945756,0.637402088772846,0.0018414825727304136,0.010979762790151486,0.01295064753237662,0.970588235294116,1.0,0.0,0.0,0.0,0.0,1.0,1.0,0.0,0.0,0.0,0.0,0.0,1.0,0.0,MEDIUM
0.10283546371432285,6.527415143603134e-05,0.11666199505896004,0.7002974908991272,0.30061503075153756,1.0,1.0,0.0,0.0,1.0,0.0,0.0,1.0,0.0,0.0,0.0,0.0,1.0,0.0,0.0,LONG
0.00036044996931612616,0.6361618798955614,0.0006714078052786995,0.003914353935882883,5.000250012500625e-05,0.970588235294116,0.5,0.0,0.0,0.0,0.0,1.0,1.0,0.0,0.0,0.0,0.0,0.0,1.0,0.0,SHORT
0.0012798255239642193,0.4698433420365536,0.002688890482305471,0.01471797079891964,0.003450172508625431,0.5,0.5,0.0,0.0,1.0,0.0,0.0,0.0,1.0,0.0,0.0,0.0,0.0,1.0,0.0,SHORT
0.0008843951778790176,0.34738903394255877,0.0017632603041542543,0.010549183857204368,0.01295064753237662,0.970588235294116,1.0,0.0,0.0,0.0,0.0,1.0,1.0,0.0,0.0,0.0,0.0,0.0,1.0,0.0,MEDIUM
0.05242645946116531,0.3555483028720627,0.07023707865900958,0.42091047872548637,0.039951997599879996,0.852941176470587,1.0,0.0,1.0,0.0,0.0,0.0,0.0,0.0,1.0,0.0,0.0,0.0,0.0,1.0,LONG
0.10283622415729611,0.0001305483028720627,0.11666525432015071,0.7002779191294477,0.3049652482624131,0.6764705882352899,1.0,0.0,0.0,0.0,0.0,1.0,1.0,0.0,0.0,0.0,0.0,1.0,0.0,0.0,LONG
0.0009353448570861497,0.4569190600522194,0.0018708159234464732,0.011155908717266216,0.014450722536126805,1.0,1.0,0.0,0.0,0.0,0.0,1.0,1.0,0.0,0.0,0.0,0.0,0.0,1.0,0.0,MEDIUM
0.10283546371432285,0.0002610966057441254,0.11670110619324812,0.7000430578932948,0.29496474823741187,0.823529411764703,1.0,0.0,0.0,1.0,0.0,0.0,1.0,0.0,0.0,0.0,0.0,1.0,0.0,0.0,LONG
0.0008843951778790176,0.34738903394255877,0.0017632603041542543,0.010549183857204368,0.01295064753237662,0.970588235294116,1.0,0.0,0.0,0.0,0.0,1.0,1.0,0.0,0.0,0.0,0.0,0.0,1.0,0.0,MEDIUM
0.0008843951778790176,0.34738903394255877,0.0017632603041542543,0.010549183857204368,0.01295064753237662,0.970588235294116,1.0,0.0,0.0,0.0,0.0,1.0,1.0,0.0,0.0,0.0,0.0,0.0,1.0,0.0,MEDIUM
0.0019771517304260078,0.5736292428198434,0.003973039391430751,0.023818843699847343,0.007350367518375919,1.0,1.0,0.0,0.0,0.0,1.0,0.0,1.0,0.0,0.0,0.0,0.0,0.0,1.0,0.0,MEDIUM
0.0008843951778790176,0.34738903394255877,0.0017632603041542543,0.010549183857204368,0.01295064753237662,0.970588235294116,1.0,0.0,0.0,0.0,0.0,1.0,1.0,0.0,0.0,0.0,0.0,0.0,1.0,0.0,MEDIUM
0.0008843951778790176,0.34738903394255877,0.0017632603041542543,0.010529612087524955,0.01295064753237662,0.970588235294116,1.0,0.0,0.0,0.0,0.0,1.0,1.0,0.0,0.0,0.0,0.0,0.0,1.0,0.0,MEDIUM
0.001963463756907674,0.5737597911227155,0.003946965301905365,0.02364269777273261,0.007350367518375919,0.941176470588232,0.5,0.0,0.0,0.0,1.0,0.0,1.0,0.0,0.0,0.0,0.0,0.0,1.0,0.0,MEDIUM
0.0013018783701882024,0.643798955613577,0.0026204459973013317,0.01569655928289036,0.11495574778738937,0.852941176470587,1.0,0.0,0.0,1.0,0.0,0.0,0.0,1.0,0.0,0.0,0.0,0.0,1.0,0.0,MEDIUM
0.0003406784520118668,0.637402088772846,0.0006420744545626398,0.003581633851332838,0.01295064753237662,0.970588235294116,1.0,0.0,0.0,0.0,0.0,1.0,1.0,0.0,0.0,0.0,0.0,0.0,1.0,0.0,MEDIUM
0.0013110036858670912,0.641710182767624,0.002669334915161431,0.015618272204172702,0.004500225011250562,0.647058823529413,0.5,0.0,0.0,1.0,0.0,0.0,0.0,1.0,0.0,0.0,0.0,0.0,1.0,0.0,SHORT
0.0008843951778790176,0.34738903394255877,0.0017632603041542543,0.010529612087524955,0.01295064753237662,0.970588235294116,1.0,0.0,0.0,0.0,0.0,1.0,1.0,0.0,0.0,0.0,0.0,0.0,1.0,0.0,MEDIUM
0.0008843951778790176,0.34738903394255877,0.0017632603041542543,0.010549183857204368,0.01295064753237662,0.970588235294116,1.0,0.0,0.0,0.0,0.0,1.0,1.0,0.0,0.0,0.0,0.0,0.0,1.0,0.0,MEDIUM
0.0008958018224776302,0.34627937336814624,0.0017860751324889675,0.01068618624496027,0.01295064753237662,0.941176470588232,1.0,0.0,0.0,0.0,0.0,1.0,1.0,0.0,0.0,0.0,0.0,0.0,1.0,0.0,MEDIUM
0.0008843951778790176,0.34738903394255877,0.0017632603041542543,0.010549183857204368,0.01295064753237662,0.970588235294116,1.0,0.0,0.0,0.0,0.0,1.0,1.0,0.0,0.0,0.0,0.0,0.0,1.0,0.0,MEDIUM
0.0019376086958174873,0.5737597911227155,0.0038980763840452647,0.023329549457861982,0.007350367518375919,1.0,1.0,0.0,0.0,0.0,1.0,0.0,1.0,0.0,0.0,0.0,0.0,0.0,1.0,0.0,MEDIUM
0.0007589220872942911,0.34732375979112273,0.0015025194089003904,0.008983442282851216,0.01295064753237662,0.970588235294116,1.0,0.0,0.0,0.0,0.0,1.0,1.0,0.0,0.0,0.0,0.0,0.0,1.0,0.0,MEDIUM
0.000787058477304199,0.6360966057441254,0.0015905194610485696,0.009159588209965945,0.09245462273113655,0.764705882352942,1.0,0.0,1.0,0.0,0.0,0.0,0.0,0.0,0.0,1.0,0.0,0.0,1.0,0.0,SHORT
0.0009148128968086491,0.28067885117493474,0.0018284455279677203,0.010901475711433828,0.014450722536126805,1.0,1.0,0.0,0.0,0.0,0.0,1.0,1.0,0.0,0.0,0.0,0.0,0.0,1.0,0.0,MEDIUM
0.0008958018224776302,0.34634464751958227,0.0017860751324889675,0.01068618624496027,0.01295064753237662,0.911764705882355,1.0,0.0,0.0,0.0,0.0,1.0,1.0,0.0,0.0,0.0,0.0,0.0,1.0,0.0,MEDIUM
0.0009140524538354079,0.2807441253263708,0.001825186266777047,0.010901475711433828,0.014450722536126805,1.0,1.0,0.0,0.0,0.0,0.0,1.0,1.0,0.0,0.0,0.0,0.0,0.0,1.0,0.0,MEDIUM
0.0008843951778790176,0.34732375979112273,0.0017632603041542543,0.010549183857204368,0.01295064753237662,0.970588235294116,1.0,0.0,0.0,0.0,0.0,1.0,1.0,0.0,0.0,0.0,0.0,0.0,1.0,0.0,MEDIUM
0.0008843951778790176,0.34738903394255877,0.0017632603041542543,0.010549183857204368,0.01295064753237662,0.970588235294116,1.0,0.0,0.0,0.0,0.0,1.0,1.0,0.0,0.0,0.0,0.0,0.0,1.0,0.0,MEDIUM
0.0008843951778790176,0.34738903394255877,0.0017632603041542543,0.010549183857204368,0.01295064753237662,0.970588235294116,1.0,0.0,0.0,0.0,0.0,1.0,1.0,0.0,0.0,0.0,0.0,0.0,1.0,0.0,MEDIUM
0.10283546371432285,0.0002610966057441254,0.11665873579776936,0.7003170626688066,0.16245812290614528,0.705882352941174,1.0,0.0,0.0,1.0,0.0,0.0,1.0,0.0,0.0,0.0,0.0,1.0,0.0,0.0,LONG
0.0008843951778790176,0.34738903394255877,0.0017632603041542543,0.010549183857204368,0.01295064753237662,0.941176470588232,1.0,0.0,0.0,0.0,0.0,1.0,1.0,0.0,0.0,0.0,0.0,0.0,1.0,0.0,MEDIUM
0.0008843951778790176,0.34738903394255877,0.0017632603041542543,0.010549183857204368,0.01295064753237662,0.970588235294116,1.0,0.0,0.0,0.0,0.0,1.0,1.0,0.0,0.0,0.0,0.0,0.0,1.0,0.0,MEDIUM
0.0009148128968086491,0.28067885117493474,0.001825186266777047,0.010921047481113243,0.014450722536126805,1.0,1.0,0.0,0.0,0.0,0.0,1.0,1.0,0.0,0.0,0.0,0.0,0.0,1.0,0.0,MEDIUM
0.0008843951778790176,0.34738903394255877,0.0017632603041542543,0.010549183857204368,0.01295064753237662,0.970588235294116,1.0,0.0,0.0,0.0,0.0,1.0,1.0,0.0,0.0,0.0,0.0,0.0,1.0,0.0,MEDIUM
0.0019436922396034138,0.5737597911227155,0.003907854167617284,0.02340783653657964,0.007350367518375919,1.0,1.0,0.0,0.0,0.0,1.0,0.0,1.0,0.0,0.0,0.0,0.0,0.0,1.0,0.0,MEDIUM
0.00038402370148659,0.3462140992167102,0.0007300745067108189,0.00416878694171527,0.01295064753237662,0.941176470588232,1.0,0.0,0.0,0.0,0.0,1.0,1.0,0.0,0.0,0.0,0.0,0.0,1.0,0.0,MEDIUM
0.045012140472067794,0.42460835509138384,0.06257455559973665,0.37305750185931813,0.07070353517675884,0.647058823529413,1.0,1.0,0.0,0.0,0.0,0.0,0.0,0.0,1.0,0.0,0.0,0.0,0.0,1.0,MEDIUM
0.04821360538941144,0.4169712793733682,0.1265049638547934,0.030218812385015854,0.01295064753237662,0.529411764705884,1.0,0.0,0.0,0.0,0.0,1.0,1.0,0.0,0.0,0.0,1.0,0.0,0.0,0.0,LONG
0.0008843951778790176,0.34738903394255877,0.0017632603041542543,0.010549183857204368,0.01295064753237662,0.970588235294116,1.0,0.0,0.0,0.0,0.0,1.0,1.0,0.0,0.0,0.0,0.0,0.0,1.0,0.0,MEDIUM
0.10283926592918907,0.0001305483028720627,0.11667503210372274,0.7002387755900888,0.32521626081304067,0.470588235294116,1.0,0.0,0.0,1.0,0.0,0.0,1.0,0.0,0.0,0.0,0.0,1.0,0.0,0.0,LONG
0.0007330670262041044,0.28067885117493474,0.001518815714853757,0.008220143265354054,0.014450722536126805,1.0,1.0,0.0,0.0,0.0,0.0,1.0,1.0,0.0,0.0,0.0,0.0,0.0,1.0,0.0,MEDIUM
0.0008843951778790176,0.34738903394255877,0.001760001042963581,0.010549183857204368,0.01295064753237662,0.970588235294116,1.0,0.0,0.0,0.0,0.0,1.0,1.0,0.0,0.0,0.0,0.0,0.0,1.0,0.0,MEDIUM
0.0019763912874527674,0.5736292428198434,0.003973039391430751,0.023799271930167926,0.007350367518375919,0.911764705882355,1.0,0.0,0.0,0.0,1.0,0.0,1.0,0.0,0.0,0.0,0.0,0.0,1.0,0.0,MEDIUM
0.0019573802131217476,0.5738250652741514,0.0039339282571426715,0.023564410694014954,0.007350367518375919,0.941176470588232,1.0,0.0,0.0,0.0,1.0,0.0,1.0,0.0,0.0,0.0,0.0,0.0,1.0,0.0,MEDIUM
0.0019239207222991536,0.5739556135770236,0.0038687430333292053,0.023172975300426665,0.007350367518375919,0.970588235294116,1.0,0.0,0.0,0.0,1.0,0.0,1.0,0.0,0.0,0.0,0.0,0.0,1.0,0.0,MEDIUM
0.10283394282837638,0.0002610966057441254,0.11667503210372274,0.7001800602810506,0.2749637481874094,0.5588235294117609,1.0,0.0,0.0,0.0,0.0,1.0,1.0,0.0,0.0,0.0,0.0,1.0,0.0,0.0,LONG
0.0008843951778790176,0.34738903394255877,0.0017632603041542543,0.010549183857204368,0.01295064753237662,0.970588235294116,1.0,0.0,0.0,0.0,0.0,1.0,1.0,0.0,0.0,0.0,0.0,0.0,1.0,0.0,MEDIUM
0.0008958018224776302,0.34634464751958227,0.0017860751324889675,0.010705758014639685,0.01295064753237662,0.911764705882355,1.0,0.0,0.0,0.0,0.0,1.0,1.0,0.0,0.0,0.0,0.0,0.0,1.0,0.0,MEDIUM
0.0008843951778790176,0.34738903394255877,0.0017632603041542543,0.010549183857204368,0.01295064753237662,0.970588235294116,1.0,0.0,0.0,0.0,0.0,1.0,1.0,0.0,0.0,0.0,0.0,0.0,1.0,0.0,MEDIUM
0.0008843951778790176,0.34738903394255877,0.0017632603041542543,0.010549183857204368,0.01295064753237662,0.970588235294116,1.0,0.0,0.0,0.0,0.0,1.0,1.0,0.0,0.0,0.0,0.0,0.0,1.0,0.0,MEDIUM
0.0007908606921704026,0.6355744125326371,0.0015872601998578964,0.009277018828042431,0.002050102505125256,1.0,0.5,0.0,0.0,1.0,0.0,0.0,0.0,1.0,0.0,0.0,0.0,0.0,1.0,0.0,SHORT
0.0009208964405945756,0.637402088772846,0.0018382233115397403,0.0109993345598309,0.01295064753237662,0.970588235294116,1.0,0.0,0.0,0.0,0.0,1.0,1.0,0.0,0.0,0.0,0.0,0.0,1.0,0.0,MEDIUM
0.0009148128968086491,0.28067885117493474,0.001825186266777047,0.010921047481113243,0.014450722536126805,1.0,1.0,0.0,0.0,0.0,0.0,1.0,1.0,0.0,0.0,0.0,0.0,0.0,1.0,0.0,MEDIUM
0.0008843951778790176,0.34738903394255877,0.0017632603041542543,0.010549183857204368,0.01295064753237662,0.970588235294116,1.0,0.0,0.0,0.0,0.0,1.0,1.0,0.0,0.0,0.0,0.0,0.0,1.0,0.0,MEDIUM
0.0008843951778790176,0.34738903394255877,0.0017632603041542543,0.010529612087524955,0.01295064753237662,0.970588235294116,1.0,0.0,0.0,0.0,0.0,1.0,1.0,0.0,0.0,0.0,0.0,0.0,1.0,0.0,MEDIUM
0.0009148128968086491,0.28067885117493474,0.001825186266777047,0.010921047481113243,0.01295064753237662,0.970588235294116,1.0,0.0,0.0,0.0,0.0,1.0,1.0,0.0,0.0,0.0,0.0,0.0,1.0,0.0,MEDIUM
0.0008851556208522588,0.34738903394255877,0.0017632603041542543,0.010549183857204368,0.01295064753237662,0.970588235294116,1.0,0.0,0.0,0.0,0.0,1.0,1.0,0.0,0.0,0.0,0.0,0.0,1.0,0.0,MEDIUM
0.060157122727131,0.362467362924282,0.07798108324804934,0.4681763025012722,0.03495174758737937,0.6764705882352899,1.0,0.0,0.0,1.0,0.0,0.0,0.0,0.0,1.0,0.0,0.0,0.0,0.0,1.0,LONG
0.000302656303349828,0.6349869451697129,0.000567111447177154,0.0030531960699886483,0.00015000750037501875,0.911764705882355,0.5,0.0,0.0,0.0,0.0,1.0,0.0,1.0,0.0,0.0,0.0,0.0,1.0,0.0,SHORT
0.045012140472067794,0.42597911227154056,0.06242137032377501,0.3739773750342506,0.07070353517675884,0.794117647058826,1.0,1.0,0.0,0.0,0.0,0.0,0.0,0.0,1.0,0.0,0.0,0.0,0.0,1.0,MEDIUM
0.0008843951778790176,0.34738903394255877,0.0017632603041542543,0.010549183857204368,0.01295064753237662,0.970588235294116,1.0,0.0,0.0,0.0,0.0,1.0,1.0,0.0,0.0,0.0,0.0,0.0,1.0,0.0,MEDIUM
0.001970307743666841,0.5736945169712794,0.003960002346668058,0.02372098485145027,0.007350367518375919,0.911764705882355,1.0,0.0,0.0,0.0,1.0,0.0,1.0,0.0,0.0,0.0,0.0,0.0,1.0,0.0,MEDIUM
0.0008958018224776302,0.34634464751958227,0.0017860751324889675,0.01068618624496027,0.01295064753237662,0.941176470588232,1.0,0.0,0.0,0.0,0.0,1.0,1.0,0.0,0.0,0.0,0.0,0.0,1.0,0.0,MEDIUM
0.05786134539091713,0.3738250652741515,0.07569308189219669,0.4544564919560027,0.03660183009150458,0.941176470588232,1.0,0.0,0.0,1.0,0.0,0.0,0.0,0.0,1.0,0.0,0.0,0.0,0.0,1.0,LONG
0.10283394282837638,0.013772845953002611,0.11667829136491341,0.7001800602810506,0.19995999799989997,0.41176470588235503,1.0,0.0,0.0,0.0,0.0,1.0,1.0,0.0,0.0,0.0,0.0,1.0,0.0,0.0,LONG
0.10283394282837638,0.0001305483028720627,0.11666525432015071,0.7002387755900888,0.3529676483824191,0.852941176470587,1.0,0.0,0.0,1.0,0.0,0.0,1.0,0.0,0.0,0.0,0.0,1.0,0.0,0.0,LONG
0.10283546371432285,0.0001305483028720627,0.11664569875300668,0.7003757779778448,0.09895494774738736,0.941176470588232,1.0,1.0,0.0,0.0,0.0,0.0,1.0,0.0,0.0,0.0,0.0,1.0,0.0,0.0,LONG
0.0019763912874527674,0.5736292428198434,0.003973039391430751,0.023799271930167926,0.007350367518375919,0.911764705882355,1.0,0.0,0.0,0.0,1.0,0.0,1.0,0.0,0.0,0.0,0.0,0.0,1.0,0.0,MEDIUM
0.0019239207222991536,0.5739556135770236,0.0038687430333292053,0.023172975300426665,0.007350367518375919,0.970588235294116,1.0,0.0,0.0,0.0,1.0,0.0,1.0,0.0,0.0,0.0,0.0,0.0,1.0,0.0,MEDIUM
0.0008843951778790176,0.34738903394255877,0.0017632603041542543,0.010549183857204368,0.01295064753237662,0.970588235294116,1.0,0.0,0.0,0.0,0.0,1.0,1.0,0.0,0.0,0.0,0.0,0.0,1.0,0.0,MEDIUM
0.0008843951778790176,0.34738903394255877,0.0017632603041542543,0.010549183857204368,0.01295064753237662,0.970588235294116,1.0,0.0,0.0,0.0,0.0,1.0,1.0,0.0,0.0,0.0,0.0,0.0,1.0,0.0,MEDIUM
0.0005703322299305796,0.34614882506527417,0.0011179265884009412,0.006556542842603828,0.01295064753237662,0.911764705882355,1.0,0.0,0.0,0.0,0.0,1.0,1.0,0.0,0.0,0.0,0.0,0.0,1.0,0.0,MEDIUM
0.0008843951778790176,0.34738903394255877,0.0017632603041542543,0.010549183857204368,0.01295064753237662,0.970588235294116,1.0,0.0,0.0,0.0,0.0,1.0,1.0,0.0,0.0,0.0,0.0,0.0,1.0,0.0,MEDIUM
0.001970307743666841,0.5736292428198434,0.003960002346668058,0.02372098485145027,0.007350367518375919,0.911764705882355,1.0,0.0,0.0,0.0,1.0,0.0,1.0,0.0,0.0,0.0,0.0,0.0,1.0,0.0,MEDIUM
0.001260054006659959,0.7046997389033943,0.0026269645196826783,0.014600540180843153,0.0022001100055002746,0.264705882352942,0.5,0.0,0.0,1.0,0.0,0.0,1.0,0.0,0.0,0.0,0.0,0.0,1.0,0.0,MEDIUM
0.0008843951778790176,0.34738903394255877,0.0017632603041542543,0.010549183857204368,0.01295064753237662,0.970588235294116,1.0,0.0,0.0,0.0,0.0,1.0,1.0,0.0,0.0,0.0,0.0,0.0,1.0,0.0,MEDIUM
0.0008843951778790176,0.34738903394255877,0.0017632603041542543,0.010549183857204368,0.01295064753237662,0.970588235294116,1.0,0.0,0.0,0.0,0.0,1.0,1.0,0.0,0.0,0.0,0.0,0.0,1.0,0.0,MEDIUM
0.0008958018224776302,0.34627937336814624,0.0017860751324889675,0.01068618624496027,0.01295064753237662,0.941176470588232,1.0,0.0,0.0,0.0,0.0,1.0,1.0,0.0,0.0,0.0,0.0,0.0,1.0,0.0,MEDIUM
0.0007277439253914183,0.637402088772846,0.0014373341850869245,0.008592006889262928,0.01295064753237662,0.970588235294116,1.0,0.0,0.0,0.0,0.0,1.0,1.0,0.0,0.0,0.0,0.0,0.0,1.0,0.0,MEDIUM
0.10283698460026935,0.000391644908616188,0.11667177284253206,0.7002387755900888,0.3326666333316666,0.794117647058826,1.0,0.0,0.0,1.0,0.0,0.0,1.0,0.0,0.0,0.0,0.0,1.0,0.0,0.0,LONG
0.0008958018224776302,0.34634464751958227,0.0017860751324889675,0.01068618624496027,0.01295064753237662,0.941176470588232,1.0,0.0,0.0,0.0,0.0,1.0,1.0,0.0,0.0,0.0,0.0,0.0,1.0,0.0,MEDIUM
0.0008843951778790176,0.34738903394255877,0.0017632603041542543,0.010549183857204368,0.01295064753237662,0.970588235294116,1.0,0.0,0.0,0.0,0.0,1.0,1.0,0.0,0.0,0.0,0.0,0.0,1.0,0.0,MEDIUM
0.0008030277797422556,0.3462140992167102,0.0016133342893832826,0.009414021215798332,0.01295064753237662,0.941176470588232,1.0,0.0,0.0,0.0,0.0,1.0,1.0,0.0,0.0,0.0,0.0,0.0,1.0,0.0,MEDIUM
0.0008958018224776302,0.34627937336814624,0.0017860751324889675,0.01068618624496027,0.01295064753237662,0.941176470588232,1.0,0.0,0.0,0.0,0.0,1.0,1.0,0.0,0.0,0.0,0.0,0.0,1.0,0.0,MEDIUM
0.0019239207222991536,0.5739556135770236,0.0038687430333292053,0.023172975300426665,0.007350367518375919,1.0,1.0,0.0,0.0,0.0,1.0,0.0,1.0,0.0,0.0,0.0,0.0,0.0,1.0,0.0,MEDIUM
0.10283546371432285,0.000391644908616188,0.1167402173275362,0.6998081966571418,0.16995849792489623,0.6764705882352899,1.0,0.0,0.0,1.0,0.0,0.0,1.0,0.0,0.0,0.0,0.0,1.0,0.0,0.0,LONG
0.10283242194242989,0.019321148825065276,0.11669458767086677,0.7000626296629742,0.039951997599879996,0.852941176470587,1.0,0.0,1.0,0.0,0.0,0.0,0.0,0.0,1.0,0.0,0.0,1.0,0.0,0.0,LONG
0.0008958018224776302,0.34634464751958227,0.0017860751324889675,0.01068618624496027,0.01295064753237662,0.941176470588232,1.0,0.0,0.0,0.0,0.0,1.0,1.0,0.0,0.0,0.0,0.0,0.0,1.0,0.0,MEDIUM
0.0008843951778790176,0.34738903394255877,0.0017632603041542543,0.010549183857204368,0.01295064753237662,0.970588235294116,1.0,0.0,0.0,0.0,0.0,1.0,1.0,0.0,0.0,0.0,0.0,0.0,1.0,0.0,MEDIUM
0.0008843951778790176,0.34738903394255877,0.0017632603041542543,0.010549183857204368,0.01295064753237662,0.970588235294116,1.0,0.0,0.0,0.0,0.0,1.0,1.0,0.0,0.0,0.0,0.0,0.0,1.0,0.0,MEDIUM
0.0002851661149652898,0.345822454308094,0.0005280003128890743,0.00283790660351509,0.01295064753237662,0.911764705882355,1.0,0.0,0.0,0.0,0.0,1.0,1.0,0.0,0.0,0.0,0.0,0.0,1.0,0.0,MEDIUM
0.10283698460026935,0.0001305483028720627,0.116642439491816,0.7004149215172036,0.29946497324866245,0.823529411764703,1.0,0.0,0.0,0.0,0.0,1.0,1.0,0.0,0.0,0.0,0.0,1.0,0.0,0.0,LONG
0.0008958018224776302,0.34627937336814624,0.0017860751324889675,0.010705758014639685,0.01295064753237662,0.941176470588232,1.0,0.0,0.0,0.0,0.0,1.0,1.0,0.0,0.0,0.0,0.0,0.0,1.0,0.0,MEDIUM
0.0008958018224776302,0.34627937336814624,0.0017860751324889675,0.01068618624496027,0.01295064753237662,0.941176470588232,1.0,0.0,0.0,0.0,0.0,1.0,1.0,0.0,0.0,0.0,0.0,0.0,1.0,0.0,MEDIUM
0.0019239207222991536,0.5738903394255875,0.0038687430333292053,0.023172975300426665,0.007350367518375919,0.970588235294116,1.0,0.0,0.0,0.0,1.0,0.0,1.0,0.0,0.0,0.0,0.0,0.0,1.0,0.0,MEDIUM
0.0009285008703269829,0.4569843342036554,0.0018740751846371465,0.010979762790151486,0.014450722536126805,1.0,1.0,0.0,0.0,0.0,0.0,1.0,1.0,0.0,0.0,0.0,0.0,0.0,1.0,0.0,MEDIUM
0.0002669154836075103,0.4567885117493473,0.00047911139502897486,0.00266176067640036,0.014450722536126805,1.0,1.0,0.0,0.0,0.0,0.0,1.0,1.0,0.0,0.0,0.0,0.0,0.0,1.0,0.0,MEDIUM
0.0009208964405945756,0.637467362924282,0.0018382233115397403,0.0109993345598309,0.01295064753237662,0.970588235294116,1.0,0.0,0.0,0.0,0.0,1.0,1.0,0.0,0.0,0.0,0.0,0.0,1.0,0.0,MEDIUM
0.0012615748926064416,0.5639686684073107,0.0025389644675344993,0.015187693271225586,0.04295214760738037,0.823529411764703,1.0,0.0,0.0,0.0,0.0,1.0,1.0,0.0,0.0,0.0,0.0,0.0,1.0,0.0,LONG
0.0009353448570861497,0.4569190600522194,0.0018708159234464732,0.011155908717266216,0.01295064753237662,0.941176470588232,1.0,0.0,0.0,0.0,0.0,1.0,1.0,0.0,0.0,0.0,0.0,0.0,1.0,0.0,MEDIUM
0.0012615748926064416,0.5639033942558748,0.0025389644675344993,0.015187693271225586,0.04295214760738037,0.823529411764703,1.0,0.0,0.0,0.0,0.0,1.0,1.0,0.0,0.0,0.0,0.0,0.0,1.0,0.0,LONG
0.0002942914306441795,0.6351174934725848,0.0005508151412237874,0.002935765451912162,0.00015000750037501875,0.941176470588232,0.0,0.0,0.0,0.0,0.0,1.0,0.0,1.0,0.0,0.0,0.0,0.0,1.0,0.0,SHORT
0.10283546371432285,0.03563968668407311,0.11668480988729475,0.7001409167416918,0.2928146407320366,0.911764705882355,1.0,0.0,0.0,1.0,0.0,0.0,1.0,0.0,0.0,0.0,0.0,1.0,0.0,0.0,LONG
0.0008843951778790176,0.34738903394255877,0.0017665195653449278,0.010529612087524955,0.01295064753237662,0.970588235294116,1.0,0.0,0.0,0.0,0.0,1.0,1.0,0.0,0.0,0.0,0.0,0.0,1.0,0.0,MEDIUM
0.0008958018224776302,0.34627937336814624,0.0017860751324889675,0.01068618624496027,0.01295064753237662,0.941176470588232,1.0,0.0,0.0,0.0,0.0,1.0,1.0,0.0,0.0,0.0,0.0,0.0,1.0,0.0,MEDIUM
0.0008843951778790176,0.34738903394255877,0.0017632603041542543,0.010549183857204368,0.01295064753237662,0.970588235294116,1.0,0.0,0.0,0.0,0.0,1.0,1.0,0.0,0.0,0.0,0.0,0.0,1.0,0.0,MEDIUM
0.0009353448570861497,0.4569190600522194,0.0018708159234464732,0.011155908717266216,0.014450722536126805,1.0,1.0,0.0,0.0,0.0,0.0,1.0,1.0,0.0,0.0,0.0,0.0,0.0,1.0,0.0,MEDIUM
0.0008958018224776302,0.34634464751958227,0.0017860751324889675,0.01068618624496027,0.01295064753237662,0.941176470588232,1.0,0.0,0.0,0.0,0.0,1.0,1.0,0.0,0.0,0.0,0.0,0.0,1.0,0.0,MEDIUM
0.0019307647090583205,0.5738250652741514,0.0038817800780918984,0.023251262379144322,0.007350367518375919,0.941176470588232,1.0,0.0,0.0,0.0,1.0,0.0,1.0,0.0,0.0,0.0,0.0,0.0,1.0,0.0,MEDIUM
0.0024372197292366754,0.5383812010443865,0.00491170661434466,0.029005362664892162,0.013950697534876743,0.764705882352942,1.0,1.0,0.0,0.0,0.0,0.0,1.0,0.0,0.0,0.0,0.0,0.0,1.0,0.0,MEDIUM
0.00031634427686816086,0.34667101827676244,0.0005931855367025402,0.0032489137667827926,0.01295064753237662,0.970588235294116,1.0,0.0,0.0,0.0,0.0,1.0,1.0,0.0,0.0,0.0,0.0,0.0,1.0,0.0,MEDIUM
0.0008843951778790176,0.34738903394255877,0.0017632603041542543,0.010549183857204368,0.01295064753237662,0.970588235294116,1.0,0.0,0.0,0.0,0.0,1.0,1.0,0.0,0.0,0.0,0.0,0.0,1.0,0.0,MEDIUM
0.1033115010155716,0.019125326370757183,0.11708895827493825,0.702509100872901,0.20131006550327515,0.382352941176471,1.0,0.0,0.0,0.0,0.0,1.0,1.0,0.0,0.0,0.0,0.0,1.0,0.0,0.0,LONG
0.0004106392055500162,0.34627937336814624,0.0008017782529056314,0.004403648177868243,0.01295064753237662,0.941176470588232,1.0,0.0,0.0,0.0,0.0,1.0,1.0,0.0,0.0,0.0,0.0,0.0,1.0,0.0,MEDIUM
0.0008958018224776302,0.34627937336814624,0.0017860751324889675,0.010705758014639685,0.01295064753237662,0.911764705882355,1.0,0.0,0.0,0.0,0.0,1.0,1.0,0.0,0.0,0.0,0.0,0.0,1.0,0.0,MEDIUM
0.10283622415729611,0.000587467362924282,0.11666199505896004,0.7002974908991272,0.200310015500775,0.588235294117645,1.0,0.0,0.0,1.0,0.0,0.0,1.0,0.0,0.0,0.0,0.0,1.0,0.0,0.0,LONG
0.0008958018224776302,0.34627937336814624,0.0017860751324889675,0.01068618624496027,0.01295064753237662,0.941176470588232,1.0,0.0,0.0,0.0,0.0,1.0,1.0,0.0,0.0,0.0,0.0,0.0,1.0,0.0,MEDIUM
0.0008958018224776302,0.34627937336814624,0.0017860751324889675,0.01068618624496027,0.01295064753237662,0.941176470588232,1.0,0.0,0.0,0.0,0.0,1.0,1.0,0.0,0.0,0.0,0.0,0.0,1.0,0.0,MEDIUM
0.0009353448570861497,0.4569190600522194,0.0018708159234464732,0.011155908717266216,0.01295064753237662,0.941176470588232,1.0,0.0,0.0,0.0,0.0,1.0,1.0,0.0,0.0,0.0,0.0,0.0,1.0,0.0,MEDIUM
0.0003034167463230675,0.34614882506527417,0.0005540744024144607,0.003131483148706306,0.01295064753237662,0.941176470588232,1.0,0.0,0.0,0.0,0.0,1.0,1.0,0.0,0.0,0.0,0.0,0.0,1.0,0.0,MEDIUM
0.0008843951778790176,0.34738903394255877,0.0017632603041542543,0.010549183857204368,0.01295064753237662,0.970588235294116,1.0,0.0,0.0,0.0,0.0,1.0,1.0,0.0,0.0,0.0,0.0,0.0,1.0,0.0,MEDIUM
0.0008843951778790176,0.34738903394255877,0.0017632603041542543,0.010549183857204368,0.01295064753237662,0.970588235294116,1.0,0.0,0.0,0.0,0.0,1.0,1.0,0.0,0.0,0.0,0.0,0.0,1.0,0.0,MEDIUM
0.0005741344447967832,0.34738903394255877,0.001114667327210268,0.006673973460680315,0.01295064753237662,0.970588235294116,0.5,0.0,0.0,0.0,0.0,1.0,1.0,0.0,0.0,0.0,0.0,0.0,1.0,0.0,MEDIUM
0.0008843951778790176,0.34738903394255877,0.0017632603041542543,0.010549183857204368,0.01295064753237662,0.970588235294116,1.0,0.0,0.0,0.0,0.0,1.0,1.0,0.0,0.0,0.0,0.0,0.0,1.0,0.0,MEDIUM
0.0024372197292366754,0.5382506527415144,0.004921484397916681,0.028946647355853918,0.013950697534876743,0.735294117647058,1.0,1.0,0.0,0.0,0.0,0.0,1.0,0.0,0.0,0.0,0.0,0.0,1.0,0.0,MEDIUM
0.0008843951778790176,0.34738903394255877,0.0017632603041542543,0.010549183857204368,0.01295064753237662,0.970588235294116,1.0,0.0,0.0,0.0,0.0,1.0,1.0,0.0,0.0,0.0,0.0,0.0,1.0,0.0,MEDIUM
0.0008843951778790176,0.34738903394255877,0.0017632603041542543,0.010549183857204368,0.01295064753237662,0.970588235294116,1.0,0.0,0.0,0.0,0.0,1.0,1.0,0.0,0.0,0.0,0.0,0.0,1.0,0.0,MEDIUM
0.0009148128968086491,0.2807441253263708,0.001825186266777047,0.010921047481113243,0.014450722536126805,1.0,1.0,0.0,0.0,0.0,0.0,1.0,1.0,0.0,0.0,0.0,0.0,0.0,1.0,0.0,MEDIUM
0.0002775616852328817,0.34627937336814624,0.0005117040069357078,0.002740047755118018,0.01295064753237662,0.941176470588232,1.0,0.0,0.0,0.0,0.0,1.0,1.0,0.0,0.0,0.0,0.0,0.0,1.0,0.0,MEDIUM
0.0019109931917540603,0.5739556135770236,0.0038426689438038186,0.02301640114299135,0.007350367518375919,0.970588235294116,1.0,0.0,0.0,0.0,1.0,0.0,1.0,0.0,0.0,0.0,0.0,0.0,1.0,0.0,MEDIUM
0.0003087398471357536,0.34614882506527417,0.000567111447177154,0.003209770227423964,0.01295064753237662,0.941176470588232,1.0,0.0,0.0,0.0,0.0,1.0,1.0,0.0,0.0,0.0,0.0,0.0,1.0,0.0,MEDIUM
0.0009208964405945756,0.637467362924282,0.0018414825727304136,0.0109993345598309,0.01295064753237662,0.970588235294116,1.0,0.0,0.0,0.0,0.0,1.0,1.0,0.0,0.0,0.0,0.0,0.0,1.0,0.0,MEDIUM
0.0009148128968086491,0.28067885117493474,0.001825186266777047,0.010921047481113243,0.014450722536126805,1.0,1.0,0.0,0.0,0.0,0.0,1.0,1.0,0.0,0.0,0.0,0.0,0.0,1.0,0.0,MEDIUM
0.10283850548621583,0.0001305483028720627,0.11667829136491341,0.7002192038204095,0.2249612480624031,0.6764705882352899,1.0,0.0,0.0,1.0,0.0,0.0,1.0,0.0,0.0,0.0,0.0,1.0,0.0,0.0,LONG
0.0019239207222991536,0.5738903394255875,0.0038687430333292053,0.023172975300426665,0.007350367518375919,0.970588235294116,1.0,0.0,0.0,0.0,1.0,0.0,1.0,0.0,0.0,0.0,0.0,0.0,1.0,0.0,MEDIUM
0.0003543664255301997,0.34614882506527417,0.0006551114993253329,0.0038556386268446393,0.01295064753237662,0.941176470588232,1.0,0.0,0.0,0.0,0.0,1.0,1.0,0.0,0.0,0.0,0.0,0.0,1.0,0.0,MEDIUM
0.0012615748926064416,0.5639033942558748,0.0025389644675344993,0.015187693271225586,0.04295214760738037,0.852941176470587,1.0,0.0,0.0,0.0,0.0,1.0,1.0,0.0,0.0,0.0,0.0,0.0,1.0,0.0,LONG
0.0006015103918334506,0.6352480417754569,0.0011863710734050805,0.006928406466512702,0.00015000750037501875,0.941176470588232,0.5,0.0,0.0,0.0,0.0,1.0,0.0,1.0,0.0,0.0,0.0,0.0,1.0,0.0,SHORT
0.0012463660331416253,0.5672976501305483,0.0025357052063438262,0.014835401416996125,0.007350367518375919,1.0,1.0,0.0,0.0,0.0,1.0,0.0,1.0,0.0,0.0,0.0,0.0,0.0,1.0,0.0,MEDIUM
0.10282938017053693,0.0030026109660574417,0.11686406925278178,0.6990057541002858,0.04995249762488124,0.911764705882355,1.0,0.0,1.0,0.0,0.0,0.0,0.0,1.0,0.0,0.0,0.0,1.0,0.0,0.0,LONG
0.00028212434307232654,0.34614882506527417,0.0005117040069357078,0.0028574783731945045,0.01295064753237662,0.941176470588232,1.0,0.0,0.0,0.0,0.0,1.0,1.0,0.0,0.0,0.0,0.0,0.0,1.0,0.0,MEDIUM
0.0009148128968086491,0.2807441253263708,0.001825186266777047,0.010921047481113243,0.014450722536126805,1.0,1.0,0.0,0.0,0.0,0.0,1.0,1.0,0.0,0.0,0.0,0.0,0.0,1.0,0.0,MEDIUM
0.0008843951778790176,0.34738903394255877,0.0017632603041542543,0.010549183857204368,0.01295064753237662,0.970588235294116,1.0,0.0,0.0,0.0,0.0,1.0,1.0,0.0,0.0,0.0,0.0,0.0,1.0,0.0,MEDIUM
0.0008843951778790176,0.34738903394255877,0.0017632603041542543,0.010549183857204368,0.01295064753237662,0.941176470588232,1.0,0.0,0.0,0.0,0.0,1.0,1.0,0.0,0.0,0.0,0.0,0.0,1.0,0.0,MEDIUM
0.10283546371432285,0.0004569190600522194,0.11668806914848542,0.7001213449720124,0.23186159307965395,0.6764705882352899,1.0,0.0,0.0,0.0,1.0,0.0,1.0,0.0,0.0,0.0,0.0,1.0,0.0,0.0,LONG
0.00027223858442019643,0.3460835509138382,0.0004986669621730147,0.0026813324460797745,0.01295064753237662,0.941176470588232,1.0,0.0,0.0,0.0,0.0,1.0,1.0,0.0,0.0,0.0,0.0,0.0,1.0,0.0,MEDIUM
0.0019763912874527674,0.5736292428198434,0.003973039391430751,0.023799271930167926,0.007350367518375919,0.911764705882355,0.5,0.0,0.0,0.0,1.0,0.0,1.0,0.0,0.0,0.0,0.0,0.0,1.0,0.0,MEDIUM
0.0008843951778790176,0.34738903394255877,0.0017632603041542543,0.010549183857204368,0.01295064753237662,0.970588235294116,1.0,0.0,0.0,0.0,0.0,1.0,1.0,0.0,0.0,0.0,0.0,0.0,1.0,0.0,MEDIUM
0.0019763912874527674,0.5736292428198434,0.003973039391430751,0.023799271930167926,0.007350367518375919,0.911764705882355,1.0,0.0,0.0,0.0,1.0,0.0,1.0,0.0,0.0,0.0,0.0,0.0,1.0,0.0,MEDIUM
0.001970307743666841,0.5736292428198434,0.00396326160785873,0.02372098485145027,0.007350367518375919,1.0,1.0,0.0,0.0,0.0,1.0,0.0,1.0,0.0,0.0,0.0,0.0,0.0,1.0,0.0,MEDIUM
0.0008843951778790176,0.34738903394255877,0.0017632603041542543,0.010549183857204368,0.01295064753237662,0.970588235294116,1.0,0.0,0.0,0.0,0.0,1.0,1.0,0.0,0.0,0.0,0.0,0.0,1.0,0.0,MEDIUM
0.0019832352742119343,0.5736292428198434,0.003989335697384118,0.023877559008885586,0.007350367518375919,0.970588235294116,1.0,0.0,0.0,0.0,1.0,0.0,1.0,0.0,0.0,0.0,0.0,0.0,1.0,0.0,MEDIUM
0.0008958018224776302,0.34634464751958227,0.0017860751324889675,0.01068618624496027,0.01295064753237662,0.911764705882355,1.0,0.0,0.0,0.0,0.0,1.0,1.0,0.0,0.0,0.0,0.0,0.0,1.0,0.0,MEDIUM
0.0026151633849750156,0.339490861618799,0.005218077166267951,0.031295259717383644,0.022451122556127804,0.529411764705884,1.0,0.0,0.0,1.0,0.0,0.0,1.0,0.0,0.0,0.0,0.0,0.0,1.0,0.0,LONG
0.001053213517938469,0.6377284595300262,0.0021152605127469706,0.012623791443222296,0.004450222511125556,0.588235294117645,0.5,0.0,0.0,1.0,0.0,0.0,0.0,1.0,0.0,0.0,0.0,0.0,1.0,0.0,MEDIUM
0.001989318817997859,0.5734334203655352,0.004002372742146811,0.023936274317923827,0.007350367518375919,0.911764705882355,1.0,0.0,0.0,0.0,1.0,0.0,1.0,0.0,0.0,0.0,0.0,0.0,1.0,0.0,MEDIUM
0.0009148128968086491,0.28067885117493474,0.0018219270055863737,0.010940619250792658,0.014450722536126805,1.0,1.0,0.0,0.0,0.0,0.0,1.0,1.0,0.0,0.0,0.0,0.0,0.0,1.0,0.0,MEDIUM
0.0008843951778790176,0.34738903394255877,0.0017632603041542543,0.010529612087524955,0.01295064753237662,0.970588235294116,1.0,0.0,0.0,0.0,0.0,1.0,1.0,0.0,0.0,0.0,0.0,0.0,1.0,0.0,MEDIUM
0.0008843951778790176,0.34738903394255877,0.0017632603041542543,0.010549183857204368,0.01295064753237662,0.941176470588232,1.0,0.0,0.0,0.0,0.0,1.0,1.0,0.0,0.0,0.0,0.0,0.0,1.0,0.0,MEDIUM
0.0019239207222991536,0.5739556135770236,0.0038687430333292053,0.02319254707010608,0.007350367518375919,0.970588235294116,1.0,0.0,0.0,0.0,1.0,0.0,1.0,0.0,0.0,0.0,0.0,0.0,1.0,0.0,MEDIUM
0.10283394282837638,6.527415143603134e-05,0.11664895801419735,0.7003366344384859,0.31096554827741385,0.735294117647058,1.0,0.0,0.0,1.0,0.0,0.0,1.0,0.0,0.0,0.0,0.0,1.0,0.0,0.0,LONG
0.0008843951778790176,0.34738903394255877,0.0017632603041542543,0.010549183857204368,0.01295064753237662,0.970588235294116,1.0,0.0,0.0,0.0,0.0,1.0,1.0,0.0,0.0,0.0,0.0,0.0,1.0,0.0,MEDIUM
0.002301860879999817,0.3393603133159269,0.0046085953236120435,0.027654910557012566,0.03495174758737937,0.647058823529413,1.0,0.0,0.0,1.0,0.0,0.0,1.0,0.0,0.0,0.0,0.0,0.0,1.0,0.0,LONG
0.0009148128968086491,0.28067885117493474,0.0018284455279677203,0.010901475711433828,0.014450722536126805,1.0,1.0,0.0,0.0,0.0,0.0,1.0,1.0,0.0,0.0,0.0,0.0,0.0,1.0,0.0,MEDIUM
0.0002912496587512154,0.3462140992167102,0.000534518835270421,0.0029749089912709907,0.01295064753237662,0.911764705882355,1.0,0.0,0.0,0.0,0.0,1.0,1.0,0.0,0.0,0.0,0.0,0.0,1.0,0.0,MEDIUM
0.0024372197292366754,0.5384464751958224,0.004914965875535334,0.028985790895212745,0.013450672533626681,0.705882352941174,1.0,1.0,0.0,0.0,0.0,0.0,1.0,0.0,0.0,0.0,0.0,0.0,1.0,0.0,MEDIUM
0.0009353448570861497,0.4569190600522194,0.0018708159234464732,0.011155908717266216,0.014450722536126805,1.0,1.0,0.0,0.0,0.0,0.0,1.0,1.0,0.0,0.0,0.0,0.0,0.0,1.0,0.0,MEDIUM
0.0008958018224776302,0.34634464751958227,0.0017893343936796408,0.01068618624496027,0.01295064753237662,0.941176470588232,1.0,0.0,0.0,0.0,0.0,1.0,1.0,0.0,0.0,0.0,0.0,0.0,1.0,0.0,MEDIUM
0.0008958018224776302,0.34634464751958227,0.0017860751324889675,0.01068618624496027,0.01295064753237662,0.941176470588232,1.0,0.0,0.0,0.0,0.0,1.0,1.0,0.0,0.0,0.0,0.0,0.0,1.0,0.0,MEDIUM
0.05265231102421783,0.32206266318537863,0.08523293939729742,0.33365952949465694,0.03660183009150458,0.735294117647058,1.0,0.0,0.0,1.0,0.0,0.0,0.0,0.0,1.0,0.0,1.0,0.0,0.0,0.0,LONG
0.0008843951778790176,0.34738903394255877,0.0017632603041542543,0.010549183857204368,0.01295064753237662,0.970588235294116,1.0,0.0,0.0,0.0,0.0,1.0,1.0,0.0,0.0,0.0,0.0,0.0,1.0,0.0,MEDIUM
0.0008843951778790176,0.34738903394255877,0.0017632603041542543,0.010549183857204368,0.01295064753237662,0.970588235294116,1.0,0.0,0.0,0.0,0.0,1.0,1.0,0.0,0.0,0.0,0.0,0.0,1.0,0.0,MEDIUM
0.0008958018224776302,0.34634464751958227,0.0017860751324889675,0.01068618624496027,0.01295064753237662,0.941176470588232,1.0,0.0,0.0,0.0,0.0,1.0,1.0,0.0,0.0,0.0,0.0,0.0,1.0,0.0,MEDIUM
0.0002707176984737148,0.34614882506527417,0.00047911139502897486,0.002759619524797432,0.01295064753237662,0.941176470588232,1.0,0.0,0.0,0.0,0.0,1.0,1.0,0.0,0.0,0.0,0.0,0.0,1.0,0.0,MEDIUM
0.0008958018224776302,0.34627937336814624,0.0017860751324889675,0.01068618624496027,0.01295064753237662,0.941176470588232,1.0,0.0,0.0,0.0,0.0,1.0,1.0,0.0,0.0,0.0,0.0,0.0,1.0,0.0,MEDIUM
0.0009353448570861497,0.4569190600522194,0.0018675566622558,0.01117548048694563,0.01295064753237662,0.941176470588232,1.0,0.0,0.0,0.0,0.0,1.0,1.0,0.0,0.0,0.0,0.0,0.0,1.0,0.0,MEDIUM
0.00037717971472742227,0.34614882506527417,0.0007170374619481256,0.004051356323638783,0.01295064753237662,0.911764705882355,1.0,0.0,0.0,0.0,0.0,1.0,1.0,0.0,0.0,0.0,0.0,0.0,1.0,0.0,MEDIUM
0.0008958018224776302,0.34634464751958227,0.0017860751324889675,0.01068618624496027,0.01295064753237662,0.941176470588232,1.0,0.0,0.0,0.0,0.0,1.0,1.0,0.0,0.0,0.0,0.0,0.0,1.0,0.0,MEDIUM
0.0019178371785132271,0.5739556135770236,0.003858965249757185,0.023094688221709007,0.007350367518375919,0.941176470588232,1.0,0.0,0.0,0.0,1.0,0.0,1.0,0.0,0.0,0.0,0.0,0.0,1.0,0.0,MEDIUM
0.00042812939393455443,0.63733681462141,0.0008148152976683245,0.0047755118017771166,0.01295064753237662,0.941176470588232,1.0,0.0,0.0,0.0,0.0,1.0,1.0,0.0,0.0,0.0,0.0,0.0,1.0,0.0,MEDIUM
0.0003718566139147379,0.6368798955613577,0.0007170374619481256,0.003933925705562297,5.000250012500625e-05,0.941176470588232,0.0,0.0,0.0,1.0,0.0,0.0,1.0,0.0,0.0,0.0,0.0,0.0,1.0,0.0,SHORT
0.001147508446620326,0.1566579634464752,0.002327112490140735,0.01366109523623126,0.006850342517125857,0.882352941176471,1.0,0.0,0.0,0.0,0.0,1.0,0.0,0.0,0.0,1.0,0.0,0.0,1.0,0.0,LONG
0.0008843951778790176,0.34738903394255877,0.0017632603041542543,0.010549183857204368,0.01295064753237662,0.970588235294116,1.0,0.0,0.0,0.0,0.0,1.0,1.0,0.0,0.0,0.0,0.0,0.0,1.0,0.0,MEDIUM
0.048225772476983286,0.36122715404699746,0.06722226205763678,0.3863467334716405,0.11080554027701385,0.44117647058823195,1.0,0.0,0.0,0.0,0.0,1.0,0.0,0.0,1.0,0.0,0.0,0.0,0.0,1.0,LONG
0.0009353448570861497,0.4569190600522194,0.0018708159234464732,0.011155908717266216,0.014450722536126805,1.0,1.0,0.0,0.0,0.0,0.0,1.0,1.0,0.0,0.0,0.0,0.0,0.0,1.0,0.0,MEDIUM
0.04822653291995653,0.35959530026109665,0.06602285393946901,0.39354914471366503,0.08145407270363518,0.735294117647058,1.0,0.0,0.0,0.0,0.0,1.0,0.0,0.0,1.0,0.0,0.0,0.0,0.0,1.0,LONG
0.0009353448570861497,0.4569190600522194,0.0018708159234464732,0.011155908717266216,0.014450722536126805,1.0,1.0,0.0,0.0,0.0,0.0,1.0,1.0,0.0,0.0,0.0,0.0,0.0,1.0,0.0,MEDIUM
0.0008958018224776302,0.34627937336814624,0.0017893343936796408,0.01068618624496027,0.01295064753237662,0.941176470588232,1.0,0.0,0.0,0.0,0.0,1.0,1.0,0.0,0.0,0.0,0.0,0.0,1.0,0.0,MEDIUM
0.10283242194242989,0.0003263707571801567,0.11666525432015071,0.7002387755900888,0.30031501575078756,0.6764705882352899,1.0,0.0,0.0,1.0,0.0,0.0,1.0,0.0,0.0,0.0,0.0,1.0,0.0,0.0,LONG
0.0019763912874527674,0.5736292428198434,0.003973039391430751,0.023799271930167926,0.007350367518375919,0.911764705882355,0.5,0.0,0.0,0.0,1.0,0.0,1.0,0.0,0.0,0.0,0.0,0.0,1.0,0.0,MEDIUM
0.0008958018224776302,0.34627937336814624,0.0017893343936796408,0.01068618624496027,0.01295064753237662,0.941176470588232,1.0,0.0,0.0,0.0,0.0,1.0,1.0,0.0,0.0,0.0,0.0,0.0,1.0,0.0,MEDIUM
0.0012615748926064416,0.5639033942558748,0.0025389644675344993,0.015187693271225586,0.04295214760738037,0.823529411764703,1.0,0.0,0.0,0.0,0.0,1.0,1.0,0.0,0.0,0.0,0.0,0.0,1.0,0.0,LONG
0.000295051873617419,0.6344647519582246,0.0005540744024144607,0.0029553372215915764,0.00015000750037501875,0.823529411764703,0.0,0.0,0.0,0.0,0.0,1.0,0.0,1.0,0.0,0.0,0.0,0.0,1.0,0.0,SHORT
0.001963463756907674,0.5737597911227155,0.003946965301905365,0.02364269777273261,0.007350367518375919,0.941176470588232,1.0,0.0,0.0,0.0,1.0,0.0,1.0,0.0,0.0,0.0,0.0,0.0,1.0,0.0,MEDIUM
0.0011125280698512496,0.6404699738903396,0.0022325939156112094,0.013367518691040045,0.05295264763238162,0.794117647058826,1.0,0.0,0.0,1.0,0.0,0.0,0.0,1.0,0.0,0.0,0.0,0.0,1.0,0.0,MEDIUM
0.0007338274691773448,0.34719321148825066,0.0014666675358029843,0.008572435119583513,0.01295064753237662,0.970588235294116,1.0,0.0,0.0,0.0,0.0,1.0,1.0,0.0,0.0,0.0,0.0,0.0,1.0,0.0,MEDIUM
0.0019505362263625807,0.5738250652741514,0.003924150473570651,0.023466551845617883,0.007350367518375919,0.941176470588232,1.0,0.0,0.0,0.0,1.0,0.0,1.0,0.0,0.0,0.0,0.0,0.0,1.0,0.0,MEDIUM
0.23818822940739437,0.9362924281984335,0.40869179774328757,0.12126668493365171,0.059952997649882496,0.32352941176470296,1.0,0.0,0.0,1.0,0.0,0.0,0.0,0.0,0.0,1.0,1.0,0.0,0.0,0.0,MEDIUM
0.0008843951778790176,0.34738903394255877,0.0017632603041542543,0.010549183857204368,0.01295064753237662,0.970588235294116,1.0,0.0,0.0,0.0,0.0,1.0,1.0,0.0,0.0,0.0,0.0,0.0,1.0,0.0,MEDIUM
0.000321667377680847,0.34706266318537865,0.0005964447978932136,0.0033663443848592793,0.01295064753237662,0.970588235294116,1.0,0.0,0.0,0.0,0.0,1.0,1.0,0.0,0.0,0.0,0.0,0.0,1.0,0.0,MEDIUM
0.0009148128968086491,0.2807441253263708,0.001825186266777047,0.010921047481113243,0.014450722536126805,1.0,1.0,0.0,0.0,0.0,0.0,1.0,1.0,0.0,0.0,0.0,0.0,0.0,1.0,0.0,MEDIUM
0.0008843951778790176,0.34738903394255877,0.0017632603041542543,0.010549183857204368,0.01295064753237662,0.970588235294116,1.0,0.0,0.0,0.0,0.0,1.0,1.0,0.0,0.0,0.0,0.0,0.0,1.0,0.0,MEDIUM
0.0008843951778790176,0.34738903394255877,0.0017632603041542543,0.010549183857204368,0.01295064753237662,0.970588235294116,1.0,0.0,0.0,0.0,0.0,1.0,1.0,0.0,0.0,0.0,0.0,0.0,1.0,0.0,MEDIUM
